schema_version,record_id,source_event_id,symbol,timestamp,received_at,open,high,low,close,volume,currency,interval,regime,source,is_synthetic
1.0.0,d5083fbe-b452-582c-afd1-1ec9195b356b,synthetic:1.0.0:QTECH:2023-01-02,QTECH,2023-01-02T21:00:00Z,2023-01-02T21:02:00Z,99.982716,100.316582,99.338794,99.671621,2848804,USD,1d,normal,quantops_deterministic_synthetic_generator,True
1.0.0,cfdd7fea-18c7-5e75-9ee4-8e405f064db2,synthetic:1.0.0:QGOLD:2023-01-02,QGOLD,2023-01-02T21:00:00Z,2023-01-02T21:02:00Z,179.964636,180.618085,178.789982,179.441532,1544159,USD,1d,normal,quantops_deterministic_synthetic_generator,True
1.0.0,eb5666a1-58a8-5ca8-839a-d1476347debc,synthetic:1.0.0:QWTI:2023-01-02,QWTI,2023-01-02T21:00:00Z,2023-01-02T21:02:00Z,74.907865,75.915008,74.593535,75.597783,2409754,USD,1d,normal,quantops_deterministic_synthetic_generator,True
1.0.0,18679c38-1f8c-55a5-8c7e-99f738691a2c,synthetic:1.0.0:QCASH:2023-01-02,QCASH,2023-01-02T21:00:00Z,2023-01-02T21:02:00Z,99.999259,100.043270,99.962002,100.006011,913618,USD,1d,normal,quantops_deterministic_synthetic_generator,True
1.0.0,2ac47eda-b713-5cab-9e4b-61220feae2df,synthetic:1.0.0:QTECH:2023-01-03,QTECH,2023-01-03T21:00:00Z,2023-01-03T21:02:00Z,99.697737,101.550639,99.254794,101.101459,4683283,USD,1d,normal,quantops_deterministic_synthetic_generator,True
1.0.0,6864076b-3d4c-5d5e-8fdd-aabf8210ca01,synthetic:1.0.0:QGOLD:2023-01-03,QGOLD,2023-01-03T21:00:00Z,2023-01-03T21:02:00Z,179.509714,180.018439,176.702138,177.204330,2728038,USD,1d,normal,quantops_deterministic_synthetic_generator,True
1.0.0,a39a8a7a-79c2-5eb8-b3b1-184207f7a72f,synthetic:1.0.0:QWTI:2023-01-03,QWTI,2023-01-03T21:00:00Z,2023-01-03T21:02:00Z,75.756819,76.713355,75.281041,76.234576,2552430,USD,1d,normal,quantops_deterministic_synthetic_generator,True
1.0.0,02e2b6ea-87e7-5210-92f3-a5d50e9403df,synthetic:1.0.0:QCASH:2023-01-03,QCASH,2023-01-03T21:00:00Z,2023-01-03T21:02:00Z,100.006889,100.051418,99.966267,100.010794,721959,USD,1d,normal,quantops_deterministic_synthetic_generator,True
1.0.0,7993510b-e614-5b42-956b-e0282e3582e8,synthetic:1.0.0:QTECH:2023-01-04,QTECH,2023-01-04T21:00:00Z,2023-01-04T21:02:00Z,101.263765,102.334097,101.034987,102.103422,3932292,USD,1d,normal,quantops_deterministic_synthetic_generator,True
1.0.0,93449d7b-06d9-5253-916d-b19b33a2f4f6,synthetic:1.0.0:QGOLD:2023-01-04,QGOLD,2023-01-04T21:00:00Z,2023-01-04T21:02:00Z,177.313529,177.716540,176.497093,176.899162,1138508,USD,1d,normal,quantops_deterministic_synthetic_generator,True
1.0.0,b1c01214-31d6-587d-a0d0-1d4f9b021aba,synthetic:1.0.0:QWTI:2023-01-04,QWTI,2023-01-04T21:00:00Z,2023-01-04T21:02:00Z,76.388178,77.419000,76.148168,77.176514,2286662,USD,1d,normal,quantops_deterministic_synthetic_generator,True
1.0.0,3b3ceb11-5da3-501a-ae45-f0bb90c289b8,synthetic:1.0.0:QCASH:2023-01-04,QCASH,2023-01-04T21:00:00Z,2023-01-04T21:02:00Z,100.010090,100.053688,99.973230,100.016826,860746,USD,1d,normal,quantops_deterministic_synthetic_generator,True
1.0.0,6390c813-ea81-570d-94f3-89020b5031b4,synthetic:1.0.0:QTECH:2023-01-05,QTECH,2023-01-05T21:00:00Z,2023-01-05T21:02:00Z,102.164453,102.548875,100.848152,101.229054,3953031,USD,1d,normal,quantops_deterministic_synthetic_generator,True
1.0.0,98df19b9-a121-5c9a-bd52-bd9c423850f2,synthetic:1.0.0:QGOLD:2023-01-05,QGOLD,2023-01-05T21:00:00Z,2023-01-05T21:02:00Z,176.831858,177.964007,176.358720,177.489111,1311498,USD,1d,normal,quantops_deterministic_synthetic_generator,True
1.0.0,549ffc0a-98c0-598b-8c41-83fd9452958e,synthetic:1.0.0:QWTI:2023-01-05,QWTI,2023-01-05T21:00:00Z,2023-01-05T21:02:00Z,77.128694,77.485623,76.829130,77.185836,1435366,USD,1d,normal,quantops_deterministic_synthetic_generator,True
1.0.0,59ead56b-05fe-5214-bdbd-2a6c0b903f0a,synthetic:1.0.0:QCASH:2023-01-05,QCASH,2023-01-05T21:00:00Z,2023-01-05T21:02:00Z,100.017293,100.057043,99.979429,100.019179,565900,USD,1d,normal,quantops_deterministic_synthetic_generator,True
1.0.0,69914074-a614-5e42-a121-271396b324ee,synthetic:1.0.0:QTECH:2023-01-06,QTECH,2023-01-06T21:00:00Z,2023-01-06T21:02:00Z,101.240162,102.054829,100.960856,101.774050,2923615,USD,1d,normal,quantops_deterministic_synthetic_generator,True
1.0.0,f9188a77-24b8-5997-a45c-6a2b70d5636e,synthetic:1.0.0:QGOLD:2023-01-06,QGOLD,2023-01-06T21:00:00Z,2023-01-06T21:02:00Z,177.593043,178.118953,177.108674,177.634471,1064049,USD,1d,normal,quantops_deterministic_synthetic_generator,True
1.0.0,ed7ec28f-377e-5100-afe9-e8158c759921,synthetic:1.0.0:QWTI:2023-01-06,QWTI,2023-01-06T21:00:00Z,2023-01-06T21:02:00Z,77.065027,77.325734,73.976852,74.227961,5213006,USD,1d,normal,quantops_deterministic_synthetic_generator,True
1.0.0,acd1f97e-4407-5829-9c8f-83fecaef0b6c,synthetic:1.0.0:QCASH:2023-01-06,QCASH,2023-01-06T21:00:00Z,2023-01-06T21:02:00Z,100.020520,100.059638,99.983102,100.022220,612997,USD,1d,normal,quantops_deterministic_synthetic_generator,True
1.0.0,e9f63b91-f854-5f01-aec8-4b1c63e1a932,synthetic:1.0.0:QTECH:2023-01-09,QTECH,2023-01-09T21:00:00Z,2023-01-09T21:02:00Z,101.925504,102.158396,100.202236,100.431716,4149787,USD,1d,normal,quantops_deterministic_synthetic_generator,True
1.0.0,855e7cf6-7d72-52d2-92ac-2cb10859799f,synthetic:1.0.0:QGOLD:2023-01-09,QGOLD,2023-01-09T21:00:00Z,2023-01-09T21:02:00Z,177.786842,178.299715,175.779612,176.288162,2310979,USD,1d,normal,quantops_deterministic_synthetic_generator,True
1.0.0,b9c5893b-2c67-51ef-a47d-338a937e9e81,synthetic:1.0.0:QWTI:2023-01-09,QWTI,2023-01-09T21:00:00Z,2023-01-09T21:02:00Z,74.163761,74.674913,73.711533,74.222327,1234468,USD,1d,normal,quantops_deterministic_synthetic_generator,True
1.0.0,1bb77366-1d8a-5f81-acba-d5da14e15055,synthetic:1.0.0:QCASH:2023-01-09,QCASH,2023-01-09T21:00:00Z,2023-01-09T21:02:00Z,100.023196,100.062446,99.986180,100.025429,659376,USD,1d,normal,quantops_deterministic_synthetic_generator,True
1.0.0,9f9d2eee-dda7-57c0-a493-4eeec57297bc,synthetic:1.0.0:QTECH:2023-01-10,QTECH,2023-01-10T21:00:00Z,2023-01-10T21:02:00Z,100.444752,100.836046,99.324009,99.712451,3637687,USD,1d,normal,quantops_deterministic_synthetic_generator,True
1.0.0,3062ee48-8a6a-5453-af4b-7698c34dd792,synthetic:1.0.0:QGOLD:2023-01-10,QGOLD,2023-01-10T21:00:00Z,2023-01-10T21:02:00Z,176.148730,176.683339,175.025072,175.557887,1743365,USD,1d,normal,quantops_deterministic_synthetic_generator,True
1.0.0,741f6099-e85a-5f7f-ba2c-12b8104aad6c,synthetic:1.0.0:QWTI:2023-01-10,QWTI,2023-01-10T21:00:00Z,2023-01-10T21:02:00Z,74.262237,74.545165,73.894451,74.177054,1299382,USD,1d,normal,quantops_deterministic_synthetic_generator,True
1.0.0,8470a729-6dad-563d-b896-05716260c4b6,synthetic:1.0.0:QCASH:2023-01-10,QCASH,2023-01-10T21:00:00Z,2023-01-10T21:02:00Z,100.025840,100.066746,99.988338,100.029242,810709,USD,1d,normal,quantops_deterministic_synthetic_generator,True
1.0.0,ea276523-a3b1-5c8a-9d4a-60a58b811e9e,synthetic:1.0.0:QTECH:2023-01-11,QTECH,2023-01-11T21:00:00Z,2023-01-11T21:02:00Z,99.768026,100.027148,98.906936,99.164490,2902145,USD,1d,normal,quantops_deterministic_synthetic_generator,True
1.0.0,8f61b65f-36e7-5f2a-86d0-1dbffdfbc8dd,synthetic:1.0.0:QGOLD:2023-01-11,QGOLD,2023-01-11T21:00:00Z,2023-01-11T21:02:00Z,175.573047,176.833723,175.103164,176.361730,1661167,USD,1d,normal,quantops_deterministic_synthetic_generator,True
1.0.0,bada772f-61be-57be-bb83-65995c93d125,synthetic:1.0.0:QWTI:2023-01-11,QWTI,2023-01-11T21:00:00Z,2023-01-11T21:02:00Z,74.245537,74.730616,73.328979,73.811220,1764256,USD,1d,normal,quantops_deterministic_synthetic_generator,True
1.0.0,4e3b0ecd-d289-54f5-866e-6c99e8abfd4f,synthetic:1.0.0:QCASH:2023-01-11,QCASH,2023-01-11T21:00:00Z,2023-01-11T21:02:00Z,100.027592,100.071180,99.990136,100.033721,697918,USD,1d,normal,quantops_deterministic_synthetic_generator,True
1.0.0,d70fd81c-a692-5c41-b8ed-9671b08b7fd3,synthetic:1.0.0:QTECH:2023-01-12,QTECH,2023-01-12T21:00:00Z,2023-01-12T21:02:00Z,99.304753,100.292995,98.853135,99.838947,3225621,USD,1d,normal,quantops_deterministic_synthetic_generator,True
1.0.0,48519c06-c5a8-57b7-887f-5e5aa67a255d,synthetic:1.0.0:QGOLD:2023-01-12,QGOLD,2023-01-12T21:00:00Z,2023-01-12T21:02:00Z,176.237985,176.703777,175.108084,175.572116,1602189,USD,1d,normal,quantops_deterministic_synthetic_generator,True
1.0.0,8f22eb18-82de-585c-9815-15fc0fbe424f,synthetic:1.0.0:QWTI:2023-01-12,QWTI,2023-01-12T21:00:00Z,2023-01-12T21:02:00Z,73.788031,75.475489,73.402043,75.082728,3300427,USD,1d,normal,quantops_deterministic_synthetic_generator,True
1.0.0,cde77919-905d-5ba2-90dd-642e5147041b,synthetic:1.0.0:QCASH:2023-01-12,QCASH,2023-01-12T21:00:00Z,2023-01-12T21:02:00Z,100.032539,100.074244,99.995329,100.037032,725924,USD,1d,normal,quantops_deterministic_synthetic_generator,True
1.0.0,b4dcb160-a4a8-50dc-93f4-82b00c652b64,synthetic:1.0.0:QTECH:2023-01-13,QTECH,2023-01-13T21:00:00Z,2023-01-13T21:02:00Z,99.938542,100.289086,98.234027,98.579806,4345859,USD,1d,normal,quantops_deterministic_synthetic_generator,True
1.0.0,4089d6a0-c620-556c-9b66-02874f04bfc1,synthetic:1.0.0:QGOLD:2023-01-13,QGOLD,2023-01-13T21:00:00Z,2023-01-13T21:02:00Z,175.463033,176.076814,174.980879,175.594299,926942,USD,1d,normal,quantops_deterministic_synthetic_generator,True
1.0.0,03eade67-b61a-5ffc-a049-344fe00b630b,synthetic:1.0.0:QWTI:2023-01-13,QWTI,2023-01-13T21:00:00Z,2023-01-13T21:02:00Z,75.043137,76.107930,74.801416,75.863567,2267520,USD,1d,normal,quantops_deterministic_synthetic_generator,True
1.0.0,54f68251-763b-5a99-b0c2-fd3739b6a64f,synthetic:1.0.0:QCASH:2023-01-13,QCASH,2023-01-13T21:00:00Z,2023-01-13T21:02:00Z,100.039525,100.080262,100.002454,100.043190,1004119,USD,1d,normal,quantops_deterministic_synthetic_generator,True
1.0.0,d6d521ea-7bc4-5898-a813-5a0ed5e79ada,synthetic:1.0.0:QTECH:2023-01-16,QTECH,2023-01-16T21:00:00Z,2023-01-16T21:02:00Z,98.635428,100.967005,98.279841,100.604321,5945207,USD,1d,normal,quantops_deterministic_synthetic_generator,True
1.0.0,77de59ab-13a1-55d1-ab72-fdc11e6dda66,synthetic:1.0.0:QGOLD:2023-01-16,QGOLD,2023-01-16T21:00:00Z,2023-01-16T21:02:00Z,175.652039,176.274820,174.909876,175.532232,1025312,USD,1d,normal,quantops_deterministic_synthetic_generator,True
1.0.0,2ac12ea9-3475-571a-b8a8-c4e5467d672e,synthetic:1.0.0:QWTI:2023-01-16,QWTI,2023-01-16T21:00:00Z,2023-01-16T21:02:00Z,76.050430,76.341205,75.217370,75.506064,1729735,USD,1d,normal,quantops_deterministic_synthetic_generator,True
1.0.0,7472bb2d-c033-55d6-9f93-97b180344eb9,synthetic:1.0.0:QCASH:2023-01-16,QCASH,2023-01-16T21:00:00Z,2023-01-16T21:02:00Z,100.042172,100.086793,100.004674,100.049293,814812,USD,1d,normal,quantops_deterministic_synthetic_generator,True
1.0.0,64409916-7409-5e36-8bdf-53d87d6e51d3,synthetic:1.0.0:QTECH:2023-01-17,QTECH,2023-01-17T21:00:00Z,2023-01-17T21:02:00Z,100.613656,101.393797,100.217508,100.996143,2830909,USD,1d,normal,quantops_deterministic_synthetic_generator,True
1.0.0,50607ec6-7473-50ef-ac9b-0a4f48537a08,synthetic:1.0.0:QGOLD:2023-01-17,QGOLD,2023-01-17T21:00:00Z,2023-01-17T21:02:00Z,175.611148,176.022907,174.117129,174.526345,1771998,USD,1d,normal,quantops_deterministic_synthetic_generator,True
1.0.0,996d8213-c8cd-5757-b957-29887280ea4c,synthetic:1.0.0:QWTI:2023-01-17,QWTI,2023-01-17T21:00:00Z,2023-01-17T21:02:00Z,75.445218,75.927324,74.782723,75.263669,1524225,USD,1d,normal,quantops_deterministic_synthetic_generator,True
1.0.0,efeffd98-a898-5cb2-a15a-14bd318fac7e,synthetic:1.0.0:QCASH:2023-01-17,QCASH,2023-01-17T21:00:00Z,2023-01-17T21:02:00Z,100.051540,100.091049,100.014385,100.053893,725645,USD,1d,normal,quantops_deterministic_synthetic_generator,True
1.0.0,895daef4-6bfe-5596-a115-fc749e59bd2f,synthetic:1.0.0:QTECH:2023-01-18,QTECH,2023-01-18T21:00:00Z,2023-01-18T21:02:00Z,101.030358,103.063079,100.590185,102.615998,5425384,USD,1d,normal,quantops_deterministic_synthetic_generator,True
1.0.0,922e5145-6d7e-5f6e-bb1b-17daf7edc62e,synthetic:1.0.0:QGOLD:2023-01-18,QGOLD,2023-01-18T21:00:00Z,2023-01-18T21:02:00Z,174.511734,174.927402,172.534666,172.946606,2018039,USD,1d,normal,quantops_deterministic_synthetic_generator,True
1.0.0,5ac7d312-d0db-5ea7-b22a-1e3c6bbd42e9,synthetic:1.0.0:QWTI:2023-01-18,QWTI,2023-01-18T21:00:00Z,2023-01-18T21:02:00Z,75.395318,77.189614,75.141513,76.930641,3507410,USD,1d,normal,quantops_deterministic_synthetic_generator,True
1.0.0,b0696960-69a2-51f6-a083-b7ee03d0c6b2,synthetic:1.0.0:QCASH:2023-01-18,QCASH,2023-01-18T21:00:00Z,2023-01-18T21:02:00Z,100.053349,100.099623,100.014952,100.061224,1040618,USD,1d,normal,quantops_deterministic_synthetic_generator,True
1.0.0,d22bec0e-b127-5430-9340-55400273a8fb,synthetic:1.0.0:QTECH:2023-01-19,QTECH,2023-01-19T21:00:00Z,2023-01-19T21:02:00Z,102.579802,103.928380,102.241270,103.586526,3940217,USD,1d,normal,quantops_deterministic_synthetic_generator,True
1.0.0,a4d0863b-45a5-5c3a-b97d-e4c8a9d27028,synthetic:1.0.0:QGOLD:2023-01-19,QGOLD,2023-01-19T21:00:00Z,2023-01-19T21:02:00Z,172.635357,174.098596,171.929950,173.390104,1218100,USD,1d,normal,quantops_deterministic_synthetic_generator,True
1.0.0,97763321-044e-5340-84bb-147dd96b77bf,synthetic:1.0.0:QWTI:2023-01-19,QWTI,2023-01-19T21:00:00Z,2023-01-19T21:02:00Z,76.786382,77.334779,76.517393,77.064815,1529246,USD,1d,normal,quantops_deterministic_synthetic_generator,True
1.0.0,4095b156-c5fb-571a-9f56-b285e1e88485,synthetic:1.0.0:QCASH:2023-01-19,QCASH,2023-01-19T21:00:00Z,2023-01-19T21:02:00Z,100.059950,100.102775,100.022644,100.065467,729634,USD,1d,normal,quantops_deterministic_synthetic_generator,True
1.0.0,b9ae240d-dc82-52bc-b80e-0049f00f8cc8,synthetic:1.0.0:QTECH:2023-01-20,QTECH,2023-01-20T21:00:00Z,2023-01-20T21:02:00Z,103.759823,104.048178,101.168928,101.450866,5508725,USD,1d,normal,quantops_deterministic_synthetic_generator,True
1.0.0,1b991ed5-9c75-556e-9520-071d970caecc,synthetic:1.0.0:QGOLD:2023-01-20,QGOLD,2023-01-20T21:00:00Z,2023-01-20T21:02:00Z,173.463031,173.838280,172.674751,173.049105,1123763,USD,1d,normal,quantops_deterministic_synthetic_generator,True
1.0.0,872adcd5-edb2-5fda-85f3-79e204172b25,synthetic:1.0.0:QWTI:2023-01-20,QWTI,2023-01-20T21:00:00Z,2023-01-20T21:02:00Z,76.898087,77.518051,76.419568,77.038657,1233680,USD,1d,normal,quantops_deterministic_synthetic_generator,True
1.0.0,dc2b840d-4833-5ac2-ae0b-c4741b5a5638,synthetic:1.0.0:QCASH:2023-01-20,QCASH,2023-01-20T21:00:00Z,2023-01-20T21:02:00Z,100.064522,100.107105,100.025587,100.068168,717622,USD,1d,normal,quantops_deterministic_synthetic_generator,True
1.0.0,a3f5be2f-2c6b-59b7-8bb4-3f6eb91d041b,synthetic:1.0.0:QTECH:2023-01-23,QTECH,2023-01-23T21:00:00Z,2023-01-23T21:02:00Z,101.628155,102.524703,101.330594,102.225392,3307190,USD,1d,normal,quantops_deterministic_synthetic_generator,True
1.0.0,8fc407b1-2800-58d0-8e29-78aea29b551c,synthetic:1.0.0:QGOLD:2023-01-23,QGOLD,2023-01-23T21:00:00Z,2023-01-23T21:02:00Z,172.969144,173.405834,171.386853,171.820643,1893752,USD,1d,normal,quantops_deterministic_synthetic_generator,True
1.0.0,49c54a0a-74b3-5a45-85f0-03fe7c7ce84b,synthetic:1.0.0:QWTI:2023-01-23,QWTI,2023-01-23T21:00:00Z,2023-01-23T21:02:00Z,77.038890,77.548300,75.602970,76.106213,2548473,USD,1d,normal,quantops_deterministic_synthetic_generator,True
1.0.0,8e2801b3-fd2a-5249-849f-b19b3cf2ca5e,synthetic:1.0.0:QCASH:2023-01-23,QCASH,2023-01-23T21:00:00Z,2023-01-23T21:02:00Z,100.067338,100.109703,100.030412,100.072776,723845,USD,1d,normal,quantops_deterministic_synthetic_generator,True
1.0.0,1625401a-99e4-5b6c-8e27-aacc9c4598f1,synthetic:1.0.0:QTECH:2023-01-24,QTECH,2023-01-24T21:00:00Z,2023-01-24T21:02:00Z,102.453086,102.852876,100.527232,100.921043,4845054,USD,1d,normal,quantops_deterministic_synthetic_generator,True
1.0.0,64c1bce6-108a-5316-874f-8dd174d0ed83,synthetic:1.0.0:QGOLD:2023-01-24,QGOLD,2023-01-24T21:00:00Z,2023-01-24T21:02:00Z,171.943010,172.382727,171.338407,171.777702,960018,USD,1d,normal,quantops_deterministic_synthetic_generator,True
1.0.0,cbef437b-29ab-5ce6-aa49-35861d273633,synthetic:1.0.0:QWTI:2023-01-24,QWTI,2023-01-24T21:00:00Z,2023-01-24T21:02:00Z,76.125984,76.413549,74.699423,74.982669,2743597,USD,1d,normal,quantops_deterministic_synthetic_generator,True
1.0.0,149d27bb-d853-5b25-a7d4-0cbb33b02b9b,synthetic:1.0.0:QCASH:2023-01-24,QCASH,2023-01-24T21:00:00Z,2023-01-24T21:02:00Z,100.072019,100.113507,100.034498,100.075985,672428,USD,1d,normal,quantops_deterministic_synthetic_generator,True
1.0.0,b1b17386-6126-5695-a1f5-392c8c4401e6,synthetic:1.0.0:QTECH:2023-01-25,QTECH,2023-01-25T21:00:00Z,2023-01-25T21:02:00Z,100.846666,102.324986,100.409448,101.883273,3852480,USD,1d,normal,quantops_deterministic_synthetic_generator,True
1.0.0,9d2ebd13-e7ea-5996-894b-e730612d52fd,synthetic:1.0.0:QGOLD:2023-01-25,QGOLD,2023-01-25T21:00:00Z,2023-01-25T21:02:00Z,171.718952,172.098457,171.002278,171.381035,1252974,USD,1d,normal,quantops_deterministic_synthetic_generator,True
1.0.0,7e808ff0-3d57-577b-95c9-40be711e0c56,synthetic:1.0.0:QWTI:2023-01-25,QWTI,2023-01-25T21:00:00Z,2023-01-25T21:02:00Z,75.031573,75.598630,74.741371,75.307361,1699737,USD,1d,normal,quantops_deterministic_synthetic_generator,True
1.0.0,b4520c3e-fda1-50f7-9aaa-8d75eec29df6,synthetic:1.0.0:QCASH:2023-01-25,QCASH,2023-01-25T21:00:00Z,2023-01-25T21:02:00Z,100.075156,100.117956,100.037967,100.080765,768964,USD,1d,normal,quantops_deterministic_synthetic_generator,True
1.0.0,40bd401f-ba85-5b38-9d33-2dfdc30596b4,synthetic:1.0.0:QTECH:2023-01-26,QTECH,2023-01-26T21:00:00Z,2023-01-26T21:02:00Z,101.919744,102.328253,101.539917,101.948319,1881452,USD,1d,normal,quantops_deterministic_synthetic_generator,True
1.0.0,48584523-64d3-5005-8247-0a3497a3f058,synthetic:1.0.0:QGOLD:2023-01-26,QGOLD,2023-01-26T21:00:00Z,2023-01-26T21:02:00Z,171.649172,172.232385,169.894702,170.473922,1789601,USD,1d,normal,quantops_deterministic_synthetic_generator,True
1.0.0,4f5a591e-d35c-50dc-b9b0-371cdba48ace,synthetic:1.0.0:QWTI:2023-01-26,QWTI,2023-01-26T21:00:00Z,2023-01-26T21:02:00Z,75.399974,76.300646,75.072202,75.970394,2309380,USD,1d,normal,quantops_deterministic_synthetic_generator,True
1.0.0,8f6d3eb2-b76b-5306-8421-a8d87e127a58,synthetic:1.0.0:QCASH:2023-01-26,QCASH,2023-01-26T21:00:00Z,2023-01-26T21:02:00Z,100.079609,100.124642,100.040416,100.085446,711748,USD,1d,normal,quantops_deterministic_synthetic_generator,True
1.0.0,9c4e8887-abfb-5fde-935c-b09f95b5e2f5,synthetic:1.0.0:QTECH:2023-01-27,QTECH,2023-01-27T21:00:00Z,2023-01-27T21:02:00Z,101.830538,102.102660,100.685899,100.955684,4071838,USD,1d,normal,quantops_deterministic_synthetic_generator,True
1.0.0,4341bb03-db5e-5494-91eb-001c25fb75fd,synthetic:1.0.0:QGOLD:2023-01-27,QGOLD,2023-01-27T21:00:00Z,2023-01-27T21:02:00Z,170.383928,170.708338,169.965438,170.289669,1082096,USD,1d,normal,quantops_deterministic_synthetic_generator,True
1.0.0,5678e5c7-1e95-5c33-adb0-17473d496e06,synthetic:1.0.0:QWTI:2023-01-27,QWTI,2023-01-27T21:00:00Z,2023-01-27T21:02:00Z,76.011540,77.047783,75.788238,76.822100,2176133,USD,1d,normal,quantops_deterministic_synthetic_generator,True
1.0.0,9583fd7b-c1d6-503b-a431-32a84f9c8ac7,synthetic:1.0.0:QCASH:2023-01-27,QCASH,2023-01-27T21:00:00Z,2023-01-27T21:02:00Z,100.085248,100.128579,100.047947,100.091276,954765,USD,1d,normal,quantops_deterministic_synthetic_generator,True
1.0.0,1e6e29b2-2eed-58e2-a1f3-4a2a169a4a04,synthetic:1.0.0:QTECH:2023-01-30,QTECH,2023-01-30T21:00:00Z,2023-01-30T21:02:00Z,100.840938,101.120015,99.128029,99.403127,4474105,USD,1d,normal,quantops_deterministic_synthetic_generator,True
1.0.0,ab49643f-a908-5002-8921-e952ab4be555,synthetic:1.0.0:QGOLD:2023-01-30,QGOLD,2023-01-30T21:00:00Z,2023-01-30T21:02:00Z,170.231720,173.156149,169.823471,172.741880,3176206,USD,1d,normal,quantops_deterministic_synthetic_generator,True
1.0.0,2a31210f-2421-53e0-ad86-c292adc3d6e6,synthetic:1.0.0:QWTI:2023-01-30,QWTI,2023-01-30T21:00:00Z,2023-01-30T21:02:00Z,76.838611,77.242252,74.397008,74.789886,4256073,USD,1d,normal,quantops_deterministic_synthetic_generator,True
1.0.0,67b852b6-0b68-54f9-adc9-7b0245fb4885,synthetic:1.0.0:QCASH:2023-01-30,QCASH,2023-01-30T21:00:00Z,2023-01-30T21:02:00Z,100.092542,100.132711,100.054309,100.094477,665343,USD,1d,normal,quantops_deterministic_synthetic_generator,True
1.0.0,52e16fad-20bb-583d-b1a7-ab6a1788e79f,synthetic:1.0.0:QTECH:2023-01-31,QTECH,2023-01-31T21:00:00Z,2023-01-31T21:02:00Z,99.384506,99.687191,98.804807,99.106646,2245945,USD,1d,normal,quantops_deterministic_synthetic_generator,True
1.0.0,952c77ff-40ff-5a8b-b139-696bb0bd9249,synthetic:1.0.0:QGOLD:2023-01-31,QGOLD,2023-01-31T21:00:00Z,2023-01-31T21:02:00Z,172.677907,173.712539,172.258442,173.291582,1408706,USD,1d,normal,quantops_deterministic_synthetic_generator,True
1.0.0,d88c1ce7-2f4b-5c47-b20d-598950ffa7f3,synthetic:1.0.0:QWTI:2023-01-31,QWTI,2023-01-31T21:00:00Z,2023-01-31T21:02:00Z,74.805687,75.020441,74.472225,74.686637,1582715,USD,1d,normal,quantops_deterministic_synthetic_generator,True
1.0.0,2cc904cb-ce4c-5525-a28f-d6fd2a027472,synthetic:1.0.0:QCASH:2023-01-31,QCASH,2023-01-31T21:00:00Z,2023-01-31T21:02:00Z,100.096084,100.135696,100.058944,100.098555,751571,USD,1d,normal,quantops_deterministic_synthetic_generator,True
1.0.0,4ef3dfac-dca9-58a1-9ecd-541cb4f2d4a5,synthetic:1.0.0:QTECH:2023-02-01,QTECH,2023-02-01T21:00:00Z,2023-02-01T21:02:00Z,99.176184,100.255193,98.806061,99.882434,3393484,USD,1d,normal,quantops_deterministic_synthetic_generator,True
1.0.0,fa9e284c-9001-5193-ac03-aeabeeeaa252,synthetic:1.0.0:QGOLD:2023-02-01,QGOLD,2023-02-01T21:00:00Z,2023-02-01T21:02:00Z,173.158133,173.754944,172.329372,172.925381,1126224,USD,1d,normal,quantops_deterministic_synthetic_generator,True
1.0.0,bdea57bb-a2ca-5cb9-a31b-1f3311954127,synthetic:1.0.0:QWTI:2023-02-01,QWTI,2023-02-01T21:00:00Z,2023-02-01T21:02:00Z,74.648680,75.449717,74.044055,74.843514,1397487,USD,1d,normal,quantops_deterministic_synthetic_generator,True
1.0.0,a8a0fcb9-dbf5-5f57-8d42-b8648c8985a9,synthetic:1.0.0:QCASH:2023-02-01,QCASH,2023-02-01T21:00:00Z,2023-02-01T21:02:00Z,100.097791,100.137698,100.060670,100.100576,611569,USD,1d,normal,quantops_deterministic_synthetic_generator,True
1.0.0,6469f9b6-d4bf-5951-9d3c-cbf80d9a9343,synthetic:1.0.0:QTECH:2023-02-02,QTECH,2023-02-02T21:00:00Z,2023-02-02T21:02:00Z,99.834852,100.252544,99.081030,99.497310,2456757,USD,1d,normal,quantops_deterministic_synthetic_generator,True
1.0.0,6272c48d-79b6-5e8a-b007-344b941ed789,synthetic:1.0.0:QGOLD:2023-02-02,QGOLD,2023-02-02T21:00:00Z,2023-02-02T21:02:00Z,172.729518,173.631087,172.216647,173.117065,1170793,USD,1d,normal,quantops_deterministic_synthetic_generator,True
1.0.0,d2f09da2-5494-54af-a205-8b0b7fb5190d,synthetic:1.0.0:QWTI:2023-02-02,QWTI,2023-02-02T21:00:00Z,2023-02-02T21:02:00Z,75.072435,75.606218,74.763633,75.296495,1726702,USD,1d,normal,quantops_deterministic_synthetic_generator,True
1.0.0,48809dad-4f6b-53a8-b50b-fb2c8049fa9c,synthetic:1.0.0:QCASH:2023-02-02,QCASH,2023-02-02T21:00:00Z,2023-02-02T21:02:00Z,100.099627,100.141826,100.062489,100.104686,736053,USD,1d,normal,quantops_deterministic_synthetic_generator,True
1.0.0,7a2f1f34-8330-5692-ae8a-fad4c2a91a22,synthetic:1.0.0:QTECH:2023-02-03,QTECH,2023-02-03T21:00:00Z,2023-02-03T21:02:00Z,99.690222,100.021516,98.032454,98.359325,3870670,USD,1d,normal,quantops_deterministic_synthetic_generator,True
1.0.0,aa5e2542-4e33-509f-adeb-f8787daca152,synthetic:1.0.0:QGOLD:2023-02-03,QGOLD,2023-02-03T21:00:00Z,2023-02-03T21:02:00Z,173.389597,174.388699,172.873665,173.871334,1414091,USD,1d,normal,quantops_deterministic_synthetic_generator,True
1.0.0,0cfd8236-9614-5266-b5cc-ce4c8708c938,synthetic:1.0.0:QWTI:2023-02-03,QWTI,2023-02-03T21:00:00Z,2023-02-03T21:02:00Z,75.442640,76.451066,75.113672,76.119148,2468642,USD,1d,normal,quantops_deterministic_synthetic_generator,True
1.0.0,0625a1db-fa70-5bb4-abdb-cd7ff90bb931,synthetic:1.0.0:QCASH:2023-02-03,QCASH,2023-02-03T21:00:00Z,2023-02-03T21:02:00Z,100.104132,100.144042,100.067231,100.107140,526434,USD,1d,normal,quantops_deterministic_synthetic_generator,True
1.0.0,c04a093a-e869-5fe9-863b-37c647476e17,synthetic:1.0.0:QTECH:2023-02-06,QTECH,2023-02-06T21:00:00Z,2023-02-06T21:02:00Z,98.286620,98.898908,96.968837,97.576702,3211827,USD,1d,normal,quantops_deterministic_synthetic_generator,True
1.0.0,332e6fba-4f11-5bbe-89f9-f6f6e640991b,synthetic:1.0.0:QGOLD:2023-02-06,QGOLD,2023-02-06T21:00:00Z,2023-02-06T21:02:00Z,173.739163,174.054634,172.138252,172.451384,2223204,USD,1d,normal,quantops_deterministic_synthetic_generator,True
1.0.0,63349a09-8384-5655-88d8-edfbc6c7dcd4,synthetic:1.0.0:QWTI:2023-02-06,QWTI,2023-02-06T21:00:00Z,2023-02-06T21:02:00Z,76.269637,76.598910,75.761787,76.090286,1345034,USD,1d,normal,quantops_deterministic_synthetic_generator,True
1.0.0,126dc194-ec42-5b25-be0e-5f9025a1ebda,synthetic:1.0.0:QCASH:2023-02-06,QCASH,2023-02-06T21:00:00Z,2023-02-06T21:02:00Z,100.105601,100.147205,100.066818,100.108421,608964,USD,1d,normal,quantops_deterministic_synthetic_generator,True
1.0.0,e12377ba-a39c-52a2-a7a0-5824cce130e6,synthetic:1.0.0:QTECH:2023-02-07,QTECH,2023-02-07T21:00:00Z,2023-02-07T21:02:00Z,97.572169,98.487539,97.291478,98.205028,3018551,USD,1d,normal,quantops_deterministic_synthetic_generator,True
1.0.0,cecf829f-1dbe-5bb4-bbc6-2cc8eca16f99,synthetic:1.0.0:QGOLD:2023-02-07,QGOLD,2023-02-07T21:00:00Z,2023-02-07T21:02:00Z,172.420146,173.796898,171.845518,173.219605,1561288,USD,1d,normal,quantops_deterministic_synthetic_generator,True
1.0.0,dcace1a8-b4c5-5701-8490-e4f1ea1588f7,synthetic:1.0.0:QWTI:2023-02-07,QWTI,2023-02-07T21:00:00Z,2023-02-07T21:02:00Z,76.099115,77.634632,75.769588,77.299905,2959795,USD,1d,normal,quantops_deterministic_synthetic_generator,True
1.0.0,f545def0-703e-54c0-bb22-c9205474c804,synthetic:1.0.0:QCASH:2023-02-07,QCASH,2023-02-07T21:00:00Z,2023-02-07T21:02:00Z,100.107461,100.152509,100.068783,100.113828,763057,USD,1d,normal,quantops_deterministic_synthetic_generator,True
1.0.0,0df3ae68-f0b6-5997-8566-50df382ab6d4,synthetic:1.0.0:QTECH:2023-02-08,QTECH,2023-02-08T21:00:00Z,2023-02-08T21:02:00Z,98.131962,98.358838,97.608699,97.834888,2660313,USD,1d,normal,quantops_deterministic_synthetic_generator,True
1.0.0,304b315d-2f19-58b5-adf1-43f7946d8ac5,synthetic:1.0.0:QGOLD:2023-02-08,QGOLD,2023-02-08T21:00:00Z,2023-02-08T21:02:00Z,173.137447,173.665785,172.629320,173.157599,991966,USD,1d,normal,quantops_deterministic_synthetic_generator,True
1.0.0,e3c8ca50-98e8-5aad-9296-25531175d437,synthetic:1.0.0:QWTI:2023-02-08,QWTI,2023-02-08T21:00:00Z,2023-02-08T21:02:00Z,77.436411,78.479465,77.013537,78.053224,2684026,USD,1d,normal,quantops_deterministic_synthetic_generator,True
1.0.0,4f3f717a-a3c4-504c-ae60-cca4a220fa02,synthetic:1.0.0:QCASH:2023-02-08,QCASH,2023-02-08T21:00:00Z,2023-02-08T21:02:00Z,100.114562,100.156713,100.077151,100.119301,776105,USD,1d,normal,quantops_deterministic_synthetic_generator,True
1.0.0,93caa987-f1b5-5ced-a0d0-2819f53579b4,synthetic:1.0.0:QTECH:2023-02-09,QTECH,2023-02-09T21:00:00Z,2023-02-09T21:02:00Z,97.813431,98.150300,97.523637,97.860367,1812732,USD,1d,normal,quantops_deterministic_synthetic_generator,True
1.0.0,a90efa03-4fa9-5004-b620-8ede2024ae01,synthetic:1.0.0:QGOLD:2023-02-09,QGOLD,2023-02-09T21:00:00Z,2023-02-09T21:02:00Z,173.132838,173.469285,172.330173,172.665711,1493860,USD,1d,normal,quantops_deterministic_synthetic_generator,True
1.0.0,38ad3c32-3402-5ff6-949d-fed4df351ade,synthetic:1.0.0:QWTI:2023-02-09,QWTI,2023-02-09T21:00:00Z,2023-02-09T21:02:00Z,78.140152,79.859142,77.502624,79.212862,2746242,USD,1d,normal,quantops_deterministic_synthetic_generator,True
1.0.0,dbd6c92e-9584-51a3-a90c-1994b9963f32,synthetic:1.0.0:QCASH:2023-02-09,QCASH,2023-02-09T21:00:00Z,2023-02-09T21:02:00Z,100.118859,100.164790,100.079722,100.125651,970102,USD,1d,normal,quantops_deterministic_synthetic_generator,True
1.0.0,bbd8f4ab-2346-5e6c-9259-ca8d70c25236,synthetic:1.0.0:QTECH:2023-02-10,QTECH,2023-02-10T21:00:00Z,2023-02-10T21:02:00Z,97.924226,98.139277,96.542413,96.754897,4284047,USD,1d,normal,quantops_deterministic_synthetic_generator,True
1.0.0,b85b2377-3e92-5cb2-8ad4-bba40fc21e82,synthetic:1.0.0:QGOLD:2023-02-10,QGOLD,2023-02-10T21:00:00Z,2023-02-10T21:02:00Z,172.590160,172.943523,171.615185,171.967272,1474769,USD,1d,normal,quantops_deterministic_synthetic_generator,True
1.0.0,d3cbe2be-466a-5d89-9388-f3b84682bd30,synthetic:1.0.0:QWTI:2023-02-10,QWTI,2023-02-10T21:00:00Z,2023-02-10T21:02:00Z,79.262212,79.713003,79.035787,79.485939,1743662,USD,1d,normal,quantops_deterministic_synthetic_generator,True
1.0.0,b230599c-54a9-5f4d-ab84-12175de9296f,synthetic:1.0.0:QCASH:2023-02-10,QCASH,2023-02-10T21:00:00Z,2023-02-10T21:02:00Z,100.124346,100.164293,100.087692,100.127638,551568,USD,1d,normal,quantops_deterministic_synthetic_generator,True
1.0.0,e8dae6df-0fe4-5e0c-92c0-fdf1cd343c2d,synthetic:1.0.0:QTECH:2023-02-13,QTECH,2023-02-13T21:00:00Z,2023-02-13T21:02:00Z,96.768722,97.089659,96.500830,96.821621,1903785,USD,1d,normal,quantops_deterministic_synthetic_generator,True
1.0.0,129b0465-5eac-5fd7-9c86-e25c24836aee,synthetic:1.0.0:QGOLD:2023-02-13,QGOLD,2023-02-13T21:00:00Z,2023-02-13T21:02:00Z,171.975028,172.391789,170.121279,170.534549,2232059,USD,1d,normal,quantops_deterministic_synthetic_generator,True
1.0.0,fda84e5d-b1de-559f-9259-cb2e65a141c4,synthetic:1.0.0:QWTI:2023-02-13,QWTI,2023-02-13T21:00:00Z,2023-02-13T21:02:00Z,79.444070,81.177263,79.096293,80.823447,3294442,USD,1d,normal,quantops_deterministic_synthetic_generator,True
1.0.0,9cb74f8f-0b49-51a6-bfe4-4435136e4209,synthetic:1.0.0:QCASH:2023-02-13,QCASH,2023-02-13T21:00:00Z,2023-02-13T21:02:00Z,100.127628,100.171511,100.090563,100.134445,756500,USD,1d,normal,quantops_deterministic_synthetic_generator,True
1.0.0,f5c74cb6-2461-5710-b6aa-a82e4f5ac22a,synthetic:1.0.0:QTECH:2023-02-14,QTECH,2023-02-14T21:00:00Z,2023-02-14T21:02:00Z,96.680461,97.202357,96.165647,96.687505,2097432,USD,1d,normal,quantops_deterministic_synthetic_generator,True
1.0.0,660d07d7-0f12-51e4-982a-1efca7f5c98e,synthetic:1.0.0:QGOLD:2023-02-14,QGOLD,2023-02-14T21:00:00Z,2023-02-14T21:02:00Z,170.490821,171.629500,169.888826,171.025617,1303750,USD,1d,normal,quantops_deterministic_synthetic_generator,True
1.0.0,f646ba28-c337-572e-8166-23def053177a,synthetic:1.0.0:QWTI:2023-02-14,QWTI,2023-02-14T21:00:00Z,2023-02-14T21:02:00Z,80.921840,82.147892,80.695127,81.918387,2560214,USD,1d,normal,quantops_deterministic_synthetic_generator,True
1.0.0,4af29e5f-0bcd-511b-b6ad-c38e4bb995ea,synthetic:1.0.0:QCASH:2023-02-14,QCASH,2023-02-14T21:00:00Z,2023-02-14T21:02:00Z,100.134006,100.176312,100.096708,100.139013,899225,USD,1d,normal,quantops_deterministic_synthetic_generator,True
1.0.0,84080cad-35a4-5122-b5a9-1072dd33b119,synthetic:1.0.0:QTECH:2023-02-15,QTECH,2023-02-15T21:00:00Z,2023-02-15T21:02:00Z,96.814182,97.103431,96.367851,96.656629,1848157,USD,1d,normal,quantops_deterministic_synthetic_generator,True
1.0.0,8e1f4d33-b3e7-5a0f-8d34-fb8e8f8b2221,synthetic:1.0.0:QGOLD:2023-02-15,QGOLD,2023-02-15T21:00:00Z,2023-02-15T21:02:00Z,171.010882,171.329994,170.037327,170.355216,1587776,USD,1d,normal,quantops_deterministic_synthetic_generator,True
1.0.0,8526aeaa-fc16-5c91-be3b-0e4e02cdf26e,synthetic:1.0.0:QWTI:2023-02-15,QWTI,2023-02-15T21:00:00Z,2023-02-15T21:02:00Z,81.905193,82.580657,81.352151,82.026795,1319910,USD,1d,normal,quantops_deterministic_synthetic_generator,True
1.0.0,fa751cc3-2f6a-5bab-997e-6ea52e6f66e6,synthetic:1.0.0:QCASH:2023-02-15,QCASH,2023-02-15T21:00:00Z,2023-02-15T21:02:00Z,100.137093,100.181422,100.099049,100.143376,839684,USD,1d,normal,quantops_deterministic_synthetic_generator,True
1.0.0,a29ce0e1-25a6-59b1-bc6a-eeb1f21bee3e,synthetic:1.0.0:QTECH:2023-02-16,QTECH,2023-02-16T21:00:00Z,2023-02-16T21:02:00Z,96.756153,97.190718,94.728937,95.156317,4261293,USD,1d,normal,quantops_deterministic_synthetic_generator,True
1.0.0,6e37674b-6e97-5e43-88f6-4127cadc2ad3,synthetic:1.0.0:QGOLD:2023-02-16,QGOLD,2023-02-16T21:00:00Z,2023-02-16T21:02:00Z,170.151069,171.958460,169.735649,171.539650,2300784,USD,1d,normal,quantops_deterministic_synthetic_generator,True
1.0.0,5719b1c6-cafa-5adf-aa26-6b8ae4984416,synthetic:1.0.0:QWTI:2023-02-16,QWTI,2023-02-16T21:00:00Z,2023-02-16T21:02:00Z,82.171225,82.480134,80.983874,81.289468,2407782,USD,1d,normal,quantops_deterministic_synthetic_generator,True
1.0.0,678973d1-249a-5430-90a2-71bbd0213281,synthetic:1.0.0:QCASH:2023-02-16,QCASH,2023-02-16T21:00:00Z,2023-02-16T21:02:00Z,100.144577,100.187393,100.105075,100.147890,867658,USD,1d,normal,quantops_deterministic_synthetic_generator,True
1.0.0,cc034f93-c090-5e58-b1b7-6cfc806d64fe,synthetic:1.0.0:QTECH:2023-02-17,QTECH,2023-02-17T21:00:00Z,2023-02-17T21:02:00Z,95.267914,96.299721,94.972003,96.001532,3557093,USD,1d,normal,quantops_deterministic_synthetic_generator,True
1.0.0,6d4a9a9f-eb2a-524e-962a-bd8de8c44d6d,synthetic:1.0.0:QGOLD:2023-02-17,QGOLD,2023-02-17T21:00:00Z,2023-02-17T21:02:00Z,171.553939,171.874308,171.261816,171.582137,1023751,USD,1d,normal,quantops_deterministic_synthetic_generator,True
1.0.0,f060e418-ca02-59c2-8980-a792a16b39ae,synthetic:1.0.0:QWTI:2023-02-17,QWTI,2023-02-17T21:00:00Z,2023-02-17T21:02:00Z,81.234657,82.237481,80.963104,81.963493,2026146,USD,1d,normal,quantops_deterministic_synthetic_generator,True
1.0.0,5e7d51e2-0606-5a9b-aaac-b5e4cbacd496,synthetic:1.0.0:QCASH:2023-02-17,QCASH,2023-02-17T21:00:00Z,2023-02-17T21:02:00Z,100.147502,100.187588,100.110700,100.150785,657751,USD,1d,normal,quantops_deterministic_synthetic_generator,True
1.0.0,5dae1c84-e0c7-5973-91d4-a103202d27be,synthetic:1.0.0:QTECH:2023-02-20,QTECH,2023-02-20T21:00:00Z,2023-02-20T21:02:00Z,95.698435,96.228925,95.328497,95.858368,2389333,USD,1d,normal,quantops_deterministic_synthetic_generator,True
1.0.0,da1259c7-9b25-518a-9ae3-03029a1f432b,synthetic:1.0.0:QGOLD:2023-02-20,QGOLD,2023-02-20T21:00:00Z,2023-02-20T21:02:00Z,171.467234,173.032454,171.199413,172.762610,1936423,USD,1d,normal,quantops_deterministic_synthetic_generator,True
1.0.0,8ddfad10-9643-550f-b2f9-741d7f628f17,synthetic:1.0.0:QWTI:2023-02-20,QWTI,2023-02-20T21:00:00Z,2023-02-20T21:02:00Z,81.897421,82.172896,81.124311,81.398107,2239664,USD,1d,normal,quantops_deterministic_synthetic_generator,True
1.0.0,ae34e9e0-3826-59ed-9d42-3404deaf15ac,synthetic:1.0.0:QCASH:2023-02-20,QCASH,2023-02-20T21:00:00Z,2023-02-20T21:02:00Z,100.150327,100.193829,100.111493,100.154993,760065,USD,1d,normal,quantops_deterministic_synthetic_generator,True
1.0.0,beab79f8-9841-53c7-a724-872fb7076601,synthetic:1.0.0:QTECH:2023-02-21,QTECH,2023-02-21T21:00:00Z,2023-02-21T21:02:00Z,95.948207,96.188260,95.718372,95.958401,2053464,USD,1d,normal,quantops_deterministic_synthetic_generator,True
1.0.0,8bcb538d-f101-5584-a1d3-554af95e0e87,synthetic:1.0.0:QGOLD:2023-02-21,QGOLD,2023-02-21T21:00:00Z,2023-02-21T21:02:00Z,172.556279,173.297839,172.274992,173.015803,1090650,USD,1d,normal,quantops_deterministic_synthetic_generator,True
1.0.0,4c854581-dc5b-564d-90a1-599fbe4b1e46,synthetic:1.0.0:QWTI:2023-02-21,QWTI,2023-02-21T21:00:00Z,2023-02-21T21:02:00Z,81.342708,81.796326,80.835155,81.288470,1359625,USD,1d,normal,quantops_deterministic_synthetic_generator,True
1.0.0,cea9c7fe-6f83-558a-8eec-da0b9e95f756,synthetic:1.0.0:QCASH:2023-02-21,QCASH,2023-02-21T21:00:00Z,2023-02-21T21:02:00Z,100.154137,100.198257,100.117479,100.161596,909649,USD,1d,normal,quantops_deterministic_synthetic_generator,True
1.0.0,bf8ca6d2-abc0-5537-bccb-8446f943fb2f,synthetic:1.0.0:QTECH:2023-02-22,QTECH,2023-02-22T21:00:00Z,2023-02-22T21:02:00Z,95.994305,97.472898,95.516542,96.990179,3836201,USD,1d,normal,quantops_deterministic_synthetic_generator,True
1.0.0,73b674cd-f9f1-52fe-91cc-a102a3045df1,synthetic:1.0.0:QGOLD:2023-02-22,QGOLD,2023-02-22T21:00:00Z,2023-02-22T21:02:00Z,173.109720,175.602729,172.820814,175.310151,2517405,USD,1d,normal,quantops_deterministic_synthetic_generator,True
1.0.0,3e29e06d-0f69-5fd8-8ea0-04af73fca7fb,synthetic:1.0.0:QWTI:2023-02-22,QWTI,2023-02-22T21:00:00Z,2023-02-22T21:02:00Z,81.281957,81.653868,80.248634,80.617505,2230546,USD,1d,normal,quantops_deterministic_synthetic_generator,True
1.0.0,6dabd3f6-1693-5786-bf69-feed2ac2d60d,synthetic:1.0.0:QCASH:2023-02-22,QCASH,2023-02-22T21:00:00Z,2023-02-22T21:02:00Z,100.159713,100.210678,100.119770,100.170730,872611,USD,1d,normal,quantops_deterministic_synthetic_generator,True
1.0.0,f4e7ca72-8b0a-5a0f-b93c-60189445394d,synthetic:1.0.0:QTECH:2023-02-23,QTECH,2023-02-23T21:00:00Z,2023-02-23T21:02:00Z,97.103335,97.525010,96.401273,96.821725,2081175,USD,1d,normal,quantops_deterministic_synthetic_generator,True
1.0.0,7b830d29-468a-5fa1-b7d0-548dc4189d76,synthetic:1.0.0:QGOLD:2023-02-23,QGOLD,2023-02-23T21:00:00Z,2023-02-23T21:02:00Z,175.451586,175.890731,174.620066,175.058227,1063566,USD,1d,normal,quantops_deterministic_synthetic_generator,True
1.0.0,33650233-6a21-51b8-b79e-fcd72a4e7f12,synthetic:1.0.0:QWTI:2023-02-23,QWTI,2023-02-23T21:00:00Z,2023-02-23T21:02:00Z,80.415659,81.150729,80.066431,80.799832,1603185,USD,1d,normal,quantops_deterministic_synthetic_generator,True
1.0.0,79607583-1d05-58b9-973b-3c236c7d5e46,synthetic:1.0.0:QCASH:2023-02-23,QCASH,2023-02-23T21:00:00Z,2023-02-23T21:02:00Z,100.170583,100.215685,100.130772,100.175872,780399,USD,1d,normal,quantops_deterministic_synthetic_generator,True
1.0.0,f4933533-65f1-54a5-9b9c-a07ac6e21331,synthetic:1.0.0:QTECH:2023-02-24,QTECH,2023-02-24T21:00:00Z,2023-02-24T21:02:00Z,96.776766,97.141786,95.531198,95.892883,3841400,USD,1d,normal,quantops_deterministic_synthetic_generator,True
1.0.0,ed49ecac-0dd1-52c8-aaca-4d2f139a94d9,synthetic:1.0.0:QGOLD:2023-02-24,QGOLD,2023-02-24T21:00:00Z,2023-02-24T21:02:00Z,175.203267,175.731129,173.501461,174.025776,1284389,USD,1d,normal,quantops_deterministic_synthetic_generator,True
1.0.0,8335e735-ee26-50be-ab28-fb9f15d6dc80,synthetic:1.0.0:QWTI:2023-02-24,QWTI,2023-02-24T21:00:00Z,2023-02-24T21:02:00Z,80.789262,81.140973,80.562792,80.914153,1390752,USD,1d,normal,quantops_deterministic_synthetic_generator,True
1.0.0,852b0a86-3a7c-540b-ae40-df4090b3d6c3,synthetic:1.0.0:QCASH:2023-02-24,QCASH,2023-02-24T21:00:00Z,2023-02-24T21:02:00Z,100.176181,100.216766,100.139272,100.179856,711418,USD,1d,normal,quantops_deterministic_synthetic_generator,True
1.0.0,69deb44d-84a8-5d8e-b87c-d5469ab2201c,synthetic:1.0.0:QTECH:2023-02-27,QTECH,2023-02-27T21:00:00Z,2023-02-27T21:02:00Z,96.011078,96.561834,95.567723,96.117985,2366495,USD,1d,normal,quantops_deterministic_synthetic_generator,True
1.0.0,4010a6cd-5fa8-5da7-b6bc-085dd8125d0f,synthetic:1.0.0:QGOLD:2023-02-27,QGOLD,2023-02-27T21:00:00Z,2023-02-27T21:02:00Z,174.021699,174.495252,172.212568,172.682477,1987521,USD,1d,normal,quantops_deterministic_synthetic_generator,True
1.0.0,f8097d33-0f42-59f9-a0b4-86cef18a1f03,synthetic:1.0.0:QWTI:2023-02-27,QWTI,2023-02-27T21:00:00Z,2023-02-27T21:02:00Z,81.066023,81.607219,78.776068,79.305511,3318033,USD,1d,normal,quantops_deterministic_synthetic_generator,True
1.0.0,fc01dd25-56ae-5b03-b95d-0d7b0dd5f1c0,synthetic:1.0.0:QCASH:2023-02-27,QCASH,2023-02-27T21:00:00Z,2023-02-27T21:02:00Z,100.180993,100.222731,100.143374,100.185110,929738,USD,1d,normal,quantops_deterministic_synthetic_generator,True
1.0.0,5ea677b3-949c-5b95-81bc-9f9755282b2e,synthetic:1.0.0:QTECH:2023-02-28,QTECH,2023-02-28T21:00:00Z,2023-02-28T21:02:00Z,96.117050,96.348502,95.089685,95.319215,3662474,USD,1d,normal,quantops_deterministic_synthetic_generator,True
1.0.0,cd7f84b4-d730-55c3-840a-602f872cf644,synthetic:1.0.0:QGOLD:2023-02-28,QGOLD,2023-02-28T21:00:00Z,2023-02-28T21:02:00Z,172.640967,172.993038,171.744924,172.095883,1487953,USD,1d,normal,quantops_deterministic_synthetic_generator,True
1.0.0,a28af67e-45ad-5f07-bb0c-76dcf6fd0f26,synthetic:1.0.0:QWTI:2023-02-28,QWTI,2023-02-28T21:00:00Z,2023-02-28T21:02:00Z,79.426479,79.855849,78.671406,79.099006,1505568,USD,1d,normal,quantops_deterministic_synthetic_generator,True
1.0.0,e9bb95bd-59bd-5a2f-b25a-6dec400266ab,synthetic:1.0.0:QCASH:2023-02-28,QCASH,2023-02-28T21:00:00Z,2023-02-28T21:02:00Z,100.184353,100.227056,100.147464,100.190164,850085,USD,1d,normal,quantops_deterministic_synthetic_generator,True
1.0.0,8888368a-10ca-5201-96bd-769d4e7286b7,synthetic:1.0.0:QTECH:2023-03-01,QTECH,2023-03-01T21:00:00Z,2023-03-01T21:02:00Z,95.318619,95.604754,93.721126,94.003313,4390786,USD,1d,normal,quantops_deterministic_synthetic_generator,True
1.0.0,6771a072-1723-5e7b-ba35-03dfc0a27623,synthetic:1.0.0:QGOLD:2023-03-01,QGOLD,2023-03-01T21:00:00Z,2023-03-01T21:02:00Z,171.822602,173.580150,171.328156,173.082079,1666939,USD,1d,normal,quantops_deterministic_synthetic_generator,True
1.0.0,69d7ce45-7eb2-5424-a328-9d6edf5dfe3e,synthetic:1.0.0:QWTI:2023-03-01,QWTI,2023-03-01T21:00:00Z,2023-03-01T21:02:00Z,78.975476,79.507304,78.718911,79.249848,1601465,USD,1d,normal,quantops_deterministic_synthetic_generator,True
1.0.0,253dce52-fe8a-5ce6-80be-f83462f7aefb,synthetic:1.0.0:QCASH:2023-03-01,QCASH,2023-03-01T21:00:00Z,2023-03-01T21:02:00Z,100.191150,100.234226,100.154084,100.197158,874260,USD,1d,normal,quantops_deterministic_synthetic_generator,True
1.0.0,2d79aba9-1e71-57f2-989c-4c628bdc8119,synthetic:1.0.0:QTECH:2023-03-02,QTECH,2023-03-02T21:00:00Z,2023-03-02T21:02:00Z,94.072831,94.627742,93.862369,94.416512,2793891,USD,1d,normal,quantops_deterministic_synthetic_generator,True
1.0.0,50e1b99b-6521-581f-a1b0-65144756c476,synthetic:1.0.0:QGOLD:2023-03-02,QGOLD,2023-03-02T21:00:00Z,2023-03-02T21:02:00Z,173.172917,173.487467,172.843741,173.158265,939070,USD,1d,normal,quantops_deterministic_synthetic_generator,True
1.0.0,3d333614-35d2-5df1-9285-e1245945acf9,synthetic:1.0.0:QWTI:2023-03-02,QWTI,2023-03-02T21:00:00Z,2023-03-02T21:02:00Z,79.338960,79.930573,78.485124,79.074767,1594996,USD,1d,normal,quantops_deterministic_synthetic_generator,True
1.0.0,fcaf3436-bc02-5448-a842-b28005e5867e,synthetic:1.0.0:QCASH:2023-03-02,QCASH,2023-03-02T21:00:00Z,2023-03-02T21:02:00Z,100.196849,100.239843,100.159583,100.202574,914245,USD,1d,normal,quantops_deterministic_synthetic_generator,True
1.0.0,03be27a4-8625-5b26-88fc-d22f5a088fcb,synthetic:1.0.0:QTECH:2023-03-03,QTECH,2023-03-03T21:00:00Z,2023-03-03T21:02:00Z,94.403428,94.836248,93.903696,94.336209,2149560,USD,1d,normal,quantops_deterministic_synthetic_generator,True
1.0.0,b2e9d98b-e595-5dad-ae1b-b58c959c8878,synthetic:1.0.0:QGOLD:2023-03-03,QGOLD,2023-03-03T21:00:00Z,2023-03-03T21:02:00Z,173.036520,174.533146,172.631818,174.125896,1838568,USD,1d,normal,quantops_deterministic_synthetic_generator,True
1.0.0,76b89ec9-4bc7-5d28-abcd-208b3dccbf6f,synthetic:1.0.0:QWTI:2023-03-03,QWTI,2023-03-03T21:00:00Z,2023-03-03T21:02:00Z,79.211829,79.495993,76.790550,77.067019,4009619,USD,1d,normal,quantops_deterministic_synthetic_generator,True
1.0.0,dd362623-b27c-5a62-b364-1c63dad53e82,synthetic:1.0.0:QCASH:2023-03-03,QCASH,2023-03-03T21:00:00Z,2023-03-03T21:02:00Z,100.203010,100.244061,100.165219,100.206269,839076,USD,1d,normal,quantops_deterministic_synthetic_generator,True
1.0.0,c255cf18-6118-5536-b313-8e463681337e,synthetic:1.0.0:QTECH:2023-03-06,QTECH,2023-03-06T21:00:00Z,2023-03-06T21:02:00Z,94.296157,95.568588,94.050220,95.319981,3715805,USD,1d,normal,quantops_deterministic_synthetic_generator,True
1.0.0,bba5c174-c929-5d61-a9db-94160719405c,synthetic:1.0.0:QGOLD:2023-03-06,QGOLD,2023-03-06T21:00:00Z,2023-03-06T21:02:00Z,174.261709,174.788849,173.133827,173.659143,1374514,USD,1d,normal,quantops_deterministic_synthetic_generator,True
1.0.0,f04c85a9-624d-5dd0-886f-b81a3334fbba,synthetic:1.0.0:QWTI:2023-03-06,QWTI,2023-03-06T21:00:00Z,2023-03-06T21:02:00Z,77.189076,77.516415,75.867987,76.191094,2427714,USD,1d,normal,quantops_deterministic_synthetic_generator,True
1.0.0,23723216-ed44-554f-9bad-a06acbac5ac5,synthetic:1.0.0:QCASH:2023-03-06,QCASH,2023-03-06T21:00:00Z,2023-03-06T21:02:00Z,100.206593,100.248850,100.168747,100.211002,748937,USD,1d,normal,quantops_deterministic_synthetic_generator,True
1.0.0,dddb2109-45fc-5bc8-ae61-fcfeaa95390c,synthetic:1.0.0:QTECH:2023-03-07,QTECH,2023-03-07T21:00:00Z,2023-03-07T21:02:00Z,95.364391,95.604337,94.656475,94.895241,2611722,USD,1d,normal,quantops_deterministic_synthetic_generator,True
1.0.0,6066bcf7-7ea6-51ad-bd55-d775705f1e5e,synthetic:1.0.0:QGOLD:2023-03-07,QGOLD,2023-03-07T21:00:00Z,2023-03-07T21:02:00Z,173.736369,174.022172,173.255566,173.541048,988780,USD,1d,normal,quantops_deterministic_synthetic_generator,True
1.0.0,25eac246-5dae-53f8-bcb3-86f228984d62,synthetic:1.0.0:QWTI:2023-03-07,QWTI,2023-03-07T21:00:00Z,2023-03-07T21:02:00Z,76.226726,77.105571,75.973417,76.850190,2041742,USD,1d,normal,quantops_deterministic_synthetic_generator,True
1.0.0,9f8233f8-5a6a-5daf-93bf-1d3668a66fc5,synthetic:1.0.0:QCASH:2023-03-07,QCASH,2023-03-07T21:00:00Z,2023-03-07T21:02:00Z,100.210017,100.253607,100.172942,100.216529,803299,USD,1d,normal,quantops_deterministic_synthetic_generator,True
1.0.0,3aeb3828-f8e0-5a96-adfe-8ae72f09d625,synthetic:1.0.0:QTECH:2023-03-08,QTECH,2023-03-08T21:00:00Z,2023-03-08T21:02:00Z,94.797515,95.972604,94.407959,95.579834,2901536,USD,1d,normal,quantops_deterministic_synthetic_generator,True
1.0.0,76a7da5f-ba24-54bf-a8c4-3d8cf8e1733f,synthetic:1.0.0:QGOLD:2023-03-08,QGOLD,2023-03-08T21:00:00Z,2023-03-08T21:02:00Z,173.489312,176.052778,173.219699,175.779607,2722359,USD,1d,normal,quantops_deterministic_synthetic_generator,True
1.0.0,c77173ee-b53e-5ed9-8c6d-0e702baeed71,synthetic:1.0.0:QWTI:2023-03-08,QWTI,2023-03-08T21:00:00Z,2023-03-08T21:02:00Z,76.836203,77.329045,76.271447,76.763824,1438335,USD,1d,normal,quantops_deterministic_synthetic_generator,True
1.0.0,aa57093d-61da-5c99-9dc9-e338c97145e6,synthetic:1.0.0:QCASH:2023-03-08,QCASH,2023-03-08T21:00:00Z,2023-03-08T21:02:00Z,100.215141,100.262795,100.177415,100.225066,1074177,USD,1d,normal,quantops_deterministic_synthetic_generator,True
1.0.0,141d9a1d-ab38-50a2-9712-51375f56104c,synthetic:1.0.0:QTECH:2023-03-09,QTECH,2023-03-09T21:00:00Z,2023-03-09T21:02:00Z,95.539761,97.279358,95.204723,96.939412,4608900,USD,1d,normal,quantops_deterministic_synthetic_generator,True
1.0.0,eacf1898-3cc0-53cc-be45-4744ac8d3c8e,synthetic:1.0.0:QGOLD:2023-03-09,QGOLD,2023-03-09T21:00:00Z,2023-03-09T21:02:00Z,175.679597,175.957709,175.270734,175.548639,1148645,USD,1d,normal,quantops_deterministic_synthetic_generator,True
1.0.0,fab03790-7117-5cda-9e09-fac1021dbccf,synthetic:1.0.0:QWTI:2023-03-09,QWTI,2023-03-09T21:00:00Z,2023-03-09T21:02:00Z,76.727188,77.140554,75.717981,76.128120,2342708,USD,1d,normal,quantops_deterministic_synthetic_generator,True
1.0.0,da787931-0600-5e1c-b381-d4cd616f69dc,synthetic:1.0.0:QCASH:2023-03-09,QCASH,2023-03-09T21:00:00Z,2023-03-09T21:02:00Z,100.225186,100.268740,100.187723,100.231276,937779,USD,1d,normal,quantops_deterministic_synthetic_generator,True
1.0.0,1d2599b7-1786-5d7c-b2eb-bf05800cb3e0,synthetic:1.0.0:QTECH:2023-03-10,QTECH,2023-03-10T21:00:00Z,2023-03-10T21:02:00Z,96.976905,97.655125,96.623313,97.300354,2284277,USD,1d,normal,quantops_deterministic_synthetic_generator,True
1.0.0,3a9d7b91-25f4-5796-ad55-52d8784beec0,synthetic:1.0.0:QGOLD:2023-03-10,QGOLD,2023-03-10T21:00:00Z,2023-03-10T21:02:00Z,175.620396,175.976477,173.275114,173.627154,2751937,USD,1d,normal,quantops_deterministic_synthetic_generator,True
1.0.0,b327e8d7-075a-54c9-a6c9-068c51f7b50b,synthetic:1.0.0:QWTI:2023-03-10,QWTI,2023-03-10T21:00:00Z,2023-03-10T21:02:00Z,76.181133,76.619432,75.624941,76.062559,1274680,USD,1d,normal,quantops_deterministic_synthetic_generator,True
1.0.0,8f3d0440-c91f-504c-af12-643928b32490,synthetic:1.0.0:QCASH:2023-03-10,QCASH,2023-03-10T21:00:00Z,2023-03-10T21:02:00Z,100.233273,100.276217,100.195277,100.238219,846677,USD,1d,normal,quantops_deterministic_synthetic_generator,True
1.0.0,479c62f1-ab52-5ec4-8b4e-be6595f659c5,synthetic:1.0.0:QTECH:2023-03-13,QTECH,2023-03-13T21:00:00Z,2023-03-13T21:02:00Z,97.425150,97.703232,96.700721,96.977525,2589558,USD,1d,normal,quantops_deterministic_synthetic_generator,True
1.0.0,a0b406ff-3a99-5365-9363-e241c3f0c847,synthetic:1.0.0:QGOLD:2023-03-13,QGOLD,2023-03-13T21:00:00Z,2023-03-13T21:02:00Z,173.751010,175.118150,173.416453,174.781609,1599449,USD,1d,normal,quantops_deterministic_synthetic_generator,True
1.0.0,bfb813e2-78b6-5f6e-bb2a-31ca187d2536,synthetic:1.0.0:QWTI:2023-03-13,QWTI,2023-03-13T21:00:00Z,2023-03-13T21:02:00Z,75.921397,76.646835,75.593455,76.317182,1692524,USD,1d,normal,quantops_deterministic_synthetic_generator,True
1.0.0,7a61617d-4845-59e5-8efc-7c9730a6ee8b,synthetic:1.0.0:QCASH:2023-03-13,QCASH,2023-03-13T21:00:00Z,2023-03-13T21:02:00Z,100.238882,100.282503,100.201145,100.244764,895913,USD,1d,normal,quantops_deterministic_synthetic_generator,True
1.0.0,8b42b93b-c7d8-5413-bd34-2e77217e179d,synthetic:1.0.0:QTECH:2023-03-14,QTECH,2023-03-14T21:00:00Z,2023-03-14T21:02:00Z,97.003707,97.248490,94.854658,95.094624,6109525,USD,1d,normal,quantops_deterministic_synthetic_generator,True
1.0.0,dd9332a6-3ede-5035-8345-a4d1a8e446ab,synthetic:1.0.0:QGOLD:2023-03-14,QGOLD,2023-03-14T21:00:00Z,2023-03-14T21:02:00Z,174.705477,175.044445,174.361187,174.700145,970311,USD,1d,normal,quantops_deterministic_synthetic_generator,True
1.0.0,7c97c1c8-fa4d-529a-b9b5-00d605f1e7fd,synthetic:1.0.0:QWTI:2023-03-14,QWTI,2023-03-14T21:00:00Z,2023-03-14T21:02:00Z,76.518857,76.967519,74.170432,74.607889,3752035,USD,1d,normal,quantops_deterministic_synthetic_generator,True
1.0.0,c2739777-ab00-5b24-88ae-448d6fd3e674,synthetic:1.0.0:QCASH:2023-03-14,QCASH,2023-03-14T21:00:00Z,2023-03-14T21:02:00Z,100.244543,100.290262,100.205767,100.251484,1013851,USD,1d,normal,quantops_deterministic_synthetic_generator,True
1.0.0,05d1fc92-b9e9-5bb1-890e-4a90d4c9cf8b,synthetic:1.0.0:QTECH:2023-03-15,QTECH,2023-03-15T21:00:00Z,2023-03-15T21:02:00Z,94.887568,95.463062,94.537956,95.112621,1930880,USD,1d,normal,quantops_deterministic_synthetic_generator,True
1.0.0,66bf8515-2e13-5e93-8acf-0d12ca45771e,synthetic:1.0.0:QGOLD:2023-03-15,QGOLD,2023-03-15T21:00:00Z,2023-03-15T21:02:00Z,174.603505,175.374909,174.323494,175.094111,1222434,USD,1d,normal,quantops_deterministic_synthetic_generator,True
1.0.0,c389ef11-2ee9-58e1-825e-78d7b96d7381,synthetic:1.0.0:QWTI:2023-03-15,QWTI,2023-03-15T21:00:00Z,2023-03-15T21:02:00Z,74.427894,74.985259,74.138802,74.695129,1342388,USD,1d,normal,quantops_deterministic_synthetic_generator,True
1.0.0,60044bec-276a-5ce4-9be9-53d9890933fd,synthetic:1.0.0:QCASH:2023-03-15,QCASH,2023-03-15T21:00:00Z,2023-03-15T21:02:00Z,100.250537,100.295282,100.212520,100.257262,909043,USD,1d,normal,quantops_deterministic_synthetic_generator,True
1.0.0,70566b94-104f-5339-92a8-f0e295fc2c00,synthetic:1.0.0:QTECH:2023-03-16,QTECH,2023-03-16T21:00:00Z,2023-03-16T21:02:00Z,95.109302,95.572600,94.631961,95.095190,1835229,USD,1d,normal,quantops_deterministic_synthetic_generator,True
1.0.0,2f469367-1348-5d8f-8578-32d7deba23f3,synthetic:1.0.0:QGOLD:2023-03-16,QGOLD,2023-03-16T21:00:00Z,2023-03-16T21:02:00Z,175.150119,175.490836,174.790662,175.131343,903221,USD,1d,normal,quantops_deterministic_synthetic_generator,True
1.0.0,1d29887f-2543-50f8-97cf-897b2ea2b556,synthetic:1.0.0:QWTI:2023-03-16,QWTI,2023-03-16T21:00:00Z,2023-03-16T21:02:00Z,74.729470,74.976319,73.968879,74.214025,2137027,USD,1d,normal,quantops_deterministic_synthetic_generator,True
1.0.0,0258445d-803e-507a-8339-44ffb89a20fb,synthetic:1.0.0:QCASH:2023-03-16,QCASH,2023-03-16T21:00:00Z,2023-03-16T21:02:00Z,100.256792,100.300137,100.219972,100.263316,821950,USD,1d,normal,quantops_deterministic_synthetic_generator,True
1.0.0,f09661f7-ab4e-56e7-8bd2-b53d6c142934,synthetic:1.0.0:QTECH:2023-03-17,QTECH,2023-03-17T21:00:00Z,2023-03-17T21:02:00Z,95.095136,95.335275,94.335449,94.574273,2760020,USD,1d,normal,quantops_deterministic_synthetic_generator,True
1.0.0,c7a00408-494e-5007-b908-c3fc6c29e41c,synthetic:1.0.0:QGOLD:2023-03-17,QGOLD,2023-03-17T21:00:00Z,2023-03-17T21:02:00Z,175.184134,175.581516,174.538681,174.935498,1088432,USD,1d,normal,quantops_deterministic_synthetic_generator,True
1.0.0,25c99744-d595-55cb-af30-7423397cda20,synthetic:1.0.0:QWTI:2023-03-17,QWTI,2023-03-17T21:00:00Z,2023-03-17T21:02:00Z,74.198541,75.283099,73.942411,75.024120,2276649,USD,1d,normal,quantops_deterministic_synthetic_generator,True
1.0.0,1f4de278-d0b0-592f-8475-73097f1cbce3,synthetic:1.0.0:QCASH:2023-03-17,QCASH,2023-03-17T21:00:00Z,2023-03-17T21:02:00Z,100.263105,100.305434,100.225376,100.267703,771426,USD,1d,normal,quantops_deterministic_synthetic_generator,True
1.0.0,a00ddf4a-7805-5e7f-8b52-d662024aa3ae,synthetic:1.0.0:QTECH:2023-03-20,QTECH,2023-03-20T21:00:00Z,2023-03-20T21:02:00Z,94.380293,96.125845,94.106868,95.848167,4591441,USD,1d,normal,quantops_deterministic_synthetic_generator,True
1.0.0,c1b46fda-8851-5906-bcca-17a43634f110,synthetic:1.0.0:QGOLD:2023-03-20,QGOLD,2023-03-20T21:00:00Z,2023-03-20T21:02:00Z,175.011781,175.469248,174.282209,174.738963,977837,USD,1d,normal,quantops_deterministic_synthetic_generator,True
1.0.0,0770d4b4-159b-54c4-be10-d11641830965,synthetic:1.0.0:QWTI:2023-03-20,QWTI,2023-03-20T21:00:00Z,2023-03-20T21:02:00Z,74.909088,75.277545,74.277085,74.644239,1914283,USD,1d,normal,quantops_deterministic_synthetic_generator,True
1.0.0,bee9947e-b4d4-595c-a1f8-d8b033569997,synthetic:1.0.0:QCASH:2023-03-20,QCASH,2023-03-20T21:00:00Z,2023-03-20T21:02:00Z,100.268055,100.308877,100.229103,100.269925,682762,USD,1d,normal,quantops_deterministic_synthetic_generator,True
1.0.0,72457a77-e499-5e9b-9412-12afba41c7ba,synthetic:1.0.0:QTECH:2023-03-21,QTECH,2023-03-21T21:00:00Z,2023-03-21T21:02:00Z,95.667205,95.890161,94.197296,94.417339,4562192,USD,1d,normal,quantops_deterministic_synthetic_generator,True
1.0.0,58b25321-add1-5d01-9575-e0473838c3b9,synthetic:1.0.0:QGOLD:2023-03-21,QGOLD,2023-03-21T21:00:00Z,2023-03-21T21:02:00Z,174.572289,174.886172,173.408414,173.720765,1860755,USD,1d,normal,quantops_deterministic_synthetic_generator,True
1.0.0,7d2f49ff-0193-5c93-80d7-30bbab4321ef,synthetic:1.0.0:QWTI:2023-03-21,QWTI,2023-03-21T21:00:00Z,2023-03-21T21:02:00Z,74.686785,75.095504,74.388255,74.796536,1627162,USD,1d,normal,quantops_deterministic_synthetic_generator,True
1.0.0,70e206f6-420f-5ddb-ab67-42185680c75e,synthetic:1.0.0:QCASH:2023-03-21,QCASH,2023-03-21T21:00:00Z,2023-03-21T21:02:00Z,100.270743,100.314845,100.231525,100.275625,893188,USD,1d,normal,quantops_deterministic_synthetic_generator,True
1.0.0,66e8d197-38fd-5093-91f8-0f71d3df77e9,synthetic:1.0.0:QTECH:2023-03-22,QTECH,2023-03-22T21:00:00Z,2023-03-22T21:02:00Z,94.364270,94.666393,92.403139,92.699933,5766243,USD,1d,normal,quantops_deterministic_synthetic_generator,True
1.0.0,9ef8e528-484e-5bd0-870d-bd633ae9882b,synthetic:1.0.0:QGOLD:2023-03-22,QGOLD,2023-03-22T21:00:00Z,2023-03-22T21:02:00Z,173.769733,174.732636,173.346101,174.307692,1421867,USD,1d,normal,quantops_deterministic_synthetic_generator,True
1.0.0,64a34cf8-efdf-5d57-8f55-1098ebcf0aeb,synthetic:1.0.0:QWTI:2023-03-22,QWTI,2023-03-22T21:00:00Z,2023-03-22T21:02:00Z,74.927615,75.199569,73.177403,73.443972,3097745,USD,1d,normal,quantops_deterministic_synthetic_generator,True
1.0.0,223073ec-8a4a-510a-85af-3dd3120e37e6,synthetic:1.0.0:QCASH:2023-03-22,QCASH,2023-03-22T21:00:00Z,2023-03-22T21:02:00Z,100.275834,100.316737,100.239120,100.280022,767340,USD,1d,normal,quantops_deterministic_synthetic_generator,True
1.0.0,6ab52c7e-f1c5-574d-a08a-e7193d7f1b52,synthetic:1.0.0:QTECH:2023-03-23,QTECH,2023-03-23T21:00:00Z,2023-03-23T21:02:00Z,92.645647,93.283132,92.426736,93.063234,2197478,USD,1d,normal,quantops_deterministic_synthetic_generator,True
1.0.0,6df7cf7e-efdf-573b-8ecd-fe94281f4204,synthetic:1.0.0:QGOLD:2023-03-23,QGOLD,2023-03-23T21:00:00Z,2023-03-23T21:02:00Z,174.269232,174.539907,173.673786,173.943956,1244461,USD,1d,normal,quantops_deterministic_synthetic_generator,True
1.0.0,e1595fb9-c4ff-551a-9c2f-120a2939d081,synthetic:1.0.0:QWTI:2023-03-23,QWTI,2023-03-23T21:00:00Z,2023-03-23T21:02:00Z,73.476091,73.988819,72.867163,73.379214,1415572,USD,1d,normal,quantops_deterministic_synthetic_generator,True
1.0.0,ff6a59a8-3a6d-5d12-bcbf-07ae0304cddf,synthetic:1.0.0:QCASH:2023-03-23,QCASH,2023-03-23T21:00:00Z,2023-03-23T21:02:00Z,100.279122,100.321484,100.242015,100.284375,734840,USD,1d,normal,quantops_deterministic_synthetic_generator,True
1.0.0,cda4aa33-00a6-516d-aa47-d28b4f1e5646,synthetic:1.0.0:QTECH:2023-03-24,QTECH,2023-03-24T21:00:00Z,2023-03-24T21:02:00Z,92.949987,93.584006,92.654112,93.287058,2532080,USD,1d,normal,quantops_deterministic_synthetic_generator,True
1.0.0,2e4ef333-6782-5758-ae44-5603ccdd3222,synthetic:1.0.0:QGOLD:2023-03-24,QGOLD,2023-03-24T21:00:00Z,2023-03-24T21:02:00Z,173.964205,174.390444,173.033913,173.458915,1336007,USD,1d,normal,quantops_deterministic_synthetic_generator,True
1.0.0,6322ea53-e3fc-5c58-890d-9a1953b54dc1,synthetic:1.0.0:QWTI:2023-03-24,QWTI,2023-03-24T21:00:00Z,2023-03-24T21:02:00Z,73.447288,74.208007,73.108968,73.867750,1791550,USD,1d,normal,quantops_deterministic_synthetic_generator,True
1.0.0,029b3921-7198-59a9-bbb8-98726c8c1d91,synthetic:1.0.0:QCASH:2023-03-24,QCASH,2023-03-24T21:00:00Z,2023-03-24T21:02:00Z,100.283943,100.329746,100.245441,100.291242,1037743,USD,1d,normal,quantops_deterministic_synthetic_generator,True
1.0.0,2ae0e556-f876-5612-bf46-4e916d9dec85,synthetic:1.0.0:QTECH:2023-03-27,QTECH,2023-03-27T21:00:00Z,2023-03-27T21:02:00Z,93.328313,93.953365,93.021751,93.645761,2660102,USD,1d,normal,quantops_deterministic_synthetic_generator,True
1.0.0,cb353e68-7bdb-5ee7-b3aa-ae083b7fa744,synthetic:1.0.0:QGOLD:2023-03-27,QGOLD,2023-03-27T21:00:00Z,2023-03-27T21:02:00Z,173.375373,173.840724,172.793060,173.258097,1076106,USD,1d,normal,quantops_deterministic_synthetic_generator,True
1.0.0,ce1f0615-ec6a-53b3-958c-32ad5fb8b671,synthetic:1.0.0:QWTI:2023-03-27,QWTI,2023-03-27T21:00:00Z,2023-03-27T21:02:00Z,74.027353,74.322579,73.629774,73.924590,1397203,USD,1d,normal,quantops_deterministic_synthetic_generator,True
1.0.0,266ad2fd-b4b1-5937-92c8-505f5d8f75ad,synthetic:1.0.0:QCASH:2023-03-27,QCASH,2023-03-27T21:00:00Z,2023-03-27T21:02:00Z,100.292401,100.336173,100.254040,100.297810,881960,USD,1d,normal,quantops_deterministic_synthetic_generator,True
1.0.0,f5e220c6-acc8-57d8-bc0c-743489c0f55f,synthetic:1.0.0:QTECH:2023-03-28,QTECH,2023-03-28T21:00:00Z,2023-03-28T21:02:00Z,93.633526,93.884089,93.093009,93.342794,2775558,USD,1d,normal,quantops_deterministic_synthetic_generator,True
1.0.0,be6f5fb0-c512-58f8-aa9e-0e6e0b37117c,synthetic:1.0.0:QGOLD:2023-03-28,QGOLD,2023-03-28T21:00:00Z,2023-03-28T21:02:00Z,173.038072,175.170600,172.696867,174.825870,2521057,USD,1d,normal,quantops_deterministic_synthetic_generator,True
1.0.0,aced00f1-59a5-5699-ab77-946c6d9c218a,synthetic:1.0.0:QWTI:2023-03-28,QWTI,2023-03-28T21:00:00Z,2023-03-28T21:02:00Z,73.951056,74.206183,73.336454,73.590337,2099686,USD,1d,normal,quantops_deterministic_synthetic_generator,True
1.0.0,32a794b6-8f83-520b-964c-1024d283178b,synthetic:1.0.0:QCASH:2023-03-28,QCASH,2023-03-28T21:00:00Z,2023-03-28T21:02:00Z,100.298229,100.342667,100.260627,100.305062,988822,USD,1d,normal,quantops_deterministic_synthetic_generator,True
1.0.0,4a11ac29-0e8c-5501-a398-a93408353e4c,synthetic:1.0.0:QTECH:2023-03-29,QTECH,2023-03-29T21:00:00Z,2023-03-29T21:02:00Z,93.355448,93.637665,92.763587,93.044864,2104967,USD,1d,normal,quantops_deterministic_synthetic_generator,True
1.0.0,454851e1-4dae-5d06-a676-1f499d30f8ab,synthetic:1.0.0:QGOLD:2023-03-29,QGOLD,2023-03-29T21:00:00Z,2023-03-29T21:02:00Z,174.957511,176.114726,174.491937,175.647316,1478791,USD,1d,normal,quantops_deterministic_synthetic_generator,True
1.0.0,30089655-f3a8-5712-bfbb-6bfb24fddbb0,synthetic:1.0.0:QWTI:2023-03-29,QWTI,2023-03-29T21:00:00Z,2023-03-29T21:02:00Z,73.437242,74.383361,73.014569,73.957692,1850337,USD,1d,normal,quantops_deterministic_synthetic_generator,True
1.0.0,665ba6e6-9be7-5bf8-82b6-bcf5863e8283,synthetic:1.0.0:QCASH:2023-03-29,QCASH,2023-03-29T21:00:00Z,2023-03-29T21:02:00Z,100.304892,100.345882,100.266777,100.307766,683796,USD,1d,normal,quantops_deterministic_synthetic_generator,True
1.0.0,796bbd68-da87-5656-9f95-0d1fb81a04f3,synthetic:1.0.0:QTECH:2023-03-30,QTECH,2023-03-30T21:00:00Z,2023-03-30T21:02:00Z,93.070235,93.384770,92.449611,92.763108,2351338,USD,1d,normal,quantops_deterministic_synthetic_generator,True
1.0.0,a36fd408-d5f6-57e1-b8bc-e6ceb93c771c,synthetic:1.0.0:QGOLD:2023-03-30,QGOLD,2023-03-30T21:00:00Z,2023-03-30T21:02:00Z,175.527782,176.242008,175.251532,175.965069,1154747,USD,1d,normal,quantops_deterministic_synthetic_generator,True
1.0.0,7808b70d-68ec-5379-8163-2dc5a3db95b5,synthetic:1.0.0:QWTI:2023-03-30,QWTI,2023-03-30T21:00:00Z,2023-03-30T21:02:00Z,73.920161,75.124846,73.673321,74.874818,2496213,USD,1d,normal,quantops_deterministic_synthetic_generator,True
1.0.0,a994b8d8-5d81-5365-a27a-8d8a6a344e9a,synthetic:1.0.0:QCASH:2023-03-30,QCASH,2023-03-30T21:00:00Z,2023-03-30T21:02:00Z,100.308589,100.349466,100.271806,100.312682,693510,USD,1d,normal,quantops_deterministic_synthetic_generator,True
1.0.0,ba5dbb95-dec1-5ea8-9085-a27718e8852f,synthetic:1.0.0:QTECH:2023-03-31,QTECH,2023-03-31T21:00:00Z,2023-03-31T21:02:00Z,92.874911,93.597367,92.502432,93.223489,2802532,USD,1d,normal,quantops_deterministic_synthetic_generator,True
1.0.0,b6b897b8-f300-5bae-8537-af609f645cb1,synthetic:1.0.0:QGOLD:2023-03-31,QGOLD,2023-03-31T21:00:00Z,2023-03-31T21:02:00Z,175.950764,177.907190,175.473580,177.426004,1985861,USD,1d,normal,quantops_deterministic_synthetic_generator,True
1.0.0,b2ccbd00-35d2-5129-bef5-e5bf2f971e8f,synthetic:1.0.0:QWTI:2023-03-31,QWTI,2023-03-31T21:00:00Z,2023-03-31T21:02:00Z,75.118797,75.511279,74.091522,74.480670,1745192,USD,1d,normal,quantops_deterministic_synthetic_generator,True
1.0.0,1bfb2857-75ab-5db4-b4c2-3abb081e5033,synthetic:1.0.0:QCASH:2023-03-31,QCASH,2023-03-31T21:00:00Z,2023-03-31T21:02:00Z,100.312050,100.357980,100.274572,100.320499,1021758,USD,1d,normal,quantops_deterministic_synthetic_generator,True
1.0.0,8538e7ec-d1ee-5166-b320-00daaea580b1,synthetic:1.0.0:QTECH:2023-04-03,QTECH,2023-04-03T21:00:00Z,2023-04-03T21:02:00Z,93.202365,95.106910,92.981444,94.882008,4975330,USD,1d,normal,quantops_deterministic_synthetic_generator,True
1.0.0,1fa5799b-74cf-5efc-b8c1-01c03f25611f,synthetic:1.0.0:QGOLD:2023-04-03,QGOLD,2023-04-03T21:00:00Z,2023-04-03T21:02:00Z,177.562764,177.979017,176.801258,177.216699,1153580,USD,1d,normal,quantops_deterministic_synthetic_generator,True
1.0.0,e3a4e0bd-f91d-5916-8a5f-c1e98d37f44b,synthetic:1.0.0:QWTI:2023-04-03,QWTI,2023-04-03T21:00:00Z,2023-04-03T21:02:00Z,74.347842,74.693908,73.625168,73.969474,2126014,USD,1d,normal,quantops_deterministic_synthetic_generator,True
1.0.0,2ff61da2-5ac0-54a3-a869-f72801865cce,synthetic:1.0.0:QCASH:2023-04-03,QCASH,2023-04-03T21:00:00Z,2023-04-03T21:02:00Z,100.320114,100.361755,100.283187,100.324826,723106,USD,1d,normal,quantops_deterministic_synthetic_generator,True
1.0.0,716fd07a-5fd6-5175-a58f-fd563526340b,synthetic:1.0.0:QTECH:2023-04-04,QTECH,2023-04-04T21:00:00Z,2023-04-04T21:02:00Z,95.033405,95.600933,94.741268,95.307952,2620100,USD,1d,normal,quantops_deterministic_synthetic_generator,True
1.0.0,a2b8f119-8f49-5a29-bfc8-ef3762342067,synthetic:1.0.0:QGOLD:2023-04-04,QGOLD,2023-04-04T21:00:00Z,2023-04-04T21:02:00Z,177.128693,177.503662,176.568702,176.943279,1018593,USD,1d,normal,quantops_deterministic_synthetic_generator,True
1.0.0,7d3069a5-f854-5305-8914-a93eee5db330,synthetic:1.0.0:QWTI:2023-04-04,QWTI,2023-04-04T21:00:00Z,2023-04-04T21:02:00Z,73.937678,74.380260,73.083424,73.523526,1888941,USD,1d,normal,quantops_deterministic_synthetic_generator,True
1.0.0,b7f3b6d2-22b7-5fae-a2c9-f3a4d1419858,synthetic:1.0.0:QCASH:2023-04-04,QCASH,2023-04-04T21:00:00Z,2023-04-04T21:02:00Z,100.324878,100.368523,100.288073,100.331715,1030263,USD,1d,normal,quantops_deterministic_synthetic_generator,True
1.0.0,1362feaa-737e-5d51-acb0-4066f6c32dcf,synthetic:1.0.0:QTECH:2023-04-05,QTECH,2023-04-05T21:00:00Z,2023-04-05T21:02:00Z,95.402369,95.755007,94.659622,95.010813,2513184,USD,1d,normal,quantops_deterministic_synthetic_generator,True
1.0.0,016e2180-2fc6-587d-a857-13ed819ec98c,synthetic:1.0.0:QGOLD:2023-04-05,QGOLD,2023-04-05T21:00:00Z,2023-04-05T21:02:00Z,176.929484,179.475804,176.555517,179.097255,2681556,USD,1d,normal,quantops_deterministic_synthetic_generator,True
1.0.0,ae436633-66c9-54ac-8fc2-289543810bc5,synthetic:1.0.0:QWTI:2023-04-05,QWTI,2023-04-05T21:00:00Z,2023-04-05T21:02:00Z,73.519854,74.382936,73.292215,74.153336,1993251,USD,1d,normal,quantops_deterministic_synthetic_generator,True
1.0.0,9331feb8-ace5-5fbb-8dec-285a856c09e4,synthetic:1.0.0:QCASH:2023-04-05,QCASH,2023-04-05T21:00:00Z,2023-04-05T21:02:00Z,100.331280,100.378068,100.293929,100.340715,1056850,USD,1d,normal,quantops_deterministic_synthetic_generator,True
1.0.0,95f32e1f-bd06-5f45-8f0a-7abe72dbf673,synthetic:1.0.0:QTECH:2023-04-06,QTECH,2023-04-06T21:00:00Z,2023-04-06T21:02:00Z,94.935743,95.744615,94.629026,95.436281,2286411,USD,1d,normal,quantops_deterministic_synthetic_generator,True
1.0.0,70048033-1ef1-5b2c-8e39-3cfd1d7e2305,synthetic:1.0.0:QGOLD:2023-04-06,QGOLD,2023-04-06T21:00:00Z,2023-04-06T21:02:00Z,179.280148,179.730666,178.070713,178.519319,1618805,USD,1d,normal,quantops_deterministic_synthetic_generator,True
1.0.0,dc556fa3-a8dc-581e-b6dd-5f7489d05ab3,synthetic:1.0.0:QWTI:2023-04-06,QWTI,2023-04-06T21:00:00Z,2023-04-06T21:02:00Z,74.246686,74.453729,73.802590,74.008971,1614570,USD,1d,normal,quantops_deterministic_synthetic_generator,True
1.0.0,304b2501-955d-5a19-ba42-d6f70877eaa3,synthetic:1.0.0:QCASH:2023-04-06,QCASH,2023-04-06T21:00:00Z,2023-04-06T21:02:00Z,100.340769,100.384881,100.301719,100.345829,711433,USD,1d,normal,quantops_deterministic_synthetic_generator,True
1.0.0,9ce765ca-a169-5f05-ad2a-680796ddcdd1,synthetic:1.0.0:QTECH:2023-04-07,QTECH,2023-04-07T21:00:00Z,2023-04-07T21:02:00Z,95.483497,96.884286,95.088216,96.484860,4175155,USD,1d,normal,quantops_deterministic_synthetic_generator,True
1.0.0,07cbdad6-9139-5df6-8cc5-55e1861f4e0d,synthetic:1.0.0:QGOLD:2023-04-07,QGOLD,2023-04-07T21:00:00Z,2023-04-07T21:02:00Z,178.389120,179.362799,177.977768,178.950154,1172643,USD,1d,normal,quantops_deterministic_synthetic_generator,True
1.0.0,c51d1225-a6f6-52af-8a92-38e36b520079,synthetic:1.0.0:QWTI:2023-04-07,QWTI,2023-04-07T21:00:00Z,2023-04-07T21:02:00Z,74.020295,75.071782,73.692339,74.740634,2440621,USD,1d,normal,quantops_deterministic_synthetic_generator,True
1.0.0,0c5ba2f0-27b0-59ce-9ed1-89722293ce58,synthetic:1.0.0:QCASH:2023-04-07,QCASH,2023-04-07T21:00:00Z,2023-04-07T21:02:00Z,100.346227,100.393247,100.308690,100.355706,1047289,USD,1d,normal,quantops_deterministic_synthetic_generator,True
1.0.0,7fbdca3e-f2e9-5dad-9b8d-be7136e694be,synthetic:1.0.0:QTECH:2023-04-10,QTECH,2023-04-10T21:00:00Z,2023-04-10T21:02:00Z,96.493992,97.286422,96.015296,96.806177,2425838,USD,1d,normal,quantops_deterministic_synthetic_generator,True
1.0.0,9f06ae7d-a246-58fa-a464-69a9e86fbaf0,synthetic:1.0.0:QGOLD:2023-04-10,QGOLD,2023-04-10T21:00:00Z,2023-04-10T21:02:00Z,178.736081,181.348161,178.336956,180.944105,2876593,USD,1d,normal,quantops_deterministic_synthetic_generator,True
1.0.0,f49b2a1b-8a6d-51cc-a854-fd37af237f78,synthetic:1.0.0:QWTI:2023-04-10,QWTI,2023-04-10T21:00:00Z,2023-04-10T21:02:00Z,74.713029,76.385856,74.221057,75.886159,2937514,USD,1d,normal,quantops_deterministic_synthetic_generator,True
1.0.0,dcedfa4b-4259-536e-963e-65088729834b,synthetic:1.0.0:QCASH:2023-04-10,QCASH,2023-04-10T21:00:00Z,2023-04-10T21:02:00Z,100.355597,100.398277,100.318802,100.361479,820875,USD,1d,normal,quantops_deterministic_synthetic_generator,True
1.0.0,0d7fc60d-6221-5a5e-b5e7-cf29258be676,synthetic:1.0.0:QTECH:2023-04-11,QTECH,2023-04-11T21:00:00Z,2023-04-11T21:02:00Z,96.862525,99.284425,96.466301,98.879948,5403853,USD,1d,normal,quantops_deterministic_synthetic_generator,True
1.0.0,fed5a6eb-cda6-5c39-a924-f0d90f37d12c,synthetic:1.0.0:QGOLD:2023-04-11,QGOLD,2023-04-11T21:00:00Z,2023-04-11T21:02:00Z,181.082334,184.217865,180.461305,183.588242,2913830,USD,1d,normal,quantops_deterministic_synthetic_generator,True
1.0.0,06d4fe9d-908d-5a1b-a9f4-dc63628fc8ac,synthetic:1.0.0:QWTI:2023-04-11,QWTI,2023-04-11T21:00:00Z,2023-04-11T21:02:00Z,75.971151,76.838094,75.607461,76.472006,2018989,USD,1d,normal,quantops_deterministic_synthetic_generator,True
1.0.0,16e7ab6b-8d9c-5f94-b4b8-1b6639ed195e,synthetic:1.0.0:QCASH:2023-04-11,QCASH,2023-04-11T21:00:00Z,2023-04-11T21:02:00Z,100.361976,100.404592,100.325066,100.367679,1002323,USD,1d,normal,quantops_deterministic_synthetic_generator,True
1.0.0,b048b054-c918-515c-9ae6-97133ecbfb75,synthetic:1.0.0:QTECH:2023-04-12,QTECH,2023-04-12T21:00:00Z,2023-04-12T21:02:00Z,98.853590,100.305455,98.541103,99.989378,4219608,USD,1d,normal,quantops_deterministic_synthetic_generator,True
1.0.0,8b252fcb-f69d-52dd-8f8a-a9f70850f9b6,synthetic:1.0.0:QGOLD:2023-04-12,QGOLD,2023-04-12T21:00:00Z,2023-04-12T21:02:00Z,183.561300,184.407320,183.020032,183.865156,1093561,USD,1d,normal,quantops_deterministic_synthetic_generator,True
1.0.0,9921aafc-caa0-56d1-aa77-43ed590849ce,synthetic:1.0.0:QWTI:2023-04-12,QWTI,2023-04-12T21:00:00Z,2023-04-12T21:02:00Z,76.332454,76.651248,75.834585,76.152628,1683964,USD,1d,normal,quantops_deterministic_synthetic_generator,True
1.0.0,fb084855-9dfd-55e7-92ea-a37972e2a9f3,synthetic:1.0.0:QCASH:2023-04-12,QCASH,2023-04-12T21:00:00Z,2023-04-12T21:02:00Z,100.365933,100.411465,100.328937,100.374466,898883,USD,1d,normal,quantops_deterministic_synthetic_generator,True
1.0.0,90819f04-7b5b-5c46-9337-e82948049e82,synthetic:1.0.0:QTECH:2023-04-13,QTECH,2023-04-13T21:00:00Z,2023-04-13T21:02:00Z,99.889545,101.083728,99.673029,100.865097,3288942,USD,1d,normal,quantops_deterministic_synthetic_generator,True
1.0.0,e2ebea5f-7458-5d76-9e91-c23af1d19827,synthetic:1.0.0:QGOLD:2023-04-13,QGOLD,2023-04-13T21:00:00Z,2023-04-13T21:02:00Z,183.998528,184.632453,182.755087,183.386904,1029040,USD,1d,normal,quantops_deterministic_synthetic_generator,True
1.0.0,52c662e3-602b-5c2d-ab53-96be5c9731e1,synthetic:1.0.0:QWTI:2023-04-13,QWTI,2023-04-13T21:00:00Z,2023-04-13T21:02:00Z,76.215534,76.486568,75.318966,75.587768,1996503,USD,1d,normal,quantops_deterministic_synthetic_generator,True
1.0.0,4393e71e-21e5-5178-a5c4-88ec8b4b41aa,synthetic:1.0.0:QCASH:2023-04-13,QCASH,2023-04-13T21:00:00Z,2023-04-13T21:02:00Z,100.373355,100.414766,100.335007,100.376417,598317,USD,1d,normal,quantops_deterministic_synthetic_generator,True
1.0.0,387a9440-ea97-59cb-bc9c-de54039d4076,synthetic:1.0.0:QTECH:2023-04-14,QTECH,2023-04-14T21:00:00Z,2023-04-14T21:02:00Z,100.895838,101.139828,100.555923,100.799681,2044979,USD,1d,normal,quantops_deterministic_synthetic_generator,True
1.0.0,19bfae4d-2d8f-58a1-9284-ff72192d4ae5,synthetic:1.0.0:QGOLD:2023-04-14,QGOLD,2023-04-14T21:00:00Z,2023-04-14T21:02:00Z,183.757851,184.866301,183.340348,184.447232,1730620,USD,1d,normal,quantops_deterministic_synthetic_generator,True
1.0.0,d46c2297-ccd4-5156-8d96-20c2f5a098c5,synthetic:1.0.0:QWTI:2023-04-14,QWTI,2023-04-14T21:00:00Z,2023-04-14T21:02:00Z,75.573356,76.378724,75.276226,76.079603,1802719,USD,1d,normal,quantops_deterministic_synthetic_generator,True
1.0.0,c53d81db-f0cd-5b7a-8725-b07e03d72ebd,synthetic:1.0.0:QCASH:2023-04-14,QCASH,2023-04-14T21:00:00Z,2023-04-14T21:02:00Z,100.377056,100.417944,100.340241,100.381128,771507,USD,1d,normal,quantops_deterministic_synthetic_generator,True
1.0.0,f8545e58-9396-5cb8-948b-eb2eed266997,synthetic:1.0.0:QTECH:2023-04-17,QTECH,2023-04-17T21:00:00Z,2023-04-17T21:02:00Z,100.885876,101.239831,97.991593,98.336605,6459449,USD,1d,normal,quantops_deterministic_synthetic_generator,True
1.0.0,5a573849-2bd6-5937-8375-5fe8a3e4e01b,synthetic:1.0.0:QGOLD:2023-04-17,QGOLD,2023-04-17T21:00:00Z,2023-04-17T21:02:00Z,184.504895,184.870123,181.908173,182.268975,2681884,USD,1d,normal,quantops_deterministic_synthetic_generator,True
1.0.0,a0fa5008-a5f6-5882-9a22-69b67a602bff,synthetic:1.0.0:QWTI:2023-04-17,QWTI,2023-04-17T21:00:00Z,2023-04-17T21:02:00Z,76.074023,76.365773,74.720531,75.008194,3262637,USD,1d,normal,quantops_deterministic_synthetic_generator,True
1.0.0,890c2013-a24b-5d83-9471-b58c7362da6d,synthetic:1.0.0:QCASH:2023-04-17,QCASH,2023-04-17T21:00:00Z,2023-04-17T21:02:00Z,100.382047,100.421838,100.344860,100.384651,735585,USD,1d,normal,quantops_deterministic_synthetic_generator,True
1.0.0,5c914a6d-1a54-5654-ba14-8cabfa2c55f2,synthetic:1.0.0:QTECH:2023-04-18,QTECH,2023-04-18T21:00:00Z,2023-04-18T21:02:00Z,98.473866,98.894381,98.101281,98.521615,2277890,USD,1d,normal,quantops_deterministic_synthetic_generator,True
1.0.0,ef1cfbd6-e713-5451-9167-5a2ed23b6526,synthetic:1.0.0:QGOLD:2023-04-18,QGOLD,2023-04-18T21:00:00Z,2023-04-18T21:02:00Z,182.453996,183.874286,182.135048,183.553417,1888307,USD,1d,normal,quantops_deterministic_synthetic_generator,True
1.0.0,1189ff89-f6db-5f40-94af-0eedb453a105,synthetic:1.0.0:QWTI:2023-04-18,QWTI,2023-04-18T21:00:00Z,2023-04-18T21:02:00Z,74.894638,75.740686,74.611569,75.455497,1992795,USD,1d,normal,quantops_deterministic_synthetic_generator,True
1.0.0,15a09c8b-fae2-5a38-8796-e901f3e57631,synthetic:1.0.0:QCASH:2023-04-18,QCASH,2023-04-18T21:00:00Z,2023-04-18T21:02:00Z,100.382500,100.428011,100.345478,100.390985,1032239,USD,1d,normal,quantops_deterministic_synthetic_generator,True
1.0.0,bd17d201-fb02-598e-bc11-fc28822d5eb0,synthetic:1.0.0:QTECH:2023-04-19,QTECH,2023-04-19T21:00:00Z,2023-04-19T21:02:00Z,98.637037,99.007168,98.406603,98.776408,2245069,USD,1d,normal,quantops_deterministic_synthetic_generator,True
1.0.0,0b80eb99-8004-5936-bca9-1e37d17c42d8,synthetic:1.0.0:QGOLD:2023-04-19,QGOLD,2023-04-19T21:00:00Z,2023-04-19T21:02:00Z,183.783618,186.456573,183.130503,185.796306,2710162,USD,1d,normal,quantops_deterministic_synthetic_generator,True
1.0.0,b195a431-92cf-5f2c-9e97-75f0b8427209,synthetic:1.0.0:QWTI:2023-04-19,QWTI,2023-04-19T21:00:00Z,2023-04-19T21:02:00Z,75.550964,76.472178,75.244868,76.163600,2252803,USD,1d,normal,quantops_deterministic_synthetic_generator,True
1.0.0,86045ae3-fa86-5795-9c20-af2e6a193120,synthetic:1.0.0:QCASH:2023-04-19,QCASH,2023-04-19T21:00:00Z,2023-04-19T21:02:00Z,100.390748,100.435746,100.352352,100.397348,928445,USD,1d,normal,quantops_deterministic_synthetic_generator,True
1.0.0,dc1b6af3-c9f3-5e34-b7a9-b9061c4af718,synthetic:1.0.0:QTECH:2023-04-20,QTECH,2023-04-20T21:00:00Z,2023-04-20T21:02:00Z,98.892102,100.006876,98.649370,99.762009,3950955,USD,1d,normal,quantops_deterministic_synthetic_generator,True
1.0.0,b09bf630-ded0-5510-9d3b-23aadfa8e5b5,synthetic:1.0.0:QGOLD:2023-04-20,QGOLD,2023-04-20T21:00:00Z,2023-04-20T21:02:00Z,185.617830,186.005377,184.853716,185.240475,1390805,USD,1d,normal,quantops_deterministic_synthetic_generator,True
1.0.0,c282e8c0-f0f0-5466-8b8a-68351ab6266e,synthetic:1.0.0:QWTI:2023-04-20,QWTI,2023-04-20T21:00:00Z,2023-04-20T21:02:00Z,76.269218,78.372822,76.035993,78.133894,3582738,USD,1d,normal,quantops_deterministic_synthetic_generator,True
1.0.0,96f75243-8cb4-5404-9d96-90215905207b,synthetic:1.0.0:QCASH:2023-04-20,QCASH,2023-04-20T21:00:00Z,2023-04-20T21:02:00Z,100.398106,100.440552,100.360731,100.403175,860610,USD,1d,normal,quantops_deterministic_synthetic_generator,True
1.0.0,efd344a9-7aa8-5396-9d3a-3e6893bb8ba3,synthetic:1.0.0:QTECH:2023-04-21,QTECH,2023-04-21T21:00:00Z,2023-04-21T21:02:00Z,99.939053,100.459688,99.436303,99.956849,2581903,USD,1d,normal,quantops_deterministic_synthetic_generator,True
1.0.0,221a63b2-cd8f-533f-974e-8df1006dd9f2,synthetic:1.0.0:QGOLD:2023-04-21,QGOLD,2023-04-21T21:00:00Z,2023-04-21T21:02:00Z,185.074469,185.465201,183.852587,184.241561,1765063,USD,1d,normal,quantops_deterministic_synthetic_generator,True
1.0.0,e22ad34b-c5da-58e7-9f0e-e564af71aab1,synthetic:1.0.0:QWTI:2023-04-21,QWTI,2023-04-21T21:00:00Z,2023-04-21T21:02:00Z,78.178536,79.533609,77.823281,79.173831,2665070,USD,1d,normal,quantops_deterministic_synthetic_generator,True
1.0.0,31084247-c51b-5312-92a5-deaaf4096237,synthetic:1.0.0:QCASH:2023-04-21,QCASH,2023-04-21T21:00:00Z,2023-04-21T21:02:00Z,100.402576,100.447276,100.364119,100.408817,812867,USD,1d,normal,quantops_deterministic_synthetic_generator,True
1.0.0,a6885ede-447b-5c45-9a15-eff644f9831d,synthetic:1.0.0:QTECH:2023-04-24,QTECH,2023-04-24T21:00:00Z,2023-04-24T21:02:00Z,99.905779,100.206131,99.134816,99.433750,3046523,USD,1d,normal,quantops_deterministic_synthetic_generator,True
1.0.0,08326a70-1116-5ccd-b9ac-a803b9c46dd5,synthetic:1.0.0:QGOLD:2023-04-24,QGOLD,2023-04-24T21:00:00Z,2023-04-24T21:02:00Z,184.372001,184.815612,184.031606,184.475027,1165723,USD,1d,normal,quantops_deterministic_synthetic_generator,True
1.0.0,a7b988b7-6cc3-5e9b-893b-f30118069c10,synthetic:1.0.0:QWTI:2023-04-24,QWTI,2023-04-24T21:00:00Z,2023-04-24T21:02:00Z,79.197206,79.519612,78.658735,78.980257,1429171,USD,1d,normal,quantops_deterministic_synthetic_generator,True
1.0.0,2303f7fa-bfa4-55d8-829d-aa09b0e288de,synthetic:1.0.0:QCASH:2023-04-24,QCASH,2023-04-24T21:00:00Z,2023-04-24T21:02:00Z,100.407008,100.447932,100.368718,100.409642,547016,USD,1d,normal,quantops_deterministic_synthetic_generator,True
1.0.0,61e2424c-d8c7-5612-b5dc-117c7d62c477,synthetic:1.0.0:QTECH:2023-04-25,QTECH,2023-04-25T21:00:00Z,2023-04-25T21:02:00Z,99.374891,101.757189,99.106428,101.483031,6053123,USD,1d,normal,quantops_deterministic_synthetic_generator,True
1.0.0,cd8d6744-2c13-510f-bca5-f979dd18299f,synthetic:1.0.0:QGOLD:2023-04-25,QGOLD,2023-04-25T21:00:00Z,2023-04-25T21:02:00Z,184.386546,184.711280,182.953190,183.275969,1994999,USD,1d,normal,quantops_deterministic_synthetic_generator,True
1.0.0,2cd9d667-19ad-5e33-bcf4-7702bda52110,synthetic:1.0.0:QWTI:2023-04-25,QWTI,2023-04-25T21:00:00Z,2023-04-25T21:02:00Z,79.112345,81.598139,78.851719,81.330206,4617470,USD,1d,normal,quantops_deterministic_synthetic_generator,True
1.0.0,728e1f67-b560-5f7a-95c0-d296c619967a,synthetic:1.0.0:QCASH:2023-04-25,QCASH,2023-04-25T21:00:00Z,2023-04-25T21:02:00Z,100.408819,100.453743,100.370635,100.415556,896431,USD,1d,normal,quantops_deterministic_synthetic_generator,True
1.0.0,9f034144-aecf-5b16-bcd8-17f14653ee26,synthetic:1.0.0:QTECH:2023-04-26,QTECH,2023-04-26T21:00:00Z,2023-04-26T21:02:00Z,101.633915,102.184908,101.358724,101.908971,2531838,USD,1d,normal,quantops_deterministic_synthetic_generator,True
1.0.0,552e37e2-ad64-578a-af2a-85bc90110b99,synthetic:1.0.0:QGOLD:2023-04-26,QGOLD,2023-04-26T21:00:00Z,2023-04-26T21:02:00Z,183.327600,186.098509,183.008677,185.775328,3081018,USD,1d,normal,quantops_deterministic_synthetic_generator,True
1.0.0,70fe4fb5-809b-5684-940d-ec71630b483e,synthetic:1.0.0:QWTI:2023-04-26,QWTI,2023-04-26T21:00:00Z,2023-04-26T21:02:00Z,81.269010,82.064456,80.893468,81.686983,1818848,USD,1d,normal,quantops_deterministic_synthetic_generator,True
1.0.0,5243f9b4-59cd-5485-befb-4e5cdad7d766,synthetic:1.0.0:QCASH:2023-04-26,QCASH,2023-04-26T21:00:00Z,2023-04-26T21:02:00Z,100.415566,100.460049,100.378278,100.422759,910787,USD,1d,normal,quantops_deterministic_synthetic_generator,True
1.0.0,300c265c-1e43-589a-a915-45246bd264ff,synthetic:1.0.0:QTECH:2023-04-27,QTECH,2023-04-27T21:00:00Z,2023-04-27T21:02:00Z,102.042493,102.518016,101.572382,102.047881,1855748,USD,1d,normal,quantops_deterministic_synthetic_generator,True
1.0.0,64e10f10-ff99-5c7e-9f44-73e01ab3f769,synthetic:1.0.0:QGOLD:2023-04-27,QGOLD,2023-04-27T21:00:00Z,2023-04-27T21:02:00Z,185.824335,187.964373,185.363695,187.499580,2401112,USD,1d,normal,quantops_deterministic_synthetic_generator,True
1.0.0,39428848-a58c-5b85-9d18-92e8f31509d7,synthetic:1.0.0:QWTI:2023-04-27,QWTI,2023-04-27T21:00:00Z,2023-04-27T21:02:00Z,81.621951,81.933224,79.832439,80.138053,3379847,USD,1d,normal,quantops_deterministic_synthetic_generator,True
1.0.0,51e6464f-bab3-5e98-8b36-0de5edeb6fcc,synthetic:1.0.0:QCASH:2023-04-27,QCASH,2023-04-27T21:00:00Z,2023-04-27T21:02:00Z,100.422372,100.467119,100.384530,100.429275,841000,USD,1d,normal,quantops_deterministic_synthetic_generator,True
1.0.0,757e9572-c0e9-57fe-98f1-134daea235ba,synthetic:1.0.0:QTECH:2023-04-28,QTECH,2023-04-28T21:00:00Z,2023-04-28T21:02:00Z,102.057796,102.401470,100.023250,100.361211,5364328,USD,1d,normal,quantops_deterministic_synthetic_generator,True
1.0.0,c037cead-747b-53f8-a4fd-fe0d3b9ef59f,synthetic:1.0.0:QGOLD:2023-04-28,QGOLD,2023-04-28T21:00:00Z,2023-04-28T21:02:00Z,187.576244,189.362339,187.129311,188.912223,1865028,USD,1d,normal,quantops_deterministic_synthetic_generator,True
1.0.0,0943799d-77f8-5378-b777-cb049f4e40d7,synthetic:1.0.0:QWTI:2023-04-28,QWTI,2023-04-28T21:00:00Z,2023-04-28T21:02:00Z,80.179500,80.441315,78.969208,79.227916,2198026,USD,1d,normal,quantops_deterministic_synthetic_generator,True
1.0.0,1e8d65a5-1f7c-5717-af4b-e975260dc52a,synthetic:1.0.0:QCASH:2023-04-28,QCASH,2023-04-28T21:00:00Z,2023-04-28T21:02:00Z,100.431433,100.474334,100.392706,100.435605,964431,USD,1d,normal,quantops_deterministic_synthetic_generator,True
1.0.0,98f8c6b3-3add-50d7-a39b-d8bcaee8cc24,synthetic:1.0.0:QTECH:2023-05-01,QTECH,2023-05-01T21:00:00Z,2023-05-01T21:02:00Z,100.378247,100.686535,99.166095,99.471599,3675300,USD,1d,normal,quantops_deterministic_synthetic_generator,True
1.0.0,b8e4bdd5-f98a-5dd5-8a3c-b8097cb193bd,synthetic:1.0.0:QGOLD:2023-05-01,QGOLD,2023-05-01T21:00:00Z,2023-05-01T21:02:00Z,188.910356,189.251987,186.286820,186.624316,3082639,USD,1d,normal,quantops_deterministic_synthetic_generator,True
1.0.0,a0f1c641-fa5c-5768-ac9a-c060acb418e3,synthetic:1.0.0:QWTI:2023-05-01,QWTI,2023-05-01T21:00:00Z,2023-05-01T21:02:00Z,79.135589,79.490596,76.603678,76.948875,4498145,USD,1d,normal,quantops_deterministic_synthetic_generator,True
1.0.0,6b0ec2ef-42d0-5441-8f32-cd394539e938,synthetic:1.0.0:QCASH:2023-05-01,QCASH,2023-05-01T21:00:00Z,2023-05-01T21:02:00Z,100.435045,100.478516,100.396064,100.439533,787939,USD,1d,normal,quantops_deterministic_synthetic_generator,True
1.0.0,cf577e88-af88-5716-b6fc-80ff3e2bb1ce,synthetic:1.0.0:QTECH:2023-05-02,QTECH,2023-05-02T21:00:00Z,2023-05-02T21:02:00Z,99.295365,99.668501,98.569106,98.940910,2851839,USD,1d,normal,quantops_deterministic_synthetic_generator,True
1.0.0,e15e2518-8456-5105-b928-f65f0a50b541,synthetic:1.0.0:QGOLD:2023-05-02,QGOLD,2023-05-02T21:00:00Z,2023-05-02T21:02:00Z,186.612127,186.996940,185.733810,186.117603,1357994,USD,1d,normal,quantops_deterministic_synthetic_generator,True
1.0.0,6c66dde5-a083-5337-9df5-6e88524748c7,synthetic:1.0.0:QWTI:2023-05-02,QWTI,2023-05-02T21:00:00Z,2023-05-02T21:02:00Z,76.705721,77.298895,76.350429,76.942506,1302660,USD,1d,normal,quantops_deterministic_synthetic_generator,True
1.0.0,1cc071ef-f225-5666-8243-9246abc0fead,synthetic:1.0.0:QCASH:2023-05-02,QCASH,2023-05-02T21:00:00Z,2023-05-02T21:02:00Z,100.438842,100.482288,100.399863,100.443307,800415,USD,1d,normal,quantops_deterministic_synthetic_generator,True
1.0.0,ab2c3b8d-62fb-55ee-bb33-498052c98ed9,synthetic:1.0.0:QTECH:2023-05-03,QTECH,2023-05-03T21:00:00Z,2023-05-03T21:02:00Z,98.838216,99.520070,98.246513,98.927831,1803432,USD,1d,normal,quantops_deterministic_synthetic_generator,True
1.0.0,af1212e7-13db-508f-9e87-5c50ff43f3c6,synthetic:1.0.0:QGOLD:2023-05-03,QGOLD,2023-05-03T21:00:00Z,2023-05-03T21:02:00Z,186.189951,186.778083,184.272765,184.856685,2001665,USD,1d,normal,quantops_deterministic_synthetic_generator,True
1.0.0,c7b4925b-9313-5da6-8e62-6451574de355,synthetic:1.0.0:QWTI:2023-05-03,QWTI,2023-05-03T21:00:00Z,2023-05-03T21:02:00Z,76.826816,77.718486,76.453540,77.342703,1513029,USD,1d,normal,quantops_deterministic_synthetic_generator,True
1.0.0,4f8b3dc8-96ea-5b34-8b67-4b66d65b8f2d,synthetic:1.0.0:QCASH:2023-05-03,QCASH,2023-05-03T21:00:00Z,2023-05-03T21:02:00Z,100.442948,100.487109,100.405125,100.449284,861942,USD,1d,normal,quantops_deterministic_synthetic_generator,True
1.0.0,90ed6dce-74b3-5907-9bf2-8aa5b4be8d29,synthetic:1.0.0:QTECH:2023-05-04,QTECH,2023-05-04T21:00:00Z,2023-05-04T21:02:00Z,98.963444,100.212092,98.566373,99.811617,4165641,USD,1d,normal,quantops_deterministic_synthetic_generator,True
1.0.0,04b824c6-5eac-521b-bf9a-23a184234bf9,synthetic:1.0.0:QGOLD:2023-05-04,QGOLD,2023-05-04T21:00:00Z,2023-05-04T21:02:00Z,184.903998,185.308635,184.040890,184.444522,1373659,USD,1d,normal,quantops_deterministic_synthetic_generator,True
1.0.0,e5506995-17f7-5495-ac57-f7bab0482d24,synthetic:1.0.0:QWTI:2023-05-04,QWTI,2023-05-04T21:00:00Z,2023-05-04T21:02:00Z,77.287024,77.524781,76.322589,76.558104,2445111,USD,1d,normal,quantops_deterministic_synthetic_generator,True
1.0.0,a2799968-c32a-554a-9915-e93652ee2d64,synthetic:1.0.0:QCASH:2023-05-04,QCASH,2023-05-04T21:00:00Z,2023-05-04T21:02:00Z,100.449370,100.491060,100.410802,100.452490,711110,USD,1d,normal,quantops_deterministic_synthetic_generator,True
1.0.0,e6b76494-8ba5-56e5-8fc4-90c985821298,synthetic:1.0.0:QTECH:2023-05-05,QTECH,2023-05-05T21:00:00Z,2023-05-05T21:02:00Z,99.941134,101.106222,99.588853,100.751086,3663096,USD,1d,normal,quantops_deterministic_synthetic_generator,True
1.0.0,26ec70d5-3a2f-505c-afd4-75f7a69fbd21,synthetic:1.0.0:QGOLD:2023-05-05,QGOLD,2023-05-05T21:00:00Z,2023-05-05T21:02:00Z,184.366017,185.549147,183.905317,185.086645,1638385,USD,1d,normal,quantops_deterministic_synthetic_generator,True
1.0.0,39240286-d763-5b48-98d6-0ee4016f95f2,synthetic:1.0.0:QWTI:2023-05-05,QWTI,2023-05-05T21:00:00Z,2023-05-05T21:02:00Z,76.582748,76.942270,75.544452,75.900773,2439227,USD,1d,normal,quantops_deterministic_synthetic_generator,True
1.0.0,cb7b3b20-1d25-539f-81bf-5589ea6e071f,synthetic:1.0.0:QCASH:2023-05-05,QCASH,2023-05-05T21:00:00Z,2023-05-05T21:02:00Z,100.452921,100.493650,100.416018,100.456746,713409,USD,1d,normal,quantops_deterministic_synthetic_generator,True
1.0.0,fb84bf2c-1be3-56fb-9d1e-7ddb088f7614,synthetic:1.0.0:QTECH:2023-05-08,QTECH,2023-05-08T21:00:00Z,2023-05-08T21:02:00Z,100.849972,101.324722,100.489134,100.963478,2287789,USD,1d,normal,quantops_deterministic_synthetic_generator,True
1.0.0,f5372b65-e87e-534b-88a4-236129f9e0f0,synthetic:1.0.0:QGOLD:2023-05-08,QGOLD,2023-05-08T21:00:00Z,2023-05-08T21:02:00Z,185.309388,186.953962,184.794865,186.436310,1853930,USD,1d,normal,quantops_deterministic_synthetic_generator,True
1.0.0,a3fe60d9-31fa-5cbf-b9b1-450c152539f4,synthetic:1.0.0:QWTI:2023-05-08,QWTI,2023-05-08T21:00:00Z,2023-05-08T21:02:00Z,75.979322,77.148338,75.662922,76.828403,2326812,USD,1d,normal,quantops_deterministic_synthetic_generator,True
1.0.0,507b57f8-fb2c-5ba5-84dc-49dadfc05ddf,synthetic:1.0.0:QCASH:2023-05-08,QCASH,2023-05-08T21:00:00Z,2023-05-08T21:02:00Z,100.457395,100.500062,100.420195,100.462861,918470,USD,1d,normal,quantops_deterministic_synthetic_generator,True
1.0.0,9b9efbb8-ebcc-5991-89f2-92b12e089d49,synthetic:1.0.0:QTECH:2023-05-09,QTECH,2023-05-09T21:00:00Z,2023-05-09T21:02:00Z,100.969741,101.600432,99.845884,100.473476,2717952,USD,1d,normal,quantops_deterministic_synthetic_generator,True
1.0.0,b9bd8549-dc6c-5728-b19f-5bb2ed8bc2f2,synthetic:1.0.0:QGOLD:2023-05-09,QGOLD,2023-05-09T21:00:00Z,2023-05-09T21:02:00Z,186.569592,187.392400,186.198386,187.020296,1291481,USD,1d,normal,quantops_deterministic_synthetic_generator,True
1.0.0,9e089a45-f6c2-5cc9-9a6e-492d0f7c7428,synthetic:1.0.0:QWTI:2023-05-09,QWTI,2023-05-09T21:00:00Z,2023-05-09T21:02:00Z,76.750077,77.064544,75.798679,76.110526,2332414,USD,1d,normal,quantops_deterministic_synthetic_generator,True
1.0.0,968a5447-6f68-5982-9792-5897cdc4a0ec,synthetic:1.0.0:QCASH:2023-05-09,QCASH,2023-05-09T21:00:00Z,2023-05-09T21:02:00Z,100.461420,100.504515,100.423632,100.466725,686636,USD,1d,normal,quantops_deterministic_synthetic_generator,True
1.0.0,709128b6-c850-5ae3-a15e-cd1073381179,synthetic:1.0.0:QTECH:2023-05-10,QTECH,2023-05-10T21:00:00Z,2023-05-10T21:02:00Z,100.507922,100.784435,99.264660,99.538506,3660574,USD,1d,normal,quantops_deterministic_synthetic_generator,True
1.0.0,c17c7176-a740-553a-8330-69ada3064f75,synthetic:1.0.0:QGOLD:2023-05-10,QGOLD,2023-05-10T21:00:00Z,2023-05-10T21:02:00Z,186.977970,187.321014,185.916242,186.257964,1539593,USD,1d,normal,quantops_deterministic_synthetic_generator,True
1.0.0,4d671aa9-f720-5e21-a2bf-c04fbbde5a58,synthetic:1.0.0:QWTI:2023-05-10,QWTI,2023-05-10T21:00:00Z,2023-05-10T21:02:00Z,76.140788,76.547410,74.883792,75.285849,2258012,USD,1d,normal,quantops_deterministic_synthetic_generator,True
1.0.0,2e130e10-7136-5d0c-a0b4-ad37a31f0145,synthetic:1.0.0:QCASH:2023-05-10,QCASH,2023-05-10T21:00:00Z,2023-05-10T21:02:00Z,100.467159,100.511110,100.427758,100.471708,722358,USD,1d,normal,quantops_deterministic_synthetic_generator,True
1.0.0,e0d527a6-e2ca-540d-809d-343a15593940,synthetic:1.0.0:QTECH:2023-05-11,QTECH,2023-05-11T21:00:00Z,2023-05-11T21:02:00Z,99.641643,100.529932,99.370225,100.256838,3619518,USD,1d,normal,quantops_deterministic_synthetic_generator,True
1.0.0,3bad1a1f-f15c-5b7f-9e92-85982ee2c498,synthetic:1.0.0:QGOLD:2023-05-11,QGOLD,2023-05-11T21:00:00Z,2023-05-11T21:02:00Z,186.216179,186.514170,185.507281,185.804613,1221944,USD,1d,normal,quantops_deterministic_synthetic_generator,True
1.0.0,d0aaac65-d0c6-5c62-bb2f-20f9f08d779f,synthetic:1.0.0:QWTI:2023-05-11,QWTI,2023-05-11T21:00:00Z,2023-05-11T21:02:00Z,75.227295,75.885150,74.079008,74.732537,2304389,USD,1d,normal,quantops_deterministic_synthetic_generator,True
1.0.0,5652f436-52db-5960-962b-237eba0ea840,synthetic:1.0.0:QCASH:2023-05-11,QCASH,2023-05-11T21:00:00Z,2023-05-11T21:02:00Z,100.471499,100.513397,100.433698,100.475594,825795,USD,1d,normal,quantops_deterministic_synthetic_generator,True
1.0.0,14378873-967f-5e98-8591-11b38653b5ca,synthetic:1.0.0:QTECH:2023-05-12,QTECH,2023-05-12T21:00:00Z,2023-05-12T21:02:00Z,100.129180,102.099862,99.626053,101.589398,4644957,USD,1d,normal,quantops_deterministic_synthetic_generator,True
1.0.0,a1dc9061-b5d4-5702-a3a9-3cdf9c7c3615,synthetic:1.0.0:QGOLD:2023-05-12,QGOLD,2023-05-12T21:00:00Z,2023-05-12T21:02:00Z,185.719166,186.086325,184.714781,185.080678,1441255,USD,1d,normal,quantops_deterministic_synthetic_generator,True
1.0.0,c86ff353-e40e-5bc3-b039-85048d247413,synthetic:1.0.0:QWTI:2023-05-12,QWTI,2023-05-12T21:00:00Z,2023-05-12T21:02:00Z,74.840223,76.343378,74.550642,76.049121,3166525,USD,1d,normal,quantops_deterministic_synthetic_generator,True
1.0.0,ae6d3b46-317c-51aa-8ada-144d2f046c51,synthetic:1.0.0:QCASH:2023-05-12,QCASH,2023-05-12T21:00:00Z,2023-05-12T21:02:00Z,100.476657,100.518599,100.439470,100.481410,824835,USD,1d,normal,quantops_deterministic_synthetic_generator,True
1.0.0,70aaa525-e351-5047-be0c-a4f9e45d51a0,synthetic:1.0.0:QTECH:2023-05-15,QTECH,2023-05-15T21:00:00Z,2023-05-15T21:02:00Z,101.585289,101.810170,101.182134,101.406619,1964676,USD,1d,normal,quantops_deterministic_synthetic_generator,True
1.0.0,d066cb68-5041-5a7b-bc0b-e4ef5147b655,synthetic:1.0.0:QGOLD:2023-05-15,QGOLD,2023-05-15T21:00:00Z,2023-05-15T21:02:00Z,185.090747,185.391416,184.415085,184.715144,1138793,USD,1d,normal,quantops_deterministic_synthetic_generator,True
1.0.0,c92a92df-cb8a-58c3-955e-05ee4a49bfe5,synthetic:1.0.0:QWTI:2023-05-15,QWTI,2023-05-15T21:00:00Z,2023-05-15T21:02:00Z,76.136740,76.516000,75.816990,76.196002,1412862,USD,1d,normal,quantops_deterministic_synthetic_generator,True
1.0.0,79ff1da4-a0fc-5826-93a4-6875f8228abd,synthetic:1.0.0:QCASH:2023-05-15,QCASH,2023-05-15T21:00:00Z,2023-05-15T21:02:00Z,100.482617,100.526133,100.443831,100.487344,753915,USD,1d,normal,quantops_deterministic_synthetic_generator,True
1.0.0,82df2d5e-9bcc-5a63-9867-6ea068a93085,synthetic:1.0.0:QTECH:2023-05-16,QTECH,2023-05-16T21:00:00Z,2023-05-16T21:02:00Z,101.471834,101.785166,100.958154,101.270865,2234608,USD,1d,normal,quantops_deterministic_synthetic_generator,True
1.0.0,462d26c8-a136-5225-be47-bac90daad251,synthetic:1.0.0:QGOLD:2023-05-16,QGOLD,2023-05-16T21:00:00Z,2023-05-16T21:02:00Z,184.734885,185.523965,184.245261,185.033549,1156748,USD,1d,normal,quantops_deterministic_synthetic_generator,True
1.0.0,ce387e86-1eed-5162-9738-fa9c6105020a,synthetic:1.0.0:QWTI:2023-05-16,QWTI,2023-05-16T21:00:00Z,2023-05-16T21:02:00Z,76.249816,76.486348,75.724088,75.959720,1636401,USD,1d,normal,quantops_deterministic_synthetic_generator,True
1.0.0,157ba19d-5cad-5004-b9fc-4825dfc0add2,synthetic:1.0.0:QCASH:2023-05-16,QCASH,2023-05-16T21:00:00Z,2023-05-16T21:02:00Z,100.487045,100.530191,100.448636,100.491780,651959,USD,1d,normal,quantops_deterministic_synthetic_generator,True
1.0.0,f5e5fbca-04f6-5f7f-afbd-891bef18bf66,synthetic:1.0.0:QTECH:2023-05-17,QTECH,2023-05-17T21:00:00Z,2023-05-17T21:02:00Z,101.085362,102.492871,100.638364,102.041644,3196322,USD,1d,normal,quantops_deterministic_synthetic_generator,True
1.0.0,9ac98c8a-3fdc-5710-839d-85739feae77e,synthetic:1.0.0:QGOLD:2023-05-17,QGOLD,2023-05-17T21:00:00Z,2023-05-17T21:02:00Z,185.009824,185.527034,183.844292,184.359684,1383766,USD,1d,normal,quantops_deterministic_synthetic_generator,True
1.0.0,ff62d359-15f5-54b5-95bf-9b67fef0733c,synthetic:1.0.0:QWTI:2023-05-17,QWTI,2023-05-17T21:00:00Z,2023-05-17T21:02:00Z,76.088889,77.727671,75.696790,77.329181,3126945,USD,1d,normal,quantops_deterministic_synthetic_generator,True
1.0.0,aff5cd26-c902-564c-9d2c-390f50b5effb,synthetic:1.0.0:QCASH:2023-05-17,QCASH,2023-05-17T21:00:00Z,2023-05-17T21:02:00Z,100.493261,100.536645,100.455843,100.499224,1019211,USD,1d,normal,quantops_deterministic_synthetic_generator,True
1.0.0,dd89d428-b5f0-5ab0-b313-af59944893fc,synthetic:1.0.0:QTECH:2023-05-18,QTECH,2023-05-18T21:00:00Z,2023-05-18T21:02:00Z,102.164855,103.250687,101.876022,102.959608,4004443,USD,1d,normal,quantops_deterministic_synthetic_generator,True
1.0.0,13822eb4-cfa7-5e7c-a512-40c51ac7c86a,synthetic:1.0.0:QGOLD:2023-05-18,QGOLD,2023-05-18T21:00:00Z,2023-05-18T21:02:00Z,184.310655,184.986485,184.017904,184.693127,1201943,USD,1d,normal,quantops_deterministic_synthetic_generator,True
1.0.0,6d6a03be-993f-5699-8c7d-7d7ddc932ab6,synthetic:1.0.0:QWTI:2023-05-18,QWTI,2023-05-18T21:00:00Z,2023-05-18T21:02:00Z,77.313342,77.527331,76.805322,77.018494,1662640,USD,1d,normal,quantops_deterministic_synthetic_generator,True
1.0.0,62b2e132-6e27-58ad-8656-992e29a44e9c,synthetic:1.0.0:QCASH:2023-05-18,QCASH,2023-05-18T21:00:00Z,2023-05-18T21:02:00Z,100.499653,100.542455,100.462453,100.505253,872783,USD,1d,normal,quantops_deterministic_synthetic_generator,True
1.0.0,6a876f8d-6972-5a65-82f4-30788c4fc13d,synthetic:1.0.0:QTECH:2023-05-19,QTECH,2023-05-19T21:00:00Z,2023-05-19T21:02:00Z,102.790598,103.551914,102.330059,103.090033,1985667,USD,1d,normal,quantops_deterministic_synthetic_generator,True
1.0.0,558e12c5-3e01-54b3-b364-fc3531dbf2cc,synthetic:1.0.0:QGOLD:2023-05-19,QGOLD,2023-05-19T21:00:00Z,2023-05-19T21:02:00Z,184.787213,186.102898,184.364236,185.677882,1704873,USD,1d,normal,quantops_deterministic_synthetic_generator,True
1.0.0,8041c53e-22de-598f-8fce-8de331152924,synthetic:1.0.0:QWTI:2023-05-19,QWTI,2023-05-19T21:00:00Z,2023-05-19T21:02:00Z,76.925589,77.310604,76.694318,77.078873,1389581,USD,1d,normal,quantops_deterministic_synthetic_generator,True
1.0.0,e488a061-766b-551b-adf9-f5bc1008dbe0,synthetic:1.0.0:QCASH:2023-05-19,QCASH,2023-05-19T21:00:00Z,2023-05-19T21:02:00Z,100.505946,100.552521,100.467573,100.514144,990432,USD,1d,normal,quantops_deterministic_synthetic_generator,True
1.0.0,4d6477b3-09a8-5410-9a77-b790e85c1959,synthetic:1.0.0:QTECH:2023-05-22,QTECH,2023-05-22T21:00:00Z,2023-05-22T21:02:00Z,103.172687,103.514200,101.318527,101.655017,4523394,USD,1d,normal,quantops_deterministic_synthetic_generator,True
1.0.0,8e990ef8-5d07-5540-bc45-3867c4cd7092,synthetic:1.0.0:QGOLD:2023-05-22,QGOLD,2023-05-22T21:00:00Z,2023-05-22T21:02:00Z,185.721288,186.884181,185.350964,186.512280,1696596,USD,1d,normal,quantops_deterministic_synthetic_generator,True
1.0.0,8a0bc8fe-6c12-5332-af59-e8c0b45adbfb,synthetic:1.0.0:QWTI:2023-05-22,QWTI,2023-05-22T21:00:00Z,2023-05-22T21:02:00Z,77.160188,77.460856,75.477324,75.772585,3039253,USD,1d,normal,quantops_deterministic_synthetic_generator,True
1.0.0,c0a6ed1c-a9e1-5366-91c2-886c3f867439,synthetic:1.0.0:QCASH:2023-05-22,QCASH,2023-05-22T21:00:00Z,2023-05-22T21:02:00Z,100.513869,100.556667,100.477078,100.519873,847337,USD,1d,normal,quantops_deterministic_synthetic_generator,True
1.0.0,a5c8433f-a875-578b-90ca-b4aec9f23b21,synthetic:1.0.0:QTECH:2023-05-23,QTECH,2023-05-23T21:00:00Z,2023-05-23T21:02:00Z,101.589837,103.761980,101.249099,103.415120,5344116,USD,1d,normal,quantops_deterministic_synthetic_generator,True
1.0.0,1a8a7d51-8923-5b9e-a80e-e712a527a7c7,synthetic:1.0.0:QGOLD:2023-05-23,QGOLD,2023-05-23T21:00:00Z,2023-05-23T21:02:00Z,186.475594,186.899769,185.164764,185.586917,1572032,USD,1d,normal,quantops_deterministic_synthetic_generator,True
1.0.0,9297feaf-f63e-5911-bf1e-589aa3a3a79a,synthetic:1.0.0:QWTI:2023-05-23,QWTI,2023-05-23T21:00:00Z,2023-05-23T21:02:00Z,75.761916,76.040541,74.004356,74.277523,3341238,USD,1d,normal,quantops_deterministic_synthetic_generator,True
1.0.0,6062a4f6-ae10-5c08-b760-2ef56b89472e,synthetic:1.0.0:QCASH:2023-05-23,QCASH,2023-05-23T21:00:00Z,2023-05-23T21:02:00Z,100.520284,100.566052,100.481192,100.526957,992683,USD,1d,normal,quantops_deterministic_synthetic_generator,True
1.0.0,008ef47a-7c8e-5a7f-97c1-30730523b2ba,synthetic:1.0.0:QTECH:2023-05-24,QTECH,2023-05-24T21:00:00Z,2023-05-24T21:02:00Z,103.491686,103.716586,101.710773,101.932283,4266130,USD,1d,normal,quantops_deterministic_synthetic_generator,True
1.0.0,b5ec5100-04b1-550d-af97-b67319179482,synthetic:1.0.0:QGOLD:2023-05-24,QGOLD,2023-05-24T21:00:00Z,2023-05-24T21:02:00Z,185.857700,186.301623,184.392174,184.833651,1429284,USD,1d,normal,quantops_deterministic_synthetic_generator,True
1.0.0,bb2d808a-f503-5911-b835-5525693c43d0,synthetic:1.0.0:QWTI:2023-05-24,QWTI,2023-05-24T21:00:00Z,2023-05-24T21:02:00Z,74.244993,74.879143,73.801306,74.434325,1604331,USD,1d,normal,quantops_deterministic_synthetic_generator,True
1.0.0,ab05c179-a8b3-5189-8797-580692092041,synthetic:1.0.0:QCASH:2023-05-24,QCASH,2023-05-24T21:00:00Z,2023-05-24T21:02:00Z,100.526065,100.567105,100.488550,100.529590,705529,USD,1d,normal,quantops_deterministic_synthetic_generator,True
1.0.0,bb476078-f726-553f-95b2-1795e2008224,synthetic:1.0.0:QTECH:2023-05-25,QTECH,2023-05-25T21:00:00Z,2023-05-25T21:02:00Z,101.820834,103.507099,101.586200,103.269127,4478159,USD,1d,normal,quantops_deterministic_synthetic_generator,True
1.0.0,ac708ac4-af40-583f-9570-1076e4fe5523,synthetic:1.0.0:QGOLD:2023-05-25,QGOLD,2023-05-25T21:00:00Z,2023-05-25T21:02:00Z,184.921593,185.372540,182.859808,183.306818,2208923,USD,1d,normal,quantops_deterministic_synthetic_generator,True
1.0.0,dd789243-0687-5d43-9636-d2fb5dbe436f,synthetic:1.0.0:QWTI:2023-05-25,QWTI,2023-05-25T21:00:00Z,2023-05-25T21:02:00Z,74.506990,74.834814,73.616149,73.941485,2188766,USD,1d,normal,quantops_deterministic_synthetic_generator,True
1.0.0,b881a573-3f15-5f95-99bb-fffe5f721ea3,synthetic:1.0.0:QCASH:2023-05-25,QCASH,2023-05-25T21:00:00Z,2023-05-25T21:02:00Z,100.531345,100.568688,100.494370,100.531713,665305,USD,1d,normal,quantops_deterministic_synthetic_generator,True
1.0.0,bb04db54-9bb2-57ec-88fb-15cc22206054,synthetic:1.0.0:QTECH:2023-05-26,QTECH,2023-05-26T21:00:00Z,2023-05-26T21:02:00Z,103.553810,103.956551,102.923121,103.324972,1856521,USD,1d,normal,quantops_deterministic_synthetic_generator,True
1.0.0,6ced7cfa-b8f9-5eac-aa2b-5a518a90f47f,synthetic:1.0.0:QGOLD:2023-05-26,QGOLD,2023-05-26T21:00:00Z,2023-05-26T21:02:00Z,183.171571,184.754005,182.870460,184.450791,1574192,USD,1d,normal,quantops_deterministic_synthetic_generator,True
1.0.0,a5a94870-dc1b-5a8d-beb0-13c74e31e105,synthetic:1.0.0:QWTI:2023-05-26,QWTI,2023-05-26T21:00:00Z,2023-05-26T21:02:00Z,73.777405,74.001769,72.803614,73.025691,2944218,USD,1d,normal,quantops_deterministic_synthetic_generator,True
1.0.0,7ac5a172-0b7a-5a55-aa92-0255aac18897,synthetic:1.0.0:QCASH:2023-05-26,QCASH,2023-05-26T21:00:00Z,2023-05-26T21:02:00Z,100.530798,100.574268,100.493932,100.537399,866688,USD,1d,normal,quantops_deterministic_synthetic_generator,True
1.0.0,97252c64-b4c0-5b63-9dd3-f4c9fd008360,synthetic:1.0.0:QTECH:2023-05-29,QTECH,2023-05-29T21:00:00Z,2023-05-29T21:02:00Z,103.259376,104.541781,102.930986,104.210367,3771793,USD,1d,normal,quantops_deterministic_synthetic_generator,True
1.0.0,ec0a7a6d-b037-50b3-980f-b4203520a660,synthetic:1.0.0:QGOLD:2023-05-29,QGOLD,2023-05-29T21:00:00Z,2023-05-29T21:02:00Z,184.421715,184.787926,184.097525,184.463662,907766,USD,1d,normal,quantops_deterministic_synthetic_generator,True
1.0.0,678ec428-fe3a-5983-aca8-71a2df54a6c7,synthetic:1.0.0:QWTI:2023-05-29,QWTI,2023-05-29T21:00:00Z,2023-05-29T21:02:00Z,72.942059,73.325080,71.231768,71.607783,3430944,USD,1d,normal,quantops_deterministic_synthetic_generator,True
1.0.0,d7f1d136-6062-5e12-aa2a-3b71edec91a4,synthetic:1.0.0:QCASH:2023-05-29,QCASH,2023-05-29T21:00:00Z,2023-05-29T21:02:00Z,100.536196,100.583298,100.498041,100.545139,874218,USD,1d,normal,quantops_deterministic_synthetic_generator,True
1.0.0,af2905e5-459a-54f7-b3e0-10b62cdb3519,synthetic:1.0.0:QTECH:2023-05-30,QTECH,2023-05-30T21:00:00Z,2023-05-30T21:02:00Z,104.216324,104.458857,103.797476,104.039597,2211238,USD,1d,normal,quantops_deterministic_synthetic_generator,True
1.0.0,748d031d-25b8-5570-86d2-80038d35fb94,synthetic:1.0.0:QGOLD:2023-05-30,QGOLD,2023-05-30T21:00:00Z,2023-05-30T21:02:00Z,184.527116,184.950425,183.561745,183.983808,1033679,USD,1d,normal,quantops_deterministic_synthetic_generator,True
1.0.0,20111aa4-2dc1-5fea-804b-ba63f81c3d6a,synthetic:1.0.0:QWTI:2023-05-30,QWTI,2023-05-30T21:00:00Z,2023-05-30T21:02:00Z,71.765482,72.089405,70.053313,70.370941,3117806,USD,1d,normal,quantops_deterministic_synthetic_generator,True
1.0.0,d9065830-a9b5-5ebe-a6b4-35939e566f3b,synthetic:1.0.0:QCASH:2023-05-30,QCASH,2023-05-30T21:00:00Z,2023-05-30T21:02:00Z,100.545105,100.582762,100.508258,100.545914,496248,USD,1d,normal,quantops_deterministic_synthetic_generator,True
1.0.0,06dfe3e8-0c52-5c83-ba5c-1a3eb157532f,synthetic:1.0.0:QTECH:2023-05-31,QTECH,2023-05-31T21:00:00Z,2023-05-31T21:02:00Z,103.914965,104.348309,103.347022,103.779803,2479023,USD,1d,normal,quantops_deterministic_synthetic_generator,True
1.0.0,a5b20d1f-c0d0-5e11-9ff6-c5969207229e,synthetic:1.0.0:QGOLD:2023-05-31,QGOLD,2023-05-31T21:00:00Z,2023-05-31T21:02:00Z,183.862200,185.820681,183.409888,185.364672,1769125,USD,1d,normal,quantops_deterministic_synthetic_generator,True
1.0.0,72173707-5caf-5f49-b283-7e069cc015b5,synthetic:1.0.0:QWTI:2023-05-31,QWTI,2023-05-31T21:00:00Z,2023-05-31T21:02:00Z,70.457480,70.752010,69.849662,70.142876,1509445,USD,1d,normal,quantops_deterministic_synthetic_generator,True
1.0.0,467254ca-66e3-513f-bcc1-e74389df0aad,synthetic:1.0.0:QCASH:2023-05-31,QCASH,2023-05-31T21:00:00Z,2023-05-31T21:02:00Z,100.545315,100.589154,100.507906,100.551742,964645,USD,1d,normal,quantops_deterministic_synthetic_generator,True
1.0.0,02652044-bf77-5ab6-84ad-5ca0075373f4,synthetic:1.0.0:QTECH:2023-06-01,QTECH,2023-06-01T21:00:00Z,2023-06-01T21:02:00Z,103.756031,104.734941,103.496522,104.473637,3187790,USD,1d,normal,quantops_deterministic_synthetic_generator,True
1.0.0,a057c093-6517-547f-a1e8-87e1ea3f918f,synthetic:1.0.0:QGOLD:2023-06-01,QGOLD,2023-06-01T21:00:00Z,2023-06-01T21:02:00Z,185.397438,185.942621,183.979452,184.522061,1544393,USD,1d,normal,quantops_deterministic_synthetic_generator,True
1.0.0,a4a0ca63-cb0b-5eb2-a16c-fc6b4af90f65,synthetic:1.0.0:QWTI:2023-06-01,QWTI,2023-06-01T21:00:00Z,2023-06-01T21:02:00Z,70.191794,70.900630,69.699250,70.406579,1657857,USD,1d,normal,quantops_deterministic_synthetic_generator,True
1.0.0,c966db91-9beb-5a19-9c56-1923ff119c60,synthetic:1.0.0:QCASH:2023-06-01,QCASH,2023-06-01T21:00:00Z,2023-06-01T21:02:00Z,100.551133,100.593302,100.513179,100.555346,726586,USD,1d,normal,quantops_deterministic_synthetic_generator,True
1.0.0,d6cc2dc4-f919-5d3c-87b3-1535b64a68fa,synthetic:1.0.0:QTECH:2023-06-02,QTECH,2023-06-02T21:00:00Z,2023-06-02T21:02:00Z,104.465439,105.373280,104.203247,105.109471,2622204,USD,1d,normal,quantops_deterministic_synthetic_generator,True
1.0.0,27047883-c2ca-5e16-8356-aceb1d8fefee,synthetic:1.0.0:QGOLD:2023-06-02,QGOLD,2023-06-02T21:00:00Z,2023-06-02T21:02:00Z,184.386190,185.464429,183.815378,184.892051,1157973,USD,1d,normal,quantops_deterministic_synthetic_generator,True
1.0.0,bde72b79-7236-5369-b230-48d36d3b373a,synthetic:1.0.0:QWTI:2023-06-02,QWTI,2023-06-02T21:00:00Z,2023-06-02T21:02:00Z,70.585864,70.870652,69.226382,69.506816,2933870,USD,1d,normal,quantops_deterministic_synthetic_generator,True
1.0.0,71261973-eca5-5fdf-adc8-63d83adc606f,synthetic:1.0.0:QCASH:2023-06-02,QCASH,2023-06-02T21:00:00Z,2023-06-02T21:02:00Z,100.554623,100.597330,100.517027,100.559732,836431,USD,1d,normal,quantops_deterministic_synthetic_generator,True
1.0.0,02d4d3e2-2ca8-5fcc-bddd-ca91de4adacc,synthetic:1.0.0:QTECH:2023-06-05,QTECH,2023-06-05T21:00:00Z,2023-06-05T21:02:00Z,105.337069,105.607208,104.739016,105.008312,2147460,USD,1d,normal,quantops_deterministic_synthetic_generator,True
1.0.0,45dc9e93-f1fd-5cf5-8f8e-ee3fdc56aa69,synthetic:1.0.0:QGOLD:2023-06-05,QGOLD,2023-06-05T21:00:00Z,2023-06-05T21:02:00Z,184.636469,186.355556,184.158847,185.874730,1444540,USD,1d,normal,quantops_deterministic_synthetic_generator,True
1.0.0,d238c99c-962d-5367-810b-4297c53a7d30,synthetic:1.0.0:QWTI:2023-06-05,QWTI,2023-06-05T21:00:00Z,2023-06-05T21:02:00Z,69.609855,70.551921,69.302108,70.241382,2765582,USD,1d,normal,quantops_deterministic_synthetic_generator,True
1.0.0,9e39edd8-699d-5b56-bac6-091bc7c10bad,synthetic:1.0.0:QCASH:2023-06-05,QCASH,2023-06-05T21:00:00Z,2023-06-05T21:02:00Z,100.560696,100.602244,100.523172,100.564718,863640,USD,1d,normal,quantops_deterministic_synthetic_generator,True
1.0.0,13872829-935e-578f-8989-e8f5d6dc419d,synthetic:1.0.0:QTECH:2023-06-06,QTECH,2023-06-06T21:00:00Z,2023-06-06T21:02:00Z,105.105285,105.377245,103.563844,103.832511,3949245,USD,1d,normal,quantops_deterministic_synthetic_generator,True
1.0.0,d1b7b67f-fd12-5316-b1fa-a91174ef058c,synthetic:1.0.0:QGOLD:2023-06-06,QGOLD,2023-06-06T21:00:00Z,2023-06-06T21:02:00Z,185.860231,186.667494,184.748853,185.554790,1265876,USD,1d,normal,quantops_deterministic_synthetic_generator,True
1.0.0,9dd7ff14-df70-5f7a-ac8e-10ff1588a944,synthetic:1.0.0:QWTI:2023-06-06,QWTI,2023-06-06T21:00:00Z,2023-06-06T21:02:00Z,70.408997,70.760814,70.145120,70.496609,1785000,USD,1d,normal,quantops_deterministic_synthetic_generator,True
1.0.0,dd130c70-cd37-5484-ba38-92e74f6d45f5,synthetic:1.0.0:QCASH:2023-06-06,QCASH,2023-06-06T21:00:00Z,2023-06-06T21:02:00Z,100.565762,100.609656,100.527651,100.571543,982112,USD,1d,normal,quantops_deterministic_synthetic_generator,True
1.0.0,4dc90d13-8daa-51bf-af01-cddf6212dd41,synthetic:1.0.0:QTECH:2023-06-07,QTECH,2023-06-07T21:00:00Z,2023-06-07T21:02:00Z,103.916395,104.947114,103.679547,104.708460,3282301,USD,1d,normal,quantops_deterministic_synthetic_generator,True
1.0.0,cca4b402-93d8-52b7-9199-70d8b7c32077,synthetic:1.0.0:QGOLD:2023-06-07,QGOLD,2023-06-07T21:00:00Z,2023-06-07T21:02:00Z,185.565855,185.909904,182.937543,183.277348,3009602,USD,1d,normal,quantops_deterministic_synthetic_generator,True
1.0.0,87a3fbc9-92a0-5cd8-8e61-515cdc4a9b2a,synthetic:1.0.0:QWTI:2023-06-07,QWTI,2023-06-07T21:00:00Z,2023-06-07T21:02:00Z,70.422451,70.720936,69.438733,69.734302,2681643,USD,1d,normal,quantops_deterministic_synthetic_generator,True
1.0.0,e1328c08-1211-54ef-a976-e6325cdb953a,synthetic:1.0.0:QCASH:2023-06-07,QCASH,2023-06-07T21:00:00Z,2023-06-07T21:02:00Z,100.572832,100.617260,100.533492,100.577918,918089,USD,1d,normal,quantops_deterministic_synthetic_generator,True
1.0.0,ba0030e8-fedd-5e71-8031-868629950475,synthetic:1.0.0:QTECH:2023-06-08,QTECH,2023-06-08T21:00:00Z,2023-06-08T21:02:00Z,104.729024,104.972305,103.569712,103.810860,3379218,USD,1d,normal,quantops_deterministic_synthetic_generator,True
1.0.0,faadd97b-15da-57c8-99a2-372f7e7b48a7,synthetic:1.0.0:QGOLD:2023-06-08,QGOLD,2023-06-08T21:00:00Z,2023-06-08T21:02:00Z,183.343529,183.926347,181.934288,182.514471,1637533,USD,1d,normal,quantops_deterministic_synthetic_generator,True
1.0.0,685c8d2e-2241-55c8-964e-7105b33225bf,synthetic:1.0.0:QWTI:2023-06-08,QWTI,2023-06-08T21:00:00Z,2023-06-08T21:02:00Z,69.814405,71.122146,69.592155,70.896451,2677687,USD,1d,normal,quantops_deterministic_synthetic_generator,True
1.0.0,8c66f973-33eb-5669-acfa-f3dd16c5996b,synthetic:1.0.0:QCASH:2023-06-08,QCASH,2023-06-08T21:00:00Z,2023-06-08T21:02:00Z,100.577766,100.620503,100.540230,100.582965,737582,USD,1d,normal,quantops_deterministic_synthetic_generator,True
1.0.0,4130d02c-9e91-54ef-8c93-ebcdfab2b1ad,synthetic:1.0.0:QTECH:2023-06-09,QTECH,2023-06-09T21:00:00Z,2023-06-09T21:02:00Z,103.743085,104.684233,103.439920,104.379209,3049238,USD,1d,normal,quantops_deterministic_synthetic_generator,True
1.0.0,3e66eb41-d03c-5c96-86ae-818a61768379,synthetic:1.0.0:QGOLD:2023-06-09,QGOLD,2023-06-09T21:00:00Z,2023-06-09T21:02:00Z,182.472592,184.568212,182.052404,184.144175,2174751,USD,1d,normal,quantops_deterministic_synthetic_generator,True
1.0.0,357c9b07-5627-51e7-8e8f-fd19a5188900,synthetic:1.0.0:QWTI:2023-06-09,QWTI,2023-06-09T21:00:00Z,2023-06-09T21:02:00Z,70.889632,71.180094,69.990280,70.278238,2210836,USD,1d,normal,quantops_deterministic_synthetic_generator,True
1.0.0,0b1309b9-fcca-512f-b743-5e323cf8febb,synthetic:1.0.0:QCASH:2023-06-09,QCASH,2023-06-09T21:00:00Z,2023-06-09T21:02:00Z,100.582294,100.626945,100.545231,100.589879,839856,USD,1d,normal,quantops_deterministic_synthetic_generator,True
1.0.0,83b828bc-e92e-5a55-ac01-6d4320117605,synthetic:1.0.0:QTECH:2023-06-12,QTECH,2023-06-12T21:00:00Z,2023-06-12T21:02:00Z,104.248328,105.070062,103.993170,104.813520,2684315,USD,1d,normal,quantops_deterministic_synthetic_generator,True
1.0.0,6c785cc4-9fe1-527a-93b3-393ceed66663,synthetic:1.0.0:QGOLD:2023-06-12,QGOLD,2023-06-12T21:00:00Z,2023-06-12T21:02:00Z,184.060699,184.379443,182.954787,183.272166,1594504,USD,1d,normal,quantops_deterministic_synthetic_generator,True
1.0.0,6cf413f9-0980-5d19-a555-9882f4ff9fb4,synthetic:1.0.0:QWTI:2023-06-12,QWTI,2023-06-12T21:00:00Z,2023-06-12T21:02:00Z,70.331326,73.062542,69.674060,72.386074,4611553,USD,1d,normal,quantops_deterministic_synthetic_generator,True
1.0.0,770cb957-d076-5d1a-9dd1-7cae6965c2e1,synthetic:1.0.0:QCASH:2023-06-12,QCASH,2023-06-12T21:00:00Z,2023-06-12T21:02:00Z,100.588848,100.632831,100.551816,100.595795,850248,USD,1d,normal,quantops_deterministic_synthetic_generator,True
1.0.0,def72e87-55d1-537f-ae7d-3ded0428ad5f,synthetic:1.0.0:QTECH:2023-06-13,QTECH,2023-06-13T21:00:00Z,2023-06-13T21:02:00Z,104.865189,105.155096,104.638158,104.927930,2250295,USD,1d,normal,quantops_deterministic_synthetic_generator,True
1.0.0,f9b52538-9cf4-5607-869a-dfd4417a1eb8,synthetic:1.0.0:QGOLD:2023-06-13,QGOLD,2023-06-13T21:00:00Z,2023-06-13T21:02:00Z,183.317292,183.808594,183.009517,183.500512,1135794,USD,1d,normal,quantops_deterministic_synthetic_generator,True
1.0.0,c1f6bf8e-0a24-53be-a609-5c2cb588a8d6,synthetic:1.0.0:QWTI:2023-06-13,QWTI,2023-06-13T21:00:00Z,2023-06-13T21:02:00Z,72.425548,72.671275,72.054367,72.299667,1350508,USD,1d,normal,quantops_deterministic_synthetic_generator,True
1.0.0,1eb9ce49-2452-5322-9237-ab6d37b4dc77,synthetic:1.0.0:QCASH:2023-06-13,QCASH,2023-06-13T21:00:00Z,2023-06-13T21:02:00Z,100.596379,100.639016,100.557153,100.599789,752267,USD,1d,normal,quantops_deterministic_synthetic_generator,True
1.0.0,7412edcd-6f48-5c8c-8c85-5e0e1edb3937,synthetic:1.0.0:QTECH:2023-06-14,QTECH,2023-06-14T21:00:00Z,2023-06-14T21:02:00Z,104.888069,106.697590,104.444961,106.248734,4040742,USD,1d,normal,quantops_deterministic_synthetic_generator,True
1.0.0,40a94185-bb07-5c93-8715-179855646c2f,synthetic:1.0.0:QGOLD:2023-06-14,QGOLD,2023-06-14T21:00:00Z,2023-06-14T21:02:00Z,183.506926,183.893149,182.362651,182.747276,1551312,USD,1d,normal,quantops_deterministic_synthetic_generator,True
1.0.0,068d2068-fab6-582d-817a-ec35ff0fa3b0,synthetic:1.0.0:QWTI:2023-06-14,QWTI,2023-06-14T21:00:00Z,2023-06-14T21:02:00Z,72.115374,74.083752,71.880565,73.843317,3410635,USD,1d,normal,quantops_deterministic_synthetic_generator,True
1.0.0,3fcfbc07-58eb-5894-babf-41166a454737,synthetic:1.0.0:QCASH:2023-06-14,QCASH,2023-06-14T21:00:00Z,2023-06-14T21:02:00Z,100.600012,100.641270,100.561757,100.603014,704602,USD,1d,normal,quantops_deterministic_synthetic_generator,True
1.0.0,792aa7a6-76f4-5639-8205-f77e26f168fd,synthetic:1.0.0:QTECH:2023-06-15,QTECH,2023-06-15T21:00:00Z,2023-06-15T21:02:00Z,106.290225,106.561618,105.715826,105.986443,2516417,USD,1d,normal,quantops_deterministic_synthetic_generator,True
1.0.0,0e456d61-0b1f-5a14-aa29-95c2aaec9f32,synthetic:1.0.0:QGOLD:2023-06-15,QGOLD,2023-06-15T21:00:00Z,2023-06-15T21:02:00Z,182.708341,184.636716,182.380582,184.306091,2352049,USD,1d,normal,quantops_deterministic_synthetic_generator,True
1.0.0,b15e39cd-8667-5c2d-b8f4-2ca27817b3d0,synthetic:1.0.0:QWTI:2023-06-15,QWTI,2023-06-15T21:00:00Z,2023-06-15T21:02:00Z,73.830283,74.095209,72.532032,72.793236,2723779,USD,1d,normal,quantops_deterministic_synthetic_generator,True
1.0.0,13cc4fc5-9f1a-5edf-9b40-3e56c01729ac,synthetic:1.0.0:QCASH:2023-06-15,QCASH,2023-06-15T21:00:00Z,2023-06-15T21:02:00Z,100.602224,100.643129,100.565339,100.606243,774574,USD,1d,normal,quantops_deterministic_synthetic_generator,True
1.0.0,8fda7a2a-a8ec-5b93-a98d-1674b2f5dbe9,synthetic:1.0.0:QTECH:2023-06-16,QTECH,2023-06-16T21:00:00Z,2023-06-16T21:02:00Z,105.757609,106.328388,105.388165,105.958244,1679738,USD,1d,normal,quantops_deterministic_synthetic_generator,True
1.0.0,f6c81180-f332-5783-882e-ca9a4ad6cd35,synthetic:1.0.0:QGOLD:2023-06-16,QGOLD,2023-06-16T21:00:00Z,2023-06-16T21:02:00Z,184.403953,185.619570,183.598220,184.812054,1295758,USD,1d,normal,quantops_deterministic_synthetic_generator,True
1.0.0,ed0d3c1a-3283-5765-ae81-927b3a00f054,synthetic:1.0.0:QWTI:2023-06-16,QWTI,2023-06-16T21:00:00Z,2023-06-16T21:02:00Z,72.727986,73.046270,71.682381,71.997468,2704866,USD,1d,normal,quantops_deterministic_synthetic_generator,True
1.0.0,404af45f-40a7-5ae3-8a4b-3039e3b9172c,synthetic:1.0.0:QCASH:2023-06-16,QCASH,2023-06-16T21:00:00Z,2023-06-16T21:02:00Z,100.606506,100.651405,100.567744,100.612640,899622,USD,1d,normal,quantops_deterministic_synthetic_generator,True
1.0.0,84b70c82-c9a7-5c22-b0a8-ab3320a2a71c,synthetic:1.0.0:QTECH:2023-06-19,QTECH,2023-06-19T21:00:00Z,2023-06-19T21:02:00Z,105.908170,106.857013,105.576322,106.523237,2980036,USD,1d,normal,quantops_deterministic_synthetic_generator,True
1.0.0,cc91268d-ec64-5c2a-9911-27adfaa1db1e,synthetic:1.0.0:QGOLD:2023-06-19,QGOLD,2023-06-19T21:00:00Z,2023-06-19T21:02:00Z,184.868258,185.174863,182.237140,182.539884,2862166,USD,1d,normal,quantops_deterministic_synthetic_generator,True
1.0.0,7bf93583-a310-59a4-ada3-5e5324e4d4de,synthetic:1.0.0:QWTI:2023-06-19,QWTI,2023-06-19T21:00:00Z,2023-06-19T21:02:00Z,72.050859,73.228643,71.554926,72.728049,2324754,USD,1d,normal,quantops_deterministic_synthetic_generator,True
1.0.0,a581f753-0616-50a6-b9fe-b473504791c9,synthetic:1.0.0:QCASH:2023-06-19,QCASH,2023-06-19T21:00:00Z,2023-06-19T21:02:00Z,100.613196,100.654718,100.575495,100.617015,799272,USD,1d,normal,quantops_deterministic_synthetic_generator,True
1.0.0,06536db3-1eef-5c2d-a7ad-85bb7d2b6e4c,synthetic:1.0.0:QTECH:2023-06-20,QTECH,2023-06-20T21:00:00Z,2023-06-20T21:02:00Z,106.463758,107.358165,105.949164,106.841744,2262270,USD,1d,normal,quantops_deterministic_synthetic_generator,True
1.0.0,e5068543-fdf5-5223-bf2a-1ab2ef4dfa2d,synthetic:1.0.0:QGOLD:2023-06-20,QGOLD,2023-06-20T21:00:00Z,2023-06-20T21:02:00Z,182.528565,182.921668,181.772681,182.165001,1302540,USD,1d,normal,quantops_deterministic_synthetic_generator,True
1.0.0,1ed573bf-f806-51c6-94a7-602524c598ef,synthetic:1.0.0:QWTI:2023-06-20,QWTI,2023-06-20T21:00:00Z,2023-06-20T21:02:00Z,72.851573,73.316494,70.612227,71.065751,3417758,USD,1d,normal,quantops_deterministic_synthetic_generator,True
1.0.0,24884ed2-6793-5af2-9bf4-a52f3544ea6f,synthetic:1.0.0:QCASH:2023-06-20,QCASH,2023-06-20T21:00:00Z,2023-06-20T21:02:00Z,100.616523,100.660003,100.579434,100.622912,923770,USD,1d,normal,quantops_deterministic_synthetic_generator,True
1.0.0,011e212d-4620-5ecf-8546-e3c63b8e0e37,synthetic:1.0.0:QTECH:2023-06-21,QTECH,2023-06-21T21:00:00Z,2023-06-21T21:02:00Z,107.146472,107.419383,104.940230,105.208205,4947796,USD,1d,normal,quantops_deterministic_synthetic_generator,True
1.0.0,4e3e2d67-4299-5729-98b3-1804f529688c,synthetic:1.0.0:QGOLD:2023-06-21,QGOLD,2023-06-21T21:00:00Z,2023-06-21T21:02:00Z,182.267911,183.494719,181.705688,182.930452,1349760,USD,1d,normal,quantops_deterministic_synthetic_generator,True
1.0.0,fba9bccf-973d-5896-ae52-c4d1af459dc8,synthetic:1.0.0:QWTI:2023-06-21,QWTI,2023-06-21T21:00:00Z,2023-06-21T21:02:00Z,70.905804,71.365602,70.468429,70.928089,1533559,USD,1d,normal,quantops_deterministic_synthetic_generator,True
1.0.0,297630b3-a577-5d9c-9660-af4742387de1,synthetic:1.0.0:QCASH:2023-06-21,QCASH,2023-06-21T21:00:00Z,2023-06-21T21:02:00Z,100.622993,100.667482,100.584437,100.628924,930651,USD,1d,normal,quantops_deterministic_synthetic_generator,True
1.0.0,a85914e8-c3fb-5082-b861-c2bc1223e5fc,synthetic:1.0.0:QTECH:2023-06-22,QTECH,2023-06-22T21:00:00Z,2023-06-22T21:02:00Z,105.159478,105.637703,104.613125,105.091039,1889767,USD,1d,normal,quantops_deterministic_synthetic_generator,True
1.0.0,b73cea32-4efa-548d-9cc4-fdea5b658911,synthetic:1.0.0:QGOLD:2023-06-22,QGOLD,2023-06-22T21:00:00Z,2023-06-22T21:02:00Z,182.784465,184.376380,182.182164,183.770830,1298940,USD,1d,normal,quantops_deterministic_synthetic_generator,True
1.0.0,f1039510-c5bf-5233-9a7b-8d44d64bf905,synthetic:1.0.0:QWTI:2023-06-22,QWTI,2023-06-22T21:00:00Z,2023-06-22T21:02:00Z,70.933868,72.174217,70.514904,71.750429,2535436,USD,1d,normal,quantops_deterministic_synthetic_generator,True
1.0.0,4f403f8a-028a-5f57-b0cf-4d8c0c75a130,synthetic:1.0.0:QCASH:2023-06-22,QCASH,2023-06-22T21:00:00Z,2023-06-22T21:02:00Z,100.629636,100.673824,100.590936,100.635122,919841,USD,1d,normal,quantops_deterministic_synthetic_generator,True
1.0.0,921c2a04-54b0-52c4-adee-2072b9e5c084,synthetic:1.0.0:QTECH:2023-06-23,QTECH,2023-06-23T21:00:00Z,2023-06-23T21:02:00Z,105.241693,105.731623,104.698643,105.188325,2257604,USD,1d,normal,quantops_deterministic_synthetic_generator,True
1.0.0,42331529-4530-5497-8679-233e5a845c2e,synthetic:1.0.0:QGOLD:2023-06-23,QGOLD,2023-06-23T21:00:00Z,2023-06-23T21:02:00Z,183.417249,183.795631,182.990373,183.368655,1254184,USD,1d,normal,quantops_deterministic_synthetic_generator,True
1.0.0,de37dc8d-c2c6-5874-b1a3-5d20898b2564,synthetic:1.0.0:QWTI:2023-06-23,QWTI,2023-06-23T21:00:00Z,2023-06-23T21:02:00Z,71.707995,71.998584,70.979351,71.268158,2235842,USD,1d,normal,quantops_deterministic_synthetic_generator,True
1.0.0,9a2c7c21-ff8b-5d36-b38d-6d4a6e3549c1,synthetic:1.0.0:QCASH:2023-06-23,QCASH,2023-06-23T21:00:00Z,2023-06-23T21:02:00Z,100.634791,100.678741,100.596493,100.640441,848902,USD,1d,normal,quantops_deterministic_synthetic_generator,True
1.0.0,4cc9cd2b-6a97-5574-9f34-f1ad7b8f1f18,synthetic:1.0.0:QTECH:2023-06-26,QTECH,2023-06-26T21:00:00Z,2023-06-26T21:02:00Z,105.368869,105.898170,104.678061,105.206548,2001441,USD,1d,normal,quantops_deterministic_synthetic_generator,True
1.0.0,b56ca675-fc90-501d-98c4-3a0e57a53ed2,synthetic:1.0.0:QGOLD:2023-06-26,QGOLD,2023-06-26T21:00:00Z,2023-06-26T21:02:00Z,183.412068,183.828836,182.769565,183.185820,940889,USD,1d,normal,quantops_deterministic_synthetic_generator,True
1.0.0,07a2fac7-f572-55ad-8ff5-fe4cdd3b8a87,synthetic:1.0.0:QWTI:2023-06-26,QWTI,2023-06-26T21:00:00Z,2023-06-26T21:02:00Z,71.179080,72.000352,70.921736,71.740976,2068722,USD,1d,normal,quantops_deterministic_synthetic_generator,True
1.0.0,bcc25bba-9fd6-5650-8834-7472f7b34894,synthetic:1.0.0:QCASH:2023-06-26,QCASH,2023-06-26T21:00:00Z,2023-06-26T21:02:00Z,100.641379,100.684349,100.603516,100.646485,776698,USD,1d,normal,quantops_deterministic_synthetic_generator,True
1.0.0,e647e0b7-9a70-56a8-8cb8-9dbaea766532,synthetic:1.0.0:QTECH:2023-06-27,QTECH,2023-06-27T21:00:00Z,2023-06-27T21:02:00Z,105.060591,105.503056,104.261937,104.702896,2816141,USD,1d,normal,quantops_deterministic_synthetic_generator,True
1.0.0,57b14fd4-a200-5118-a99d-72a49a3562c1,synthetic:1.0.0:QGOLD:2023-06-27,QGOLD,2023-06-27T21:00:00Z,2023-06-27T21:02:00Z,183.313889,184.026905,180.708519,181.414146,2663820,USD,1d,normal,quantops_deterministic_synthetic_generator,True
1.0.0,5ebb4f5e-511f-5abd-bae1-47e8002a82e5,synthetic:1.0.0:QWTI:2023-06-27,QWTI,2023-06-27T21:00:00Z,2023-06-27T21:02:00Z,71.618907,71.851523,69.813697,70.041189,3671892,USD,1d,normal,quantops_deterministic_synthetic_generator,True
1.0.0,239a96ad-ecfa-5ee9-9fa8-c64b6a698e01,synthetic:1.0.0:QCASH:2023-06-27,QCASH,2023-06-27T21:00:00Z,2023-06-27T21:02:00Z,100.646181,100.689391,100.607961,100.651169,843045,USD,1d,normal,quantops_deterministic_synthetic_generator,True
1.0.0,3f66dc86-d4a7-5149-82fd-99308cec16f9,synthetic:1.0.0:QTECH:2023-06-28,QTECH,2023-06-28T21:00:00Z,2023-06-28T21:02:00Z,104.587411,106.809989,104.235693,106.452002,5472678,USD,1d,normal,quantops_deterministic_synthetic_generator,True
1.0.0,460aa3c2-052a-5323-90c7-63bb941091d5,synthetic:1.0.0:QGOLD:2023-06-28,QGOLD,2023-06-28T21:00:00Z,2023-06-28T21:02:00Z,181.558123,183.069411,181.072131,182.580682,1876611,USD,1d,normal,quantops_deterministic_synthetic_generator,True
1.0.0,2a2426fb-50f8-5fa7-8c35-0b88a8ee295d,synthetic:1.0.0:QWTI:2023-06-28,QWTI,2023-06-28T21:00:00Z,2023-06-28T21:02:00Z,70.038751,70.305350,69.622696,69.888724,1442074,USD,1d,normal,quantops_deterministic_synthetic_generator,True
1.0.0,b54c2266-cfdf-593b-904c-7fa2e0a1fe9f,synthetic:1.0.0:QCASH:2023-06-28,QCASH,2023-06-28T21:00:00Z,2023-06-28T21:02:00Z,100.650736,100.695531,100.613249,100.658041,899787,USD,1d,normal,quantops_deterministic_synthetic_generator,True
1.0.0,dae51c64-f32d-52f3-b983-1dbbfd653140,synthetic:1.0.0:QTECH:2023-06-29,QTECH,2023-06-29T21:00:00Z,2023-06-29T21:02:00Z,106.345642,106.580683,106.021892,106.256736,2244398,USD,1d,normal,quantops_deterministic_synthetic_generator,True
1.0.0,d290bf8b-3882-53f2-9994-b0ae8755a22d,synthetic:1.0.0:QGOLD:2023-06-29,QGOLD,2023-06-29T21:00:00Z,2023-06-29T21:02:00Z,182.751309,183.227885,182.351405,182.827814,1036417,USD,1d,normal,quantops_deterministic_synthetic_generator,True
1.0.0,15a1e612-e31c-5402-ae74-b04cc54c73d7,synthetic:1.0.0:QWTI:2023-06-29,QWTI,2023-06-29T21:00:00Z,2023-06-29T21:02:00Z,69.748174,71.235399,69.433004,70.914957,2758299,USD,1d,normal,quantops_deterministic_synthetic_generator,True
1.0.0,17add8fd-3c18-50a5-ad95-561eaf4219b2,synthetic:1.0.0:QCASH:2023-06-29,QCASH,2023-06-29T21:00:00Z,2023-06-29T21:02:00Z,100.657220,100.697566,100.619562,100.659907,554900,USD,1d,normal,quantops_deterministic_synthetic_generator,True
1.0.0,64acf932-6d87-5592-a1cb-c094d8f560bb,synthetic:1.0.0:QTECH:2023-06-30,QTECH,2023-06-30T21:00:00Z,2023-06-30T21:02:00Z,106.175924,106.549271,105.900641,106.273734,2022310,USD,1d,normal,quantops_deterministic_synthetic_generator,True
1.0.0,d7cfbb39-3fa0-5704-89ce-17cbaccd8131,synthetic:1.0.0:QGOLD:2023-06-30,QGOLD,2023-06-30T21:00:00Z,2023-06-30T21:02:00Z,183.259393,183.598693,181.825592,182.162862,1444812,USD,1d,normal,quantops_deterministic_synthetic_generator,True
1.0.0,7570ed41-7c00-5769-8c06-32f9eae84965,synthetic:1.0.0:QWTI:2023-06-30,QWTI,2023-06-30T21:00:00Z,2023-06-30T21:02:00Z,70.985626,71.748644,70.720972,71.482139,2253003,USD,1d,normal,quantops_deterministic_synthetic_generator,True
1.0.0,3a77058a-2900-5e3d-95c0-2eea9c0a1304,synthetic:1.0.0:QCASH:2023-06-30,QCASH,2023-06-30T21:00:00Z,2023-06-30T21:02:00Z,100.660076,100.704936,100.621351,100.666208,865444,USD,1d,normal,quantops_deterministic_synthetic_generator,True
1.0.0,cb6f0995-ed8d-5289-8d32-98793f6f4c9e,synthetic:1.0.0:QTECH:2023-07-03,QTECH,2023-07-03T21:00:00Z,2023-07-03T21:02:00Z,106.135990,106.564949,105.426780,105.854602,2549225,USD,1d,risk_on,quantops_deterministic_synthetic_generator,True
1.0.0,b6c89a3e-0cfa-5bc5-b1c4-79691a07a2d3,synthetic:1.0.0:QGOLD:2023-07-03,QGOLD,2023-07-03T21:00:00Z,2023-07-03T21:02:00Z,182.044612,183.897004,181.561320,183.410087,1914588,USD,1d,risk_on,quantops_deterministic_synthetic_generator,True
1.0.0,f16df733-5049-5b3a-af3c-8bb57bfc73d4,synthetic:1.0.0:QWTI:2023-07-03,QWTI,2023-07-03T21:00:00Z,2023-07-03T21:02:00Z,71.696468,73.018381,71.330333,72.647389,2768788,USD,1d,risk_on,quantops_deterministic_synthetic_generator,True
1.0.0,2fa11f73-ae8b-505a-8063-950551ececf1,synthetic:1.0.0:QCASH:2023-07-03,QCASH,2023-07-03T21:00:00Z,2023-07-03T21:02:00Z,100.665662,100.709005,100.627249,100.670590,772190,USD,1d,risk_on,quantops_deterministic_synthetic_generator,True
1.0.0,8d988cb2-351c-5a7b-843c-acb7283a188b,synthetic:1.0.0:QTECH:2023-07-04,QTECH,2023-07-04T21:00:00Z,2023-07-04T21:02:00Z,105.462078,106.964499,105.069488,106.567793,3037171,USD,1d,risk_on,quantops_deterministic_synthetic_generator,True
1.0.0,7c564fee-01ba-5464-ba16-0c41d64216ba,synthetic:1.0.0:QGOLD:2023-07-04,QGOLD,2023-07-04T21:00:00Z,2023-07-04T21:02:00Z,183.321765,185.515164,182.866563,185.055656,2127405,USD,1d,risk_on,quantops_deterministic_synthetic_generator,True
1.0.0,bbdaf0f9-1c4d-5728-afdd-73d86e7674ee,synthetic:1.0.0:QWTI:2023-07-04,QWTI,2023-07-04T21:00:00Z,2023-07-04T21:02:00Z,72.721292,73.074895,71.793050,72.143845,1937754,USD,1d,risk_on,quantops_deterministic_synthetic_generator,True
1.0.0,d33049e8-a606-5c94-994c-f740363d1fbf,synthetic:1.0.0:QCASH:2023-07-04,QCASH,2023-07-04T21:00:00Z,2023-07-04T21:02:00Z,100.670338,100.716449,100.632400,100.678509,994671,USD,1d,risk_on,quantops_deterministic_synthetic_generator,True
1.0.0,9987faef-50ef-5dc5-8a72-bc881126ced2,synthetic:1.0.0:QTECH:2023-07-05,QTECH,2023-07-05T21:00:00Z,2023-07-05T21:02:00Z,106.695052,107.010477,106.299705,106.614892,1763537,USD,1d,risk_on,quantops_deterministic_synthetic_generator,True
1.0.0,08c33401-8adf-5cbd-86a7-48235407c9d7,synthetic:1.0.0:QGOLD:2023-07-05,QGOLD,2023-07-05T21:00:00Z,2023-07-05T21:02:00Z,185.433377,185.875643,184.140314,184.580546,1324109,USD,1d,risk_on,quantops_deterministic_synthetic_generator,True
1.0.0,3d50a9f5-45da-5b72-af31-7fe340ea88cd,synthetic:1.0.0:QWTI:2023-07-05,QWTI,2023-07-05T21:00:00Z,2023-07-05T21:02:00Z,71.989344,73.559750,71.575734,73.139531,2589605,USD,1d,risk_on,quantops_deterministic_synthetic_generator,True
1.0.0,480399a9-8ea4-57bc-a2b7-96624aea5dbb,synthetic:1.0.0:QCASH:2023-07-05,QCASH,2023-07-05T21:00:00Z,2023-07-05T21:02:00Z,100.677903,100.721732,100.640776,100.684602,815323,USD,1d,risk_on,quantops_deterministic_synthetic_generator,True
1.0.0,345440d5-846d-59d6-8f32-17896d701cbe,synthetic:1.0.0:QTECH:2023-07-06,QTECH,2023-07-06T21:00:00Z,2023-07-06T21:02:00Z,106.809989,107.785344,106.414173,107.387388,3680135,USD,1d,risk_on,quantops_deterministic_synthetic_generator,True
1.0.0,cf46ae4f-5d5a-59d4-b3f9-5ea35abf388a,synthetic:1.0.0:QGOLD:2023-07-06,QGOLD,2023-07-06T21:00:00Z,2023-07-06T21:02:00Z,184.537674,185.106819,182.922739,183.488648,1754283,USD,1d,risk_on,quantops_deterministic_synthetic_generator,True
1.0.0,3884919b-b106-5eb8-b2c2-6cf1112a7383,synthetic:1.0.0:QWTI:2023-07-06,QWTI,2023-07-06T21:00:00Z,2023-07-06T21:02:00Z,73.030149,74.322560,72.766880,74.055594,2567856,USD,1d,risk_on,quantops_deterministic_synthetic_generator,True
1.0.0,e7ba71bb-cc5d-5200-9ca5-48143661b54f,synthetic:1.0.0:QCASH:2023-07-06,QCASH,2023-07-06T21:00:00Z,2023-07-06T21:02:00Z,100.685138,100.725699,100.646955,100.687514,716270,USD,1d,risk_on,quantops_deterministic_synthetic_generator,True
1.0.0,2746aa9e-b372-52d7-b76b-0cfe77066842,synthetic:1.0.0:QTECH:2023-07-07,QTECH,2023-07-07T21:00:00Z,2023-07-07T21:02:00Z,107.357268,107.732525,106.387011,106.760180,2716221,USD,1d,risk_on,quantops_deterministic_synthetic_generator,True
1.0.0,22da42a0-38c2-5ec5-bd73-79a9ba8807d4,synthetic:1.0.0:QGOLD:2023-07-07,QGOLD,2023-07-07T21:00:00Z,2023-07-07T21:02:00Z,183.642042,184.249254,182.718353,183.324515,942188,USD,1d,risk_on,quantops_deterministic_synthetic_generator,True
1.0.0,9a5d364e-d5ae-52a2-8f0e-23d9af1a6286,synthetic:1.0.0:QWTI:2023-07-07,QWTI,2023-07-07T21:00:00Z,2023-07-07T21:02:00Z,74.094603,74.510729,73.865347,74.280896,1359680,USD,1d,risk_on,quantops_deterministic_synthetic_generator,True
1.0.0,4402d1aa-7e8f-5a24-9132-5f1a7312e3e5,synthetic:1.0.0:QCASH:2023-07-07,QCASH,2023-07-07T21:00:00Z,2023-07-07T21:02:00Z,100.687043,100.729814,100.649869,100.692638,709396,USD,1d,risk_on,quantops_deterministic_synthetic_generator,True
1.0.0,2889d5af-7b0c-5f36-99e1-1b76d7e4b213,synthetic:1.0.0:QTECH:2023-07-10,QTECH,2023-07-10T21:00:00Z,2023-07-10T21:02:00Z,106.828429,107.235493,106.421232,106.828296,2204559,USD,1d,risk_on,quantops_deterministic_synthetic_generator,True
1.0.0,9efe66c3-489e-53d5-8c47-3fa215e7bbb8,synthetic:1.0.0:QGOLD:2023-07-10,QGOLD,2023-07-10T21:00:00Z,2023-07-10T21:02:00Z,183.576523,184.692519,183.087042,184.201371,1687890,USD,1d,risk_on,quantops_deterministic_synthetic_generator,True
1.0.0,eb09a23a-89f9-501b-98ec-524366a920e3,synthetic:1.0.0:QWTI:2023-07-10,QWTI,2023-07-10T21:00:00Z,2023-07-10T21:02:00Z,74.345417,74.617566,73.711809,73.982630,2040412,USD,1d,risk_on,quantops_deterministic_synthetic_generator,True
1.0.0,73327835-a7d5-5b53-90e4-7cbf5bce41d1,synthetic:1.0.0:QCASH:2023-07-10,QCASH,2023-07-10T21:00:00Z,2023-07-10T21:02:00Z,100.692801,100.738337,100.654690,100.700222,1012391,USD,1d,risk_on,quantops_deterministic_synthetic_generator,True
1.0.0,7d14037b-e8f9-5468-8b5e-c187360b36b8,synthetic:1.0.0:QTECH:2023-07-11,QTECH,2023-07-11T21:00:00Z,2023-07-11T21:02:00Z,106.910570,108.613628,106.571712,108.270460,4406397,USD,1d,risk_on,quantops_deterministic_synthetic_generator,True
1.0.0,ce2be30f-b47a-5162-94c2-a812e6a7b4c3,synthetic:1.0.0:QGOLD:2023-07-11,QGOLD,2023-07-11T21:00:00Z,2023-07-11T21:02:00Z,184.199197,185.500461,183.588413,184.887395,1462054,USD,1d,risk_on,quantops_deterministic_synthetic_generator,True
1.0.0,7ae5aecd-33ca-5c89-bbc4-968f0db02bf9,synthetic:1.0.0:QWTI:2023-07-11,QWTI,2023-07-11T21:00:00Z,2023-07-11T21:02:00Z,74.132446,74.491063,73.113861,73.469270,2172326,USD,1d,risk_on,quantops_deterministic_synthetic_generator,True
1.0.0,2f9e2a8b-57a3-5dcc-9162-1d4d97bedd77,synthetic:1.0.0:QCASH:2023-07-11,QCASH,2023-07-11T21:00:00Z,2023-07-11T21:02:00Z,100.700631,100.741199,100.663116,100.703682,753926,USD,1d,risk_on,quantops_deterministic_synthetic_generator,True
1.0.0,3225b7f9-ef1e-5f1a-985b-78dcb70cbbf6,synthetic:1.0.0:QTECH:2023-07-12,QTECH,2023-07-12T21:00:00Z,2023-07-12T21:02:00Z,108.432501,109.665673,108.050306,109.280489,3110684,USD,1d,risk_on,quantops_deterministic_synthetic_generator,True
1.0.0,b5753cdf-cb94-5412-8d7f-386881d29adf,synthetic:1.0.0:QGOLD:2023-07-12,QGOLD,2023-07-12T21:00:00Z,2023-07-12T21:02:00Z,184.858326,185.467094,182.613717,183.217080,2140074,USD,1d,risk_on,quantops_deterministic_synthetic_generator,True
1.0.0,b36bcaed-6d2c-57a0-a246-6d0a22b742db,synthetic:1.0.0:QWTI:2023-07-12,QWTI,2023-07-12T21:00:00Z,2023-07-12T21:02:00Z,73.541577,73.823971,72.085367,72.363235,2801431,USD,1d,risk_on,quantops_deterministic_synthetic_generator,True
1.0.0,8bddf36b-08a4-5a78-8627-cec5f84944ff,synthetic:1.0.0:QCASH:2023-07-12,QCASH,2023-07-12T21:00:00Z,2023-07-12T21:02:00Z,100.704603,100.744576,100.667633,100.707605,726670,USD,1d,risk_on,quantops_deterministic_synthetic_generator,True
1.0.0,7999b1a3-498d-5998-a51b-85a6d9a34874,synthetic:1.0.0:QTECH:2023-07-13,QTECH,2023-07-13T21:00:00Z,2023-07-13T21:02:00Z,109.295733,109.560116,108.959031,109.223238,2121015,USD,1d,risk_on,quantops_deterministic_synthetic_generator,True
1.0.0,9c17a981-a12d-57bf-a81d-9371df5580c3,synthetic:1.0.0:QGOLD:2023-07-13,QGOLD,2023-07-13T21:00:00Z,2023-07-13T21:02:00Z,183.364507,183.783680,182.289549,182.707220,1126869,USD,1d,risk_on,quantops_deterministic_synthetic_generator,True
1.0.0,c20a5ade-1b18-58ee-94de-2abc1e78e594,synthetic:1.0.0:QWTI:2023-07-13,QWTI,2023-07-13T21:00:00Z,2023-07-13T21:02:00Z,72.312583,72.573231,71.473879,71.732436,2319330,USD,1d,risk_on,quantops_deterministic_synthetic_generator,True
1.0.0,ac67f491-2d5b-5cb8-8dbe-9f73e0a88de4,synthetic:1.0.0:QCASH:2023-07-13,QCASH,2023-07-13T21:00:00Z,2023-07-13T21:02:00Z,100.706945,100.749163,100.670065,100.712282,832835,USD,1d,risk_on,quantops_deterministic_synthetic_generator,True
1.0.0,21bb209a-77b8-5e98-82b3-40bcd520bfd1,synthetic:1.0.0:QTECH:2023-07-14,QTECH,2023-07-14T21:00:00Z,2023-07-14T21:02:00Z,109.175900,109.999854,108.653585,109.476103,2137510,USD,1d,risk_on,quantops_deterministic_synthetic_generator,True
1.0.0,85b3a1cd-f227-598c-b16b-ff58274f21f6,synthetic:1.0.0:QGOLD:2023-07-14,QGOLD,2023-07-14T21:00:00Z,2023-07-14T21:02:00Z,182.866602,185.951256,182.295613,185.372443,3262423,USD,1d,risk_on,quantops_deterministic_synthetic_generator,True
1.0.0,0ceecf28-de27-529a-8d2e-5cea1d8e9439,synthetic:1.0.0:QWTI:2023-07-14,QWTI,2023-07-14T21:00:00Z,2023-07-14T21:02:00Z,71.590824,73.252037,71.286998,72.942474,3033024,USD,1d,risk_on,quantops_deterministic_synthetic_generator,True
1.0.0,cd3b82fc-f2ae-5eaa-91db-f8f229fff6fb,synthetic:1.0.0:QCASH:2023-07-14,QCASH,2023-07-14T21:00:00Z,2023-07-14T21:02:00Z,100.713223,100.755491,100.675731,100.717998,876011,USD,1d,risk_on,quantops_deterministic_synthetic_generator,True
1.0.0,ea4c3dab-6f13-593c-8ffc-25af47a21747,synthetic:1.0.0:QTECH:2023-07-17,QTECH,2023-07-17T21:00:00Z,2023-07-17T21:02:00Z,109.554122,110.031991,108.596818,109.072586,2605709,USD,1d,risk_on,quantops_deterministic_synthetic_generator,True
1.0.0,589a3e5e-c725-5d1c-bdc4-4da1f2804d0e,synthetic:1.0.0:QGOLD:2023-07-17,QGOLD,2023-07-17T21:00:00Z,2023-07-17T21:02:00Z,185.549341,186.682736,184.958544,186.090217,1436054,USD,1d,risk_on,quantops_deterministic_synthetic_generator,True
1.0.0,7c776eeb-13dc-5bd5-b496-787e3c624c3a,synthetic:1.0.0:QWTI:2023-07-17,QWTI,2023-07-17T21:00:00Z,2023-07-17T21:02:00Z,72.952104,74.181234,72.648702,73.873998,2577801,USD,1d,risk_on,quantops_deterministic_synthetic_generator,True
1.0.0,4230e015-b0fd-52e6-a286-890c0e51f57a,synthetic:1.0.0:QCASH:2023-07-17,QCASH,2023-07-17T21:00:00Z,2023-07-17T21:02:00Z,100.719175,100.759942,100.681991,100.722756,819927,USD,1d,risk_on,quantops_deterministic_synthetic_generator,True
1.0.0,96af507e-81ba-54f4-bf5f-a40202917bae,synthetic:1.0.0:QTECH:2023-07-18,QTECH,2023-07-18T21:00:00Z,2023-07-18T21:02:00Z,109.129604,109.883572,108.808034,109.560732,2622999,USD,1d,risk_on,quantops_deterministic_synthetic_generator,True
1.0.0,e92fd591-f455-525a-8cd1-ee9a5f92154b,synthetic:1.0.0:QGOLD:2023-07-18,QGOLD,2023-07-18T21:00:00Z,2023-07-18T21:02:00Z,186.242033,186.670930,183.624395,184.048240,2454888,USD,1d,risk_on,quantops_deterministic_synthetic_generator,True
1.0.0,c0030352-8a59-5d6c-bedb-d1a3485a2a7c,synthetic:1.0.0:QWTI:2023-07-18,QWTI,2023-07-18T21:00:00Z,2023-07-18T21:02:00Z,74.029088,74.248069,72.618040,72.833485,2324077,USD,1d,risk_on,quantops_deterministic_synthetic_generator,True
1.0.0,e32ae841-e9e1-5ae0-a401-d859034292d6,synthetic:1.0.0:QCASH:2023-07-18,QCASH,2023-07-18T21:00:00Z,2023-07-18T21:02:00Z,100.721800,100.764831,100.684308,100.727337,745500,USD,1d,risk_on,quantops_deterministic_synthetic_generator,True
1.0.0,53d5a7ee-ac60-5764-acd3-ad6d479b6e2b,synthetic:1.0.0:QTECH:2023-07-19,QTECH,2023-07-19T21:00:00Z,2023-07-19T21:02:00Z,109.559187,109.998622,109.130110,109.569505,2005238,USD,1d,risk_on,quantops_deterministic_synthetic_generator,True
1.0.0,cbad48b4-2394-5eb3-9b66-ae3bf4de93c2,synthetic:1.0.0:QGOLD:2023-07-19,QGOLD,2023-07-19T21:00:00Z,2023-07-19T21:02:00Z,183.918090,184.629127,183.460286,184.170693,1064611,USD,1d,risk_on,quantops_deterministic_synthetic_generator,True
1.0.0,cca5d2ae-7831-5ec4-a063-79d228d8c391,synthetic:1.0.0:QWTI:2023-07-19,QWTI,2023-07-19T21:00:00Z,2023-07-19T21:02:00Z,72.867064,73.203306,71.354461,71.685250,2909186,USD,1d,risk_on,quantops_deterministic_synthetic_generator,True
1.0.0,36a4c406-5888-5b55-a8ec-17e41ae5b79b,synthetic:1.0.0:QCASH:2023-07-19,QCASH,2023-07-19T21:00:00Z,2023-07-19T21:02:00Z,100.727145,100.769378,100.689084,100.731316,722892,USD,1d,risk_on,quantops_deterministic_synthetic_generator,True
1.0.0,66f353f2-9b73-5c1f-a655-3805204da138,synthetic:1.0.0:QTECH:2023-07-20,QTECH,2023-07-20T21:00:00Z,2023-07-20T21:02:00Z,109.640357,111.670683,109.277103,111.301924,4529632,USD,1d,risk_on,quantops_deterministic_synthetic_generator,True
1.0.0,87802eba-b80a-5f7e-b190-0adbfda0f8d1,synthetic:1.0.0:QGOLD:2023-07-20,QGOLD,2023-07-20T21:00:00Z,2023-07-20T21:02:00Z,183.873433,185.350835,183.413326,184.888188,1528746,USD,1d,risk_on,quantops_deterministic_synthetic_generator,True
1.0.0,97084c69-d554-555d-86bb-1000517bd558,synthetic:1.0.0:QWTI:2023-07-20,QWTI,2023-07-20T21:00:00Z,2023-07-20T21:02:00Z,71.728875,72.100293,71.320854,71.692081,1264780,USD,1d,risk_on,quantops_deterministic_synthetic_generator,True
1.0.0,8b8d5d0b-585f-5d11-ac10-ed77636e0d69,synthetic:1.0.0:QCASH:2023-07-20,QCASH,2023-07-20T21:00:00Z,2023-07-20T21:02:00Z,100.732865,100.775537,100.693767,100.736437,823666,USD,1d,risk_on,quantops_deterministic_synthetic_generator,True
1.0.0,01f8f3c5-a585-588c-ada9-f783b00494f1,synthetic:1.0.0:QTECH:2023-07-21,QTECH,2023-07-21T21:00:00Z,2023-07-21T21:02:00Z,111.055933,111.856936,110.317478,111.118068,2209714,USD,1d,risk_on,quantops_deterministic_synthetic_generator,True
1.0.0,83239fcc-ad7f-5851-9cdc-192b568a6229,synthetic:1.0.0:QGOLD:2023-07-21,QGOLD,2023-07-21T21:00:00Z,2023-07-21T21:02:00Z,184.755062,185.215264,183.874015,184.333166,1376783,USD,1d,risk_on,quantops_deterministic_synthetic_generator,True
1.0.0,dd276248-9669-5b72-87c1-f4b665fdc78b,synthetic:1.0.0:QWTI:2023-07-21,QWTI,2023-07-21T21:00:00Z,2023-07-21T21:02:00Z,71.684785,71.906950,71.269835,71.491401,1633922,USD,1d,risk_on,quantops_deterministic_synthetic_generator,True
1.0.0,f655a804-8099-5b44-b439-0f1ff72c75e5,synthetic:1.0.0:QCASH:2023-07-21,QCASH,2023-07-21T21:00:00Z,2023-07-21T21:02:00Z,100.736385,100.781300,100.699019,100.743931,803927,USD,1d,risk_on,quantops_deterministic_synthetic_generator,True
1.0.0,aede0d4f-8866-54a8-9099-f8334385781f,synthetic:1.0.0:QTECH:2023-07-24,QTECH,2023-07-24T21:00:00Z,2023-07-24T21:02:00Z,111.112920,111.430300,110.276657,110.592551,2881811,USD,1d,risk_on,quantops_deterministic_synthetic_generator,True
1.0.0,06e72cf2-1c66-50f7-a2e8-9a787cac7845,synthetic:1.0.0:QGOLD:2023-07-24,QGOLD,2023-07-24T21:00:00Z,2023-07-24T21:02:00Z,184.299053,184.890249,182.950559,183.539318,1761188,USD,1d,risk_on,quantops_deterministic_synthetic_generator,True
1.0.0,0e21fb8e-b59f-55be-b5ed-b2ba54d74cc1,synthetic:1.0.0:QWTI:2023-07-24,QWTI,2023-07-24T21:00:00Z,2023-07-24T21:02:00Z,71.304261,71.726398,69.748747,70.164134,3631301,USD,1d,risk_on,quantops_deterministic_synthetic_generator,True
1.0.0,f3e01a29-d54c-54af-857f-4a18135351b3,synthetic:1.0.0:QCASH:2023-07-24,QCASH,2023-07-24T21:00:00Z,2023-07-24T21:02:00Z,100.743819,100.787020,100.706121,100.749320,867555,USD,1d,risk_on,quantops_deterministic_synthetic_generator,True
1.0.0,ad8bef06-190e-5498-9a96-a8240b6c5b9d,synthetic:1.0.0:QTECH:2023-07-25,QTECH,2023-07-25T21:00:00Z,2023-07-25T21:02:00Z,110.395171,111.434943,109.873470,110.910805,2201163,USD,1d,risk_on,quantops_deterministic_synthetic_generator,True
1.0.0,cfef3b3b-e92f-5e80-bf71-1916a55f561c,synthetic:1.0.0:QGOLD:2023-07-25,QGOLD,2023-07-25T21:00:00Z,2023-07-25T21:02:00Z,183.512832,187.064120,183.150714,186.695721,3725467,USD,1d,risk_on,quantops_deterministic_synthetic_generator,True
1.0.0,c26546fb-926c-571b-baa7-e654935d5e0c,synthetic:1.0.0:QWTI:2023-07-25,QWTI,2023-07-25T21:00:00Z,2023-07-25T21:02:00Z,70.338483,72.668318,70.052556,72.374116,4306997,USD,1d,risk_on,quantops_deterministic_synthetic_generator,True
1.0.0,14ece052-fbd5-5749-bb2f-05853f813950,synthetic:1.0.0:QCASH:2023-07-25,QCASH,2023-07-25T21:00:00Z,2023-07-25T21:02:00Z,100.750543,100.796583,100.711575,100.757613,1064586,USD,1d,risk_on,quantops_deterministic_synthetic_generator,True
1.0.0,52233e0a-b295-5600-9792-e2b4a292a2b8,synthetic:1.0.0:QTECH:2023-07-26,QTECH,2023-07-26T21:00:00Z,2023-07-26T21:02:00Z,111.104397,111.653246,109.969486,110.515425,2328616,USD,1d,risk_on,quantops_deterministic_synthetic_generator,True
1.0.0,2442a0e7-87d0-54ca-9f1c-5b35d336750d,synthetic:1.0.0:QGOLD:2023-07-26,QGOLD,2023-07-26T21:00:00Z,2023-07-26T21:02:00Z,186.629547,187.486676,186.318027,187.174247,1314936,USD,1d,risk_on,quantops_deterministic_synthetic_generator,True
1.0.0,439c29b7-701a-5bb9-936f-5464ce10c890,synthetic:1.0.0:QWTI:2023-07-26,QWTI,2023-07-26T21:00:00Z,2023-07-26T21:02:00Z,72.020243,72.263711,71.705891,71.949118,1956614,USD,1d,risk_on,quantops_deterministic_synthetic_generator,True
1.0.0,b9f86db4-a47b-5ea6-bf80-1cfa553fbd5b,synthetic:1.0.0:QCASH:2023-07-26,QCASH,2023-07-26T21:00:00Z,2023-07-26T21:02:00Z,100.757724,100.799915,100.719279,100.761469,739673,USD,1d,risk_on,quantops_deterministic_synthetic_generator,True
1.0.0,c30f9e62-dbe7-5f44-9015-f039275d53b5,synthetic:1.0.0:QTECH:2023-07-27,QTECH,2023-07-27T21:00:00Z,2023-07-27T21:02:00Z,110.476984,111.900421,110.088718,111.508529,3295996,USD,1d,risk_on,quantops_deterministic_synthetic_generator,True
1.0.0,09ecdda9-e0eb-503c-a135-be7af91dae9b,synthetic:1.0.0:QGOLD:2023-07-27,QGOLD,2023-07-27T21:00:00Z,2023-07-27T21:02:00Z,187.162272,188.215751,186.515085,187.567164,1146254,USD,1d,risk_on,quantops_deterministic_synthetic_generator,True
1.0.0,0fc2b086-0bf6-5322-838f-bd8971abc615,synthetic:1.0.0:QWTI:2023-07-27,QWTI,2023-07-27T21:00:00Z,2023-07-27T21:02:00Z,71.775109,72.200511,70.614974,71.035995,2498148,USD,1d,risk_on,quantops_deterministic_synthetic_generator,True
1.0.0,00ee857d-e4cd-531c-8aad-1c0920e75249,synthetic:1.0.0:QCASH:2023-07-27,QCASH,2023-07-27T21:00:00Z,2023-07-27T21:02:00Z,100.762389,100.803141,100.725303,100.766054,802722,USD,1d,risk_on,quantops_deterministic_synthetic_generator,True
1.0.0,fd356c6b-2d8d-57f6-9641-24e9f190a6ba,synthetic:1.0.0:QTECH:2023-07-28,QTECH,2023-07-28T21:00:00Z,2023-07-28T21:02:00Z,111.729271,112.300588,111.207781,111.778866,2477984,USD,1d,risk_on,quantops_deterministic_synthetic_generator,True
1.0.0,e2761b73-d54c-5fcb-b5c1-85f586237104,synthetic:1.0.0:QGOLD:2023-07-28,QGOLD,2023-07-28T21:00:00Z,2023-07-28T21:02:00Z,187.808619,188.132845,186.717565,187.040465,1431654,USD,1d,risk_on,quantops_deterministic_synthetic_generator,True
1.0.0,8b711eec-0404-5de4-a4b7-d6b651cf6902,synthetic:1.0.0:QWTI:2023-07-28,QWTI,2023-07-28T21:00:00Z,2023-07-28T21:02:00Z,71.001608,71.443496,70.357487,70.798108,1727568,USD,1d,risk_on,quantops_deterministic_synthetic_generator,True
1.0.0,c11bfc97-01f3-5dd9-b709-ba650ab01197,synthetic:1.0.0:QCASH:2023-07-28,QCASH,2023-07-28T21:00:00Z,2023-07-28T21:02:00Z,100.766665,100.807921,100.729646,100.770901,812809,USD,1d,risk_on,quantops_deterministic_synthetic_generator,True
1.0.0,f0cac4bb-fcbd-5906-a4b2-6a5387469f09,synthetic:1.0.0:QTECH:2023-07-31,QTECH,2023-07-31T21:00:00Z,2023-07-31T21:02:00Z,111.571426,111.899542,111.096759,111.424443,2178932,USD,1d,risk_on,quantops_deterministic_synthetic_generator,True
1.0.0,b8b8d760-d2e9-5105-871d-2e7190b372c3,synthetic:1.0.0:QGOLD:2023-07-31,QGOLD,2023-07-31T21:00:00Z,2023-07-31T21:02:00Z,186.813270,187.935054,186.197461,187.317582,959445,USD,1d,risk_on,quantops_deterministic_synthetic_generator,True
1.0.0,a9692216-419d-5fd8-9036-33425fcfa74d,synthetic:1.0.0:QWTI:2023-07-31,QWTI,2023-07-31T21:00:00Z,2023-07-31T21:02:00Z,70.874026,71.396692,70.395117,70.917489,1393129,USD,1d,risk_on,quantops_deterministic_synthetic_generator,True
1.0.0,bbba8720-4a7c-5edb-aca3-bd439f2712f3,synthetic:1.0.0:QCASH:2023-07-31,QCASH,2023-07-31T21:00:00Z,2023-07-31T21:02:00Z,100.769791,100.815523,100.732413,100.778142,873058,USD,1d,risk_on,quantops_deterministic_synthetic_generator,True
1.0.0,889bea89-4507-59f9-956f-c77de06378a8,synthetic:1.0.0:QTECH:2023-08-01,QTECH,2023-08-01T21:00:00Z,2023-08-01T21:02:00Z,111.351052,112.122120,109.319038,110.081314,3952725,USD,1d,risk_on,quantops_deterministic_synthetic_generator,True
1.0.0,d3cae1cd-66de-546f-a2fa-f40228433e32,synthetic:1.0.0:QGOLD:2023-08-01,QGOLD,2023-08-01T21:00:00Z,2023-08-01T21:02:00Z,187.389941,187.954950,185.472713,186.033632,1760014,USD,1d,risk_on,quantops_deterministic_synthetic_generator,True
1.0.0,9aabde02-a300-5b42-a196-c2c86bc4e3d5,synthetic:1.0.0:QWTI:2023-08-01,QWTI,2023-08-01T21:00:00Z,2023-08-01T21:02:00Z,70.981998,71.561522,69.869071,70.444205,1814641,USD,1d,risk_on,quantops_deterministic_synthetic_generator,True
1.0.0,05b2fbef-d567-5298-b96f-3584b804db9f,synthetic:1.0.0:QCASH:2023-08-01,QCASH,2023-08-01T21:00:00Z,2023-08-01T21:02:00Z,100.776296,100.821640,100.738883,100.784225,872936,USD,1d,risk_on,quantops_deterministic_synthetic_generator,True
1.0.0,509f867c-63c5-50ba-8308-7c3ee5175289,synthetic:1.0.0:QTECH:2023-08-02,QTECH,2023-08-02T21:00:00Z,2023-08-02T21:02:00Z,109.985236,110.756224,108.191524,108.955292,3270722,USD,1d,risk_on,quantops_deterministic_synthetic_generator,True
1.0.0,61ce535a-0618-5c4f-a625-9cb73d313483,synthetic:1.0.0:QGOLD:2023-08-02,QGOLD,2023-08-02T21:00:00Z,2023-08-02T21:02:00Z,186.106729,186.452636,185.546257,185.891764,1013183,USD,1d,risk_on,quantops_deterministic_synthetic_generator,True
1.0.0,15804b7f-9379-560f-9ae7-68a930756768,synthetic:1.0.0:QWTI:2023-08-02,QWTI,2023-08-02T21:00:00Z,2023-08-02T21:02:00Z,70.439449,70.693904,69.910967,70.164428,1593607,USD,1d,risk_on,quantops_deterministic_synthetic_generator,True
1.0.0,75c7bd55-a416-5c44-9d9b-5f128e611f0e,synthetic:1.0.0:QCASH:2023-08-02,QCASH,2023-08-02T21:00:00Z,2023-08-02T21:02:00Z,100.783227,100.825437,100.746130,100.788339,669606,USD,1d,risk_on,quantops_deterministic_synthetic_generator,True
1.0.0,b4a30fd1-9efc-5dbe-a7bd-bf1c57262aee,synthetic:1.0.0:QTECH:2023-08-03,QTECH,2023-08-03T21:00:00Z,2023-08-03T21:02:00Z,108.973494,110.224709,108.709215,109.958043,3604898,USD,1d,risk_on,quantops_deterministic_synthetic_generator,True
1.0.0,7e32348b-b995-5ba7-8bf1-7d01a411d9b2,synthetic:1.0.0:QGOLD:2023-08-03,QGOLD,2023-08-03T21:00:00Z,2023-08-03T21:02:00Z,185.527045,185.902548,184.045967,184.419228,2105655,USD,1d,risk_on,quantops_deterministic_synthetic_generator,True
1.0.0,03834552-5856-55bd-b73b-5d744701c91f,synthetic:1.0.0:QWTI:2023-08-03,QWTI,2023-08-03T21:00:00Z,2023-08-03T21:02:00Z,70.145963,70.391662,69.853481,70.099015,1191669,USD,1d,risk_on,quantops_deterministic_synthetic_generator,True
1.0.0,e20328bc-dac6-5fd4-82ba-ea0ee65f6a44,synthetic:1.0.0:QCASH:2023-08-03,QCASH,2023-08-03T21:00:00Z,2023-08-03T21:02:00Z,100.788519,100.833203,100.750840,100.795521,926798,USD,1d,risk_on,quantops_deterministic_synthetic_generator,True
1.0.0,be3f81f6-ce5e-5548-ac9c-cec39766ee69,synthetic:1.0.0:QTECH:2023-08-04,QTECH,2023-08-04T21:00:00Z,2023-08-04T21:02:00Z,109.985947,110.267602,109.225344,109.505769,2575262,USD,1d,risk_on,quantops_deterministic_synthetic_generator,True
1.0.0,f37da878-b0dd-5e6f-b1dd-968e50231162,synthetic:1.0.0:QGOLD:2023-08-04,QGOLD,2023-08-04T21:00:00Z,2023-08-04T21:02:00Z,184.416564,185.685267,183.890016,185.156606,1554132,USD,1d,risk_on,quantops_deterministic_synthetic_generator,True
1.0.0,ff863faf-79cf-59d9-8e23-c1ac19564207,synthetic:1.0.0:QWTI:2023-08-04,QWTI,2023-08-04T21:00:00Z,2023-08-04T21:02:00Z,70.153637,70.754774,69.934671,70.534619,1932016,USD,1d,risk_on,quantops_deterministic_synthetic_generator,True
1.0.0,0d102abc-9e86-58d8-813b-4044918d1987,synthetic:1.0.0:QCASH:2023-08-04,QCASH,2023-08-04T21:00:00Z,2023-08-04T21:02:00Z,100.795084,100.840945,100.758080,100.803938,899670,USD,1d,risk_on,quantops_deterministic_synthetic_generator,True
1.0.0,b09574ff-c10b-5f10-8ea5-8cf31d16e01b,synthetic:1.0.0:QTECH:2023-08-07,QTECH,2023-08-07T21:00:00Z,2023-08-07T21:02:00Z,109.447170,109.727033,107.713540,107.989676,4439672,USD,1d,risk_on,quantops_deterministic_synthetic_generator,True
1.0.0,a238bfb8-f53d-5411-8c41-27145eba00d7,synthetic:1.0.0:QGOLD:2023-08-07,QGOLD,2023-08-07T21:00:00Z,2023-08-07T21:02:00Z,184.901992,185.718309,184.456818,185.272243,928019,USD,1d,risk_on,quantops_deterministic_synthetic_generator,True
1.0.0,78660ae8-860a-5795-9eb6-7f4cad4280f4,synthetic:1.0.0:QWTI:2023-08-07,QWTI,2023-08-07T21:00:00Z,2023-08-07T21:02:00Z,70.413357,70.757817,70.119509,70.463759,1517144,USD,1d,risk_on,quantops_deterministic_synthetic_generator,True
1.0.0,ffe9eedb-f8f5-5c7a-b5e2-42146f974b73,synthetic:1.0.0:QCASH:2023-08-07,QCASH,2023-08-07T21:00:00Z,2023-08-07T21:02:00Z,100.803655,100.846538,100.765537,100.808418,765052,USD,1d,risk_on,quantops_deterministic_synthetic_generator,True
1.0.0,18c0f2d2-8ac8-56f3-8b6a-289838ff5f6f,synthetic:1.0.0:QTECH:2023-08-08,QTECH,2023-08-08T21:00:00Z,2023-08-08T21:02:00Z,107.950754,110.720187,107.630625,110.392816,5110895,USD,1d,risk_on,quantops_deterministic_synthetic_generator,True
1.0.0,2fb93ce8-1aa8-53fd-8d88-71d62368771b,synthetic:1.0.0:QGOLD:2023-08-08,QGOLD,2023-08-08T21:00:00Z,2023-08-08T21:02:00Z,185.349067,185.676709,184.683626,185.010670,898903,USD,1d,risk_on,quantops_deterministic_synthetic_generator,True
1.0.0,0272b9d8-0186-50d8-a898-f87d9820bb06,synthetic:1.0.0:QWTI:2023-08-08,QWTI,2023-08-08T21:00:00Z,2023-08-08T21:02:00Z,70.677675,71.153418,68.547707,69.012240,2665464,USD,1d,risk_on,quantops_deterministic_synthetic_generator,True
1.0.0,7de3ef14-502e-5119-a488-80eba47d54b2,synthetic:1.0.0:QCASH:2023-08-08,QCASH,2023-08-08T21:00:00Z,2023-08-08T21:02:00Z,100.809275,100.850618,100.771641,100.812983,820086,USD,1d,risk_on,quantops_deterministic_synthetic_generator,True
1.0.0,b128de69-456d-54ee-9f68-91c9eb30d582,synthetic:1.0.0:QTECH:2023-08-09,QTECH,2023-08-09T21:00:00Z,2023-08-09T21:02:00Z,110.452586,111.590123,110.160617,111.295925,3193134,USD,1d,risk_on,quantops_deterministic_synthetic_generator,True
1.0.0,8dc4620a-0a63-5b98-829c-6c815c57e5b0,synthetic:1.0.0:QGOLD:2023-08-09,QGOLD,2023-08-09T21:00:00Z,2023-08-09T21:02:00Z,184.649252,185.594599,184.247459,185.191626,1021338,USD,1d,risk_on,quantops_deterministic_synthetic_generator,True
1.0.0,062a8dfe-c286-51a3-b5c8-d273b48538ec,synthetic:1.0.0:QWTI:2023-08-09,QWTI,2023-08-09T21:00:00Z,2023-08-09T21:02:00Z,68.973045,71.819128,68.579197,71.411356,4598065,USD,1d,risk_on,quantops_deterministic_synthetic_generator,True
1.0.0,cfbfcfec-ef05-5f24-843a-1af3c3d26d48,synthetic:1.0.0:QCASH:2023-08-09,QCASH,2023-08-09T21:00:00Z,2023-08-09T21:02:00Z,100.812989,100.859172,100.772967,100.819147,874844,USD,1d,risk_on,quantops_deterministic_synthetic_generator,True
1.0.0,16bcbaee-aab1-582e-b0ba-57603a341b28,synthetic:1.0.0:QTECH:2023-08-10,QTECH,2023-08-10T21:00:00Z,2023-08-10T21:02:00Z,111.268855,112.570639,110.878613,112.177212,3705398,USD,1d,risk_on,quantops_deterministic_synthetic_generator,True
1.0.0,8ab33923-4722-5ab5-abf6-133743f9fb90,synthetic:1.0.0:QGOLD:2023-08-10,QGOLD,2023-08-10T21:00:00Z,2023-08-10T21:02:00Z,185.100828,185.418067,182.669892,182.983502,2394741,USD,1d,risk_on,quantops_deterministic_synthetic_generator,True
1.0.0,138b9feb-946e-5a1b-82b0-d510f94fb7b3,synthetic:1.0.0:QWTI:2023-08-10,QWTI,2023-08-10T21:00:00Z,2023-08-10T21:02:00Z,71.316211,71.665242,71.071654,71.420328,1355833,USD,1d,risk_on,quantops_deterministic_synthetic_generator,True
1.0.0,a6301bd8-7c92-5eb4-83a5-175525d2031b,synthetic:1.0.0:QCASH:2023-08-10,QCASH,2023-08-10T21:00:00Z,2023-08-10T21:02:00Z,100.818266,100.863280,100.779848,100.824860,764182,USD,1d,risk_on,quantops_deterministic_synthetic_generator,True
1.0.0,dd88e955-8201-5707-bca8-5cb16d459dc1,synthetic:1.0.0:QTECH:2023-08-11,QTECH,2023-08-11T21:00:00Z,2023-08-11T21:02:00Z,112.234384,112.555747,111.353876,111.673634,2657308,USD,1d,risk_on,quantops_deterministic_synthetic_generator,True
1.0.0,a10e91b1-e142-578f-9d99-4e20051ede61,synthetic:1.0.0:QGOLD:2023-08-11,QGOLD,2023-08-11T21:00:00Z,2023-08-11T21:02:00Z,183.105902,183.568224,182.343694,182.805257,1081407,USD,1d,risk_on,quantops_deterministic_synthetic_generator,True
1.0.0,5210ef97-b125-54c8-af4b-fb00e6d40576,synthetic:1.0.0:QWTI:2023-08-11,QWTI,2023-08-11T21:00:00Z,2023-08-11T21:02:00Z,71.640504,71.914453,69.451007,69.717603,3944139,USD,1d,risk_on,quantops_deterministic_synthetic_generator,True
1.0.0,b5f132c4-a077-5dde-8917-18fea927d71b,synthetic:1.0.0:QCASH:2023-08-11,QCASH,2023-08-11T21:00:00Z,2023-08-11T21:02:00Z,100.826047,100.868408,100.788695,100.831055,942369,USD,1d,risk_on,quantops_deterministic_synthetic_generator,True
1.0.0,d5f2f003-dfc2-504c-b67e-d617e5212b3a,synthetic:1.0.0:QTECH:2023-08-14,QTECH,2023-08-14T21:00:00Z,2023-08-14T21:02:00Z,111.553944,114.218582,111.153109,113.809642,5602713,USD,1d,risk_on,quantops_deterministic_synthetic_generator,True
1.0.0,cc99a02e-0cd8-52f1-bff6-d43379b6cadd,synthetic:1.0.0:QGOLD:2023-08-14,QGOLD,2023-08-14T21:00:00Z,2023-08-14T21:02:00Z,182.720359,183.034904,182.106328,182.420357,1251813,USD,1d,risk_on,quantops_deterministic_synthetic_generator,True
1.0.0,1238e1b9-d5c3-5180-ba43-4a7f7a5942ca,synthetic:1.0.0:QWTI:2023-08-14,QWTI,2023-08-14T21:00:00Z,2023-08-14T21:02:00Z,69.732506,70.086775,67.672152,68.017709,3871882,USD,1d,risk_on,quantops_deterministic_synthetic_generator,True
1.0.0,bd7de684-8844-5049-9d2b-f0d50e67c595,synthetic:1.0.0:QCASH:2023-08-14,QCASH,2023-08-14T21:00:00Z,2023-08-14T21:02:00Z,100.830311,100.870523,100.792570,100.832782,507199,USD,1d,risk_on,quantops_deterministic_synthetic_generator,True
1.0.0,67e8414e-4234-51e0-a430-decd9de79294,synthetic:1.0.0:QTECH:2023-08-15,QTECH,2023-08-15T21:00:00Z,2023-08-15T21:02:00Z,113.691812,114.023100,112.485202,112.813932,3827407,USD,1d,risk_on,quantops_deterministic_synthetic_generator,True
1.0.0,cee91803-7837-5d3d-8d0d-894cb4e94f51,synthetic:1.0.0:QGOLD:2023-08-15,QGOLD,2023-08-15T21:00:00Z,2023-08-15T21:02:00Z,182.324365,182.958562,181.867848,182.501601,978076,USD,1d,risk_on,quantops_deterministic_synthetic_generator,True
1.0.0,d146cfd7-9d0f-5777-88a5-30c64df4cc80,synthetic:1.0.0:QWTI:2023-08-15,QWTI,2023-08-15T21:00:00Z,2023-08-15T21:02:00Z,68.133744,68.584947,66.357387,66.799757,2892592,USD,1d,risk_on,quantops_deterministic_synthetic_generator,True
1.0.0,f671e430-80ec-53d2-b864-e566e95f57f0,synthetic:1.0.0:QCASH:2023-08-15,QCASH,2023-08-15T21:00:00Z,2023-08-15T21:02:00Z,100.832594,100.877083,100.795028,100.839514,929908,USD,1d,risk_on,quantops_deterministic_synthetic_generator,True
1.0.0,06f948a1-1b7f-58f0-9592-7da2362f2464,synthetic:1.0.0:QTECH:2023-08-16,QTECH,2023-08-16T21:00:00Z,2023-08-16T21:02:00Z,113.031489,113.644823,110.885366,111.490337,4105356,USD,1d,risk_on,quantops_deterministic_synthetic_generator,True
1.0.0,385e369d-cecd-5212-a568-ba140c429d1e,synthetic:1.0.0:QGOLD:2023-08-16,QGOLD,2023-08-16T21:00:00Z,2023-08-16T21:02:00Z,182.625371,183.831599,182.295199,183.499847,1935329,USD,1d,risk_on,quantops_deterministic_synthetic_generator,True
1.0.0,e216dc15-4e09-54fc-a518-b333ac81207d,synthetic:1.0.0:QWTI:2023-08-16,QWTI,2023-08-16T21:00:00Z,2023-08-16T21:02:00Z,66.729274,67.550881,66.336674,67.155772,1827499,USD,1d,risk_on,quantops_deterministic_synthetic_generator,True
1.0.0,4d2b6979-a630-5d37-aa0b-5c8ac7685dd0,synthetic:1.0.0:QCASH:2023-08-16,QCASH,2023-08-16T21:00:00Z,2023-08-16T21:02:00Z,100.841187,100.880184,100.803376,100.842372,678117,USD,1d,risk_on,quantops_deterministic_synthetic_generator,True
1.0.0,368985cd-88d5-5a6d-89a0-77c913efc46f,synthetic:1.0.0:QTECH:2023-08-17,QTECH,2023-08-17T21:00:00Z,2023-08-17T21:02:00Z,111.491178,112.098616,111.036074,111.642892,1903007,USD,1d,risk_on,quantops_deterministic_synthetic_generator,True
1.0.0,020b3f8a-0ed3-55dd-8bf0-22e27f2d2c9f,synthetic:1.0.0:QGOLD:2023-08-17,QGOLD,2023-08-17T21:00:00Z,2023-08-17T21:02:00Z,183.529659,183.923219,182.189111,182.580636,1731419,USD,1d,risk_on,quantops_deterministic_synthetic_generator,True
1.0.0,b762fed7-7d40-5b99-b855-585da2b26d63,synthetic:1.0.0:QWTI:2023-08-17,QWTI,2023-08-17T21:00:00Z,2023-08-17T21:02:00Z,67.262269,67.914682,66.939410,67.590250,2091086,USD,1d,risk_on,quantops_deterministic_synthetic_generator,True
1.0.0,3b658703-f04c-5a88-9b12-0541f260528c,synthetic:1.0.0:QCASH:2023-08-17,QCASH,2023-08-17T21:00:00Z,2023-08-17T21:02:00Z,100.842303,100.886476,100.804674,100.848844,1022564,USD,1d,risk_on,quantops_deterministic_synthetic_generator,True
1.0.0,fb4344ec-8158-5b76-afac-6e289eb73fa6,synthetic:1.0.0:QTECH:2023-08-18,QTECH,2023-08-18T21:00:00Z,2023-08-18T21:02:00Z,111.552738,111.841208,111.122884,111.410987,2283313,USD,1d,risk_on,quantops_deterministic_synthetic_generator,True
1.0.0,a9d2705c-5b7d-53bb-9942-56bfce024bc5,synthetic:1.0.0:QGOLD:2023-08-18,QGOLD,2023-08-18T21:00:00Z,2023-08-18T21:02:00Z,182.327468,183.633032,181.857523,183.160938,1410959,USD,1d,risk_on,quantops_deterministic_synthetic_generator,True
1.0.0,2c641875-b400-5117-ac29-956edd8e4773,synthetic:1.0.0:QWTI:2023-08-18,QWTI,2023-08-18T21:00:00Z,2023-08-18T21:02:00Z,67.521765,67.877933,66.736282,67.090173,2103152,USD,1d,risk_on,quantops_deterministic_synthetic_generator,True
1.0.0,2254ba1a-90f4-5aad-b558-55a148e4f74c,synthetic:1.0.0:QCASH:2023-08-18,QCASH,2023-08-18T21:00:00Z,2023-08-18T21:02:00Z,100.849690,100.893325,100.812124,100.855757,1068628,USD,1d,risk_on,quantops_deterministic_synthetic_generator,True
1.0.0,60703843-3c57-5249-bf0b-ba29d858c9a6,synthetic:1.0.0:QTECH:2023-08-21,QTECH,2023-08-21T21:00:00Z,2023-08-21T21:02:00Z,111.490356,111.780275,111.196324,111.486232,2171921,USD,1d,risk_on,quantops_deterministic_synthetic_generator,True
1.0.0,1603f006-b3b5-59c3-8f6b-a32b641c5a6e,synthetic:1.0.0:QGOLD:2023-08-21,QGOLD,2023-08-21T21:00:00Z,2023-08-21T21:02:00Z,183.030826,183.470882,182.483855,182.923653,1001775,USD,1d,risk_on,quantops_deterministic_synthetic_generator,True
1.0.0,300c5792-d6ea-5055-a5e4-bcdb003f62ff,synthetic:1.0.0:QWTI:2023-08-21,QWTI,2023-08-21T21:00:00Z,2023-08-21T21:02:00Z,67.084191,67.527141,66.294421,66.735066,1923562,USD,1d,risk_on,quantops_deterministic_synthetic_generator,True
1.0.0,b18c58a6-9636-50f4-a979-3a19870f7c40,synthetic:1.0.0:QCASH:2023-08-21,QCASH,2023-08-21T21:00:00Z,2023-08-21T21:02:00Z,100.855521,100.897642,100.818415,100.860535,821790,USD,1d,risk_on,quantops_deterministic_synthetic_generator,True
1.0.0,5bdf12a0-7d34-55d1-881c-ef781d97746f,synthetic:1.0.0:QTECH:2023-08-22,QTECH,2023-08-22T21:00:00Z,2023-08-22T21:02:00Z,111.367625,111.652915,110.785467,111.069994,2448405,USD,1d,risk_on,quantops_deterministic_synthetic_generator,True
1.0.0,dabe54c0-a7e0-54b2-9480-11c7fa16296e,synthetic:1.0.0:QGOLD:2023-08-22,QGOLD,2023-08-22T21:00:00Z,2023-08-22T21:02:00Z,182.975155,183.275530,180.495098,180.791889,2866967,USD,1d,risk_on,quantops_deterministic_synthetic_generator,True
1.0.0,eb337913-e097-5edf-b4b1-848f77b1dfff,synthetic:1.0.0:QWTI:2023-08-22,QWTI,2023-08-22T21:00:00Z,2023-08-22T21:02:00Z,66.793377,67.279750,64.741740,65.216631,3511234,USD,1d,risk_on,quantops_deterministic_synthetic_generator,True
1.0.0,0625d1a6-6370-5d23-8861-8e1d33e20255,synthetic:1.0.0:QCASH:2023-08-22,QCASH,2023-08-22T21:00:00Z,2023-08-22T21:02:00Z,100.861129,100.900931,100.823077,100.862879,651895,USD,1d,risk_on,quantops_deterministic_synthetic_generator,True
1.0.0,2208f42c-ac70-5778-9048-40855ec9826d,synthetic:1.0.0:QTECH:2023-08-23,QTECH,2023-08-23T21:00:00Z,2023-08-23T21:02:00Z,110.880811,112.220690,110.377439,111.713537,2287725,USD,1d,risk_on,quantops_deterministic_synthetic_generator,True
1.0.0,d85c2d8b-cbc3-522d-bdaa-ec993187dcdf,synthetic:1.0.0:QGOLD:2023-08-23,QGOLD,2023-08-23T21:00:00Z,2023-08-23T21:02:00Z,180.723921,181.300521,180.189127,180.765603,883901,USD,1d,risk_on,quantops_deterministic_synthetic_generator,True
1.0.0,966a4d09-7d4a-5e3d-be64-20cff84ffc3d,synthetic:1.0.0:QWTI:2023-08-23,QWTI,2023-08-23T21:00:00Z,2023-08-23T21:02:00Z,65.247788,65.471330,63.721351,63.940413,3311614,USD,1d,risk_on,quantops_deterministic_synthetic_generator,True
1.0.0,e2a5d752-16b4-59ac-86a7-504adef213ee,synthetic:1.0.0:QCASH:2023-08-23,QCASH,2023-08-23T21:00:00Z,2023-08-23T21:02:00Z,100.863009,100.904356,100.825268,100.866614,694262,USD,1d,risk_on,quantops_deterministic_synthetic_generator,True
1.0.0,61d987c1-6b2a-5b9d-9ea2-bc435640e4e9,synthetic:1.0.0:QTECH:2023-08-24,QTECH,2023-08-24T21:00:00Z,2023-08-24T21:02:00Z,111.851246,112.783178,111.451688,112.381725,2633225,USD,1d,risk_on,quantops_deterministic_synthetic_generator,True
1.0.0,fae1b856-3ec8-5076-9f9c-5833df4be2e1,synthetic:1.0.0:QGOLD:2023-08-24,QGOLD,2023-08-24T21:00:00Z,2023-08-24T21:02:00Z,181.030493,183.271579,180.645641,182.882790,2399612,USD,1d,risk_on,quantops_deterministic_synthetic_generator,True
1.0.0,f4abc15d-e3db-5702-8335-6ae6a73dd535,synthetic:1.0.0:QWTI:2023-08-24,QWTI,2023-08-24T21:00:00Z,2023-08-24T21:02:00Z,63.965595,65.163297,63.753069,64.947508,3064327,USD,1d,risk_on,quantops_deterministic_synthetic_generator,True
1.0.0,862235d9-a95f-5f66-ac42-db9e9d952ef5,synthetic:1.0.0:QCASH:2023-08-24,QCASH,2023-08-24T21:00:00Z,2023-08-24T21:02:00Z,100.867380,100.909696,100.829687,100.872001,712277,USD,1d,risk_on,quantops_deterministic_synthetic_generator,True
1.0.0,5dd65a41-f2be-5e53-89c6-d0224c3b0105,synthetic:1.0.0:QTECH:2023-08-25,QTECH,2023-08-25T21:00:00Z,2023-08-25T21:02:00Z,112.343200,113.168889,111.996758,112.820974,2696119,USD,1d,risk_on,quantops_deterministic_synthetic_generator,True
1.0.0,460b9d48-8209-5650-93dd-718741969868,synthetic:1.0.0:QGOLD:2023-08-25,QGOLD,2023-08-25T21:00:00Z,2023-08-25T21:02:00Z,182.929064,183.368974,181.220788,181.657640,1857236,USD,1d,risk_on,quantops_deterministic_synthetic_generator,True
1.0.0,6c9ce709-7e45-5f55-a922-3289b68ab665,synthetic:1.0.0:QWTI:2023-08-25,QWTI,2023-08-25T21:00:00Z,2023-08-25T21:02:00Z,64.844478,65.127890,64.606043,64.889290,1441938,USD,1d,risk_on,quantops_deterministic_synthetic_generator,True
1.0.0,07232aff-b896-5bc1-8bc2-eb023363712a,synthetic:1.0.0:QCASH:2023-08-25,QCASH,2023-08-25T21:00:00Z,2023-08-25T21:02:00Z,100.870935,100.916643,100.833503,100.879208,866050,USD,1d,risk_on,quantops_deterministic_synthetic_generator,True
1.0.0,52b0b1f4-6b2e-5bb2-8fad-ed675697c9b5,synthetic:1.0.0:QTECH:2023-08-28,QTECH,2023-08-28T21:00:00Z,2023-08-28T21:02:00Z,112.542475,115.003514,112.103572,114.556755,5164154,USD,1d,risk_on,quantops_deterministic_synthetic_generator,True
1.0.0,910a8384-7a6e-5feb-a618-9a979d363af7,synthetic:1.0.0:QGOLD:2023-08-28,QGOLD,2023-08-28T21:00:00Z,2023-08-28T21:02:00Z,181.605581,182.722546,181.271741,182.387269,1489361,USD,1d,risk_on,quantops_deterministic_synthetic_generator,True
1.0.0,d3d29c0f-2480-501a-934e-a2496f40f286,synthetic:1.0.0:QWTI:2023-08-28,QWTI,2023-08-28T21:00:00Z,2023-08-28T21:02:00Z,64.941463,65.177993,63.901046,64.134637,2452595,USD,1d,risk_on,quantops_deterministic_synthetic_generator,True
1.0.0,435a3fd9-5cda-585b-9e18-4822d067eedc,synthetic:1.0.0:QCASH:2023-08-28,QCASH,2023-08-28T21:00:00Z,2023-08-28T21:02:00Z,100.880173,100.924540,100.842496,100.886861,1117805,USD,1d,risk_on,quantops_deterministic_synthetic_generator,True
1.0.0,ddcb2b52-a3d1-5c8c-a9b6-1deaddd528a7,synthetic:1.0.0:QTECH:2023-08-29,QTECH,2023-08-29T21:00:00Z,2023-08-29T21:02:00Z,114.626289,115.329479,113.214178,113.912991,2644390,USD,1d,risk_on,quantops_deterministic_synthetic_generator,True
1.0.0,5e1cd776-6583-5690-9c70-ab1542441ed0,synthetic:1.0.0:QGOLD:2023-08-29,QGOLD,2023-08-29T21:00:00Z,2023-08-29T21:02:00Z,182.355650,182.771243,179.922845,180.333830,2650915,USD,1d,risk_on,quantops_deterministic_synthetic_generator,True
1.0.0,d7148f13-c9bb-51af-82f5-1aa28e6e4a8a,synthetic:1.0.0:QWTI:2023-08-29,QWTI,2023-08-29T21:00:00Z,2023-08-29T21:02:00Z,64.080351,64.324467,63.167515,63.409073,3096810,USD,1d,risk_on,quantops_deterministic_synthetic_generator,True
1.0.0,f0efd18b-7eab-5138-8a4a-efdce3b572e4,synthetic:1.0.0:QCASH:2023-08-29,QCASH,2023-08-29T21:00:00Z,2023-08-29T21:02:00Z,100.887165,100.930431,100.849827,100.893091,936564,USD,1d,risk_on,quantops_deterministic_synthetic_generator,True
1.0.0,031596af-c78d-5e26-a27c-842d41d49b06,synthetic:1.0.0:QTECH:2023-08-30,QTECH,2023-08-30T21:00:00Z,2023-08-30T21:02:00Z,113.808957,114.325917,112.686523,113.200721,2974801,USD,1d,risk_on,quantops_deterministic_synthetic_generator,True
1.0.0,3961bc77-6496-5e29-9c3e-9723379c0149,synthetic:1.0.0:QGOLD:2023-08-30,QGOLD,2023-08-30T21:00:00Z,2023-08-30T21:02:00Z,180.235060,181.914194,179.945282,181.622185,1961223,USD,1d,risk_on,quantops_deterministic_synthetic_generator,True
1.0.0,9f36129a-2630-50dd-a70e-6761a06ad120,synthetic:1.0.0:QWTI:2023-08-30,QWTI,2023-08-30T21:00:00Z,2023-08-30T21:02:00Z,63.468002,63.792459,62.701397,63.023583,1571803,USD,1d,risk_on,quantops_deterministic_synthetic_generator,True
1.0.0,5721034e-7fb9-5364-b6d9-ca1bb3f6c8e0,synthetic:1.0.0:QCASH:2023-08-30,QCASH,2023-08-30T21:00:00Z,2023-08-30T21:02:00Z,100.893292,100.935353,100.854603,100.896663,820686,USD,1d,risk_on,quantops_deterministic_synthetic_generator,True
1.0.0,fb11b2e2-cf96-5da0-b20f-8f4892507f7a,synthetic:1.0.0:QTECH:2023-08-31,QTECH,2023-08-31T21:00:00Z,2023-08-31T21:02:00Z,113.154929,114.644662,112.804996,114.291215,3548132,USD,1d,risk_on,quantops_deterministic_synthetic_generator,True
1.0.0,139d05df-671e-5a80-bfaa-d1885e1e6ef5,synthetic:1.0.0:QGOLD:2023-08-31,QGOLD,2023-08-31T21:00:00Z,2023-08-31T21:02:00Z,181.511255,181.890371,180.999154,181.377992,923719,USD,1d,risk_on,quantops_deterministic_synthetic_generator,True
1.0.0,c9517499-2e80-5fe8-8dad-930758776af6,synthetic:1.0.0:QWTI:2023-08-31,QWTI,2023-08-31T21:00:00Z,2023-08-31T21:02:00Z,63.043036,63.403720,61.864442,62.220420,2986292,USD,1d,risk_on,quantops_deterministic_synthetic_generator,True
1.0.0,0392b36a-1025-5fa7-8175-ec907e5a7b0d,synthetic:1.0.0:QCASH:2023-08-31,QCASH,2023-08-31T21:00:00Z,2023-08-31T21:02:00Z,100.896044,100.940081,100.858676,100.902711,903546,USD,1d,risk_on,quantops_deterministic_synthetic_generator,True
1.0.0,4adf833b-430b-58e1-8612-cf616d53c43c,synthetic:1.0.0:QTECH:2023-09-01,QTECH,2023-09-01T21:00:00Z,2023-09-01T21:02:00Z,114.322715,114.672542,112.575023,112.920560,4168552,USD,1d,risk_on,quantops_deterministic_synthetic_generator,True
1.0.0,f485c42f-fe90-5dd3-9ae1-4dec1a323b0b,synthetic:1.0.0:QGOLD:2023-09-01,QGOLD,2023-09-01T21:00:00Z,2023-09-01T21:02:00Z,181.124976,182.063077,180.530388,181.467365,881988,USD,1d,risk_on,quantops_deterministic_synthetic_generator,True
1.0.0,562e3854-be48-56f9-9880-450b14c913b1,synthetic:1.0.0:QWTI:2023-09-01,QWTI,2023-09-01T21:00:00Z,2023-09-01T21:02:00Z,62.264510,64.058357,62.054248,63.842766,3873608,USD,1d,risk_on,quantops_deterministic_synthetic_generator,True
1.0.0,c61f6f0c-5d24-53ec-84e4-667c6bc2799f,synthetic:1.0.0:QCASH:2023-09-01,QCASH,2023-09-01T21:00:00Z,2023-09-01T21:02:00Z,100.902859,100.946074,100.861896,100.905110,621883,USD,1d,risk_on,quantops_deterministic_synthetic_generator,True
1.0.0,60680a76-8305-55dc-aac2-999c96865fb7,synthetic:1.0.0:QTECH:2023-09-04,QTECH,2023-09-04T21:00:00Z,2023-09-04T21:02:00Z,113.011256,115.445632,112.553811,114.980217,5537043,USD,1d,risk_on,quantops_deterministic_synthetic_generator,True
1.0.0,7bf3b9c0-61cb-53f5-88fb-2e6190679dfb,synthetic:1.0.0:QGOLD:2023-09-04,QGOLD,2023-09-04T21:00:00Z,2023-09-04T21:02:00Z,181.164923,181.926243,177.655229,178.404950,3397201,USD,1d,risk_on,quantops_deterministic_synthetic_generator,True
1.0.0,601f9614-27be-542f-9af1-3c429526a069,synthetic:1.0.0:QWTI:2023-09-04,QWTI,2023-09-04T21:00:00Z,2023-09-04T21:02:00Z,63.730631,64.239112,61.788111,62.285058,3426446,USD,1d,risk_on,quantops_deterministic_synthetic_generator,True
1.0.0,ec58409b-73de-5515-b238-f1a51d423a6f,synthetic:1.0.0:QCASH:2023-09-04,QCASH,2023-09-04T21:00:00Z,2023-09-04T21:02:00Z,100.904766,100.947413,100.867128,100.909773,728723,USD,1d,risk_on,quantops_deterministic_synthetic_generator,True
1.0.0,c4b50e06-c9ca-542a-92b1-cb42567dd3d6,synthetic:1.0.0:QTECH:2023-09-05,QTECH,2023-09-05T21:00:00Z,2023-09-05T21:02:00Z,114.909150,115.801795,114.623024,115.514162,2355754,USD,1d,risk_on,quantops_deterministic_synthetic_generator,True
1.0.0,60c1a6ff-0c4a-5640-950e-7aa86d07cb45,synthetic:1.0.0:QGOLD:2023-09-05,QGOLD,2023-09-05T21:00:00Z,2023-09-05T21:02:00Z,178.552698,178.911046,176.956866,177.312726,1847196,USD,1d,risk_on,quantops_deterministic_synthetic_generator,True
1.0.0,446dd038-6e49-5d61-8829-b4e2fa2af321,synthetic:1.0.0:QWTI:2023-09-05,QWTI,2023-09-05T21:00:00Z,2023-09-05T21:02:00Z,62.362244,62.716273,61.702603,62.054887,1544558,USD,1d,risk_on,quantops_deterministic_synthetic_generator,True
1.0.0,92ca581f-4e58-54d3-bc4f-aec039dc13c5,synthetic:1.0.0:QCASH:2023-09-05,QCASH,2023-09-05T21:00:00Z,2023-09-05T21:02:00Z,100.910661,100.952548,100.871988,100.913873,875382,USD,1d,risk_on,quantops_deterministic_synthetic_generator,True
1.0.0,9fa73b3e-9d26-5a2f-9c42-765fd6c74462,synthetic:1.0.0:QTECH:2023-09-06,QTECH,2023-09-06T21:00:00Z,2023-09-06T21:02:00Z,115.374132,116.087614,115.007679,115.720063,2149633,USD,1d,risk_on,quantops_deterministic_synthetic_generator,True
1.0.0,e4236645-0b45-56a4-b2f7-f709545ac6cf,synthetic:1.0.0:QGOLD:2023-09-06,QGOLD,2023-09-06T21:00:00Z,2023-09-06T21:02:00Z,177.284217,177.583298,176.780006,177.078740,1127173,USD,1d,risk_on,quantops_deterministic_synthetic_generator,True
1.0.0,ffb153e3-c039-5e9f-be1a-ddd1bc04fd7e,synthetic:1.0.0:QWTI:2023-09-06,QWTI,2023-09-06T21:00:00Z,2023-09-06T21:02:00Z,62.169237,62.581874,61.188828,61.597671,1931371,USD,1d,risk_on,quantops_deterministic_synthetic_generator,True
1.0.0,1c8d9fa8-27d5-580c-971b-cf7e3cd31ff2,synthetic:1.0.0:QCASH:2023-09-06,QCASH,2023-09-06T21:00:00Z,2023-09-06T21:02:00Z,100.914762,100.954272,100.876212,100.915722,615179,USD,1d,risk_on,quantops_deterministic_synthetic_generator,True
1.0.0,2f248571-6311-58f8-8c48-ab0f34cd1078,synthetic:1.0.0:QTECH:2023-09-07,QTECH,2023-09-07T21:00:00Z,2023-09-07T21:02:00Z,115.715818,118.738899,115.394433,118.410030,5584797,USD,1d,risk_on,quantops_deterministic_synthetic_generator,True
1.0.0,91749705-a933-5f80-a70b-3d36f5ee5daf,synthetic:1.0.0:QGOLD:2023-09-07,QGOLD,2023-09-07T21:00:00Z,2023-09-07T21:02:00Z,177.121014,178.803466,176.831510,178.511688,1883923,USD,1d,risk_on,quantops_deterministic_synthetic_generator,True
1.0.0,31492bdd-9240-548a-a6c4-035139d2aa10,synthetic:1.0.0:QWTI:2023-09-07,QWTI,2023-09-07T21:00:00Z,2023-09-07T21:02:00Z,61.800100,62.049650,60.925493,61.172509,2224530,USD,1d,risk_on,quantops_deterministic_synthetic_generator,True
1.0.0,2862dfd2-e559-50ba-a925-98af94a8ce76,synthetic:1.0.0:QCASH:2023-09-07,QCASH,2023-09-07T21:00:00Z,2023-09-07T21:02:00Z,100.915356,100.962388,100.874826,100.921856,878963,USD,1d,risk_on,quantops_deterministic_synthetic_generator,True
1.0.0,921d97ff-e81d-5a83-a066-a914c5367f10,synthetic:1.0.0:QTECH:2023-09-08,QTECH,2023-09-08T21:00:00Z,2023-09-08T21:02:00Z,118.223623,119.111519,117.351277,118.239059,2170615,USD,1d,risk_on,quantops_deterministic_synthetic_generator,True
1.0.0,4aa225df-0955-5430-81f7-20a7e9c04080,synthetic:1.0.0:QGOLD:2023-09-08,QGOLD,2023-09-08T21:00:00Z,2023-09-08T21:02:00Z,178.468778,178.969930,177.200466,177.699458,1364653,USD,1d,risk_on,quantops_deterministic_synthetic_generator,True
1.0.0,a04202dd-4c90-5fc3-aa16-d7ee8bf9c48c,synthetic:1.0.0:QWTI:2023-09-08,QWTI,2023-09-08T21:00:00Z,2023-09-08T21:02:00Z,61.175392,62.425614,60.938469,62.184781,2960023,USD,1d,risk_on,quantops_deterministic_synthetic_generator,True
1.0.0,b819a7f4-587d-5223-8239-a90359a46e5f,synthetic:1.0.0:QCASH:2023-09-08,QCASH,2023-09-08T21:00:00Z,2023-09-08T21:02:00Z,100.922133,100.962284,100.884671,100.924820,753287,USD,1d,risk_on,quantops_deterministic_synthetic_generator,True
1.0.0,02e8f8f2-0c57-59c7-a652-67f2472cbfea,synthetic:1.0.0:QTECH:2023-09-11,QTECH,2023-09-11T21:00:00Z,2023-09-11T21:02:00Z,118.394415,118.944029,116.235408,116.777516,4296324,USD,1d,risk_on,quantops_deterministic_synthetic_generator,True
1.0.0,7c03daa0-87f8-562c-993b-a5d5acef6a91,synthetic:1.0.0:QGOLD:2023-09-11,QGOLD,2023-09-11T21:00:00Z,2023-09-11T21:02:00Z,177.421252,178.370857,176.933778,177.882117,1077220,USD,1d,risk_on,quantops_deterministic_synthetic_generator,True
1.0.0,3a3a942a-26ba-5c4a-a6ca-c4d7fc7fb8a7,synthetic:1.0.0:QWTI:2023-09-11,QWTI,2023-09-11T21:00:00Z,2023-09-11T21:02:00Z,62.212395,62.476445,61.389455,61.651123,2229772,USD,1d,risk_on,quantops_deterministic_synthetic_generator,True
1.0.0,442dec00-a603-56a7-b2f4-2f428a482dd8,synthetic:1.0.0:QCASH:2023-09-11,QCASH,2023-09-11T21:00:00Z,2023-09-11T21:02:00Z,100.923396,100.967889,100.886025,100.930516,952124,USD,1d,risk_on,quantops_deterministic_synthetic_generator,True
1.0.0,099679fa-2487-502d-9d08-fd27259aab91,synthetic:1.0.0:QTECH:2023-09-12,QTECH,2023-09-12T21:00:00Z,2023-09-12T21:02:00Z,116.909309,118.152376,116.383815,117.623672,2966821,USD,1d,risk_on,quantops_deterministic_synthetic_generator,True
1.0.0,4e1bf17d-7d6f-5555-92de-14dd75ea3426,synthetic:1.0.0:QGOLD:2023-09-12,QGOLD,2023-09-12T21:00:00Z,2023-09-12T21:02:00Z,177.952244,178.260298,176.744576,177.051070,1549155,USD,1d,risk_on,quantops_deterministic_synthetic_generator,True
1.0.0,2a8e63d9-72fd-57ec-87da-845ee8be6f0a,synthetic:1.0.0:QWTI:2023-09-12,QWTI,2023-09-12T21:00:00Z,2023-09-12T21:02:00Z,61.710320,62.071148,61.114031,61.473475,1620956,USD,1d,risk_on,quantops_deterministic_synthetic_generator,True
1.0.0,1756d0b0-b91d-50d5-b8e5-1ef1e8d418e2,synthetic:1.0.0:QCASH:2023-09-12,QCASH,2023-09-12T21:00:00Z,2023-09-12T21:02:00Z,100.929623,100.976367,100.889810,100.936552,877350,USD,1d,risk_on,quantops_deterministic_synthetic_generator,True
1.0.0,0fe9aa8f-337a-5c6c-869f-a87a3bd5392d,synthetic:1.0.0:QTECH:2023-09-13,QTECH,2023-09-13T21:00:00Z,2023-09-13T21:02:00Z,117.698180,118.056714,116.024038,116.378551,3754354,USD,1d,risk_on,quantops_deterministic_synthetic_generator,True
1.0.0,1971bdfd-98e9-595c-8ce7-5e9296de96c2,synthetic:1.0.0:QGOLD:2023-09-13,QGOLD,2023-09-13T21:00:00Z,2023-09-13T21:02:00Z,177.030776,177.320853,176.149370,176.438477,1262195,USD,1d,risk_on,quantops_deterministic_synthetic_generator,True
1.0.0,2fb5c95d-8b4e-5029-bdce-1362803ab5c1,synthetic:1.0.0:QWTI:2023-09-13,QWTI,2023-09-13T21:00:00Z,2023-09-13T21:02:00Z,61.500574,61.802109,60.600686,60.899273,2239657,USD,1d,risk_on,quantops_deterministic_synthetic_generator,True
1.0.0,355cd972-b5f1-53ef-b717-c8ab27949de3,synthetic:1.0.0:QCASH:2023-09-13,QCASH,2023-09-13T21:00:00Z,2023-09-13T21:02:00Z,100.936640,100.979665,100.898130,100.941153,812212,USD,1d,risk_on,quantops_deterministic_synthetic_generator,True
1.0.0,85e31a87-c9cc-5bfb-b3b6-0e7eeea46192,synthetic:1.0.0:QTECH:2023-09-14,QTECH,2023-09-14T21:00:00Z,2023-09-14T21:02:00Z,116.357123,117.784371,115.782406,117.205464,2841017,USD,1d,risk_on,quantops_deterministic_synthetic_generator,True
1.0.0,c2a60011-33a1-5a07-8a85-a3890706b2f1,synthetic:1.0.0:QGOLD:2023-09-14,QGOLD,2023-09-14T21:00:00Z,2023-09-14T21:02:00Z,176.541627,177.152790,175.369481,175.978695,1216939,USD,1d,risk_on,quantops_deterministic_synthetic_generator,True
1.0.0,5f96de1e-22ba-54d6-86ea-9e2944e7a952,synthetic:1.0.0:QWTI:2023-09-14,QWTI,2023-09-14T21:00:00Z,2023-09-14T21:02:00Z,61.064174,61.474217,60.171629,60.578411,1827946,USD,1d,risk_on,quantops_deterministic_synthetic_generator,True
1.0.0,7de88185-0af9-5f92-9af3-6ff5f5713fdd,synthetic:1.0.0:QCASH:2023-09-14,QCASH,2023-09-14T21:00:00Z,2023-09-14T21:02:00Z,100.940494,100.983439,100.900752,100.943696,661612,USD,1d,risk_on,quantops_deterministic_synthetic_generator,True
1.0.0,1dd05bf1-706e-50e2-bc63-9b43c5c524a6,synthetic:1.0.0:QTECH:2023-09-15,QTECH,2023-09-15T21:00:00Z,2023-09-15T21:02:00Z,117.243193,117.968002,116.760116,117.483933,2458600,USD,1d,risk_on,quantops_deterministic_synthetic_generator,True
1.0.0,47652b94-03d2-5758-a98c-871bdf54a694,synthetic:1.0.0:QGOLD:2023-09-15,QGOLD,2023-09-15T21:00:00Z,2023-09-15T21:02:00Z,175.972087,177.536160,175.447076,177.008058,1732679,USD,1d,risk_on,quantops_deterministic_synthetic_generator,True
1.0.0,e578d6be-e7a3-5c78-b1c2-cdc3fe76904b,synthetic:1.0.0:QWTI:2023-09-15,QWTI,2023-09-15T21:00:00Z,2023-09-15T21:02:00Z,60.646048,60.923533,60.013057,60.288907,1569438,USD,1d,risk_on,quantops_deterministic_synthetic_generator,True
1.0.0,1ae1d51a-9791-50cc-80f2-d4acfc999882,synthetic:1.0.0:QCASH:2023-09-15,QCASH,2023-09-15T21:00:00Z,2023-09-15T21:02:00Z,100.943540,100.988897,100.904338,100.949694,852531,USD,1d,risk_on,quantops_deterministic_synthetic_generator,True
1.0.0,c75de418-acb5-5ee4-9a70-b4378a049d1d,synthetic:1.0.0:QTECH:2023-09-18,QTECH,2023-09-18T21:00:00Z,2023-09-18T21:02:00Z,117.263485,117.695797,116.638441,117.070039,2394325,USD,1d,risk_on,quantops_deterministic_synthetic_generator,True
1.0.0,70f43381-2369-5ef9-adca-c4c787768dcb,synthetic:1.0.0:QGOLD:2023-09-18,QGOLD,2023-09-18T21:00:00Z,2023-09-18T21:02:00Z,176.886357,178.525205,176.213578,177.848765,1784170,USD,1d,risk_on,quantops_deterministic_synthetic_generator,True
1.0.0,64241e71-613f-522b-8340-7356fd022d4c,synthetic:1.0.0:QWTI:2023-09-18,QWTI,2023-09-18T21:00:00Z,2023-09-18T21:02:00Z,60.267958,60.757065,60.055965,60.544100,1638442,USD,1d,risk_on,quantops_deterministic_synthetic_generator,True
1.0.0,798e9467-92c0-541b-8a9a-e3039df51d52,synthetic:1.0.0:QCASH:2023-09-18,QCASH,2023-09-18T21:00:00Z,2023-09-18T21:02:00Z,100.948313,100.995343,100.909025,100.956052,874129,USD,1d,risk_on,quantops_deterministic_synthetic_generator,True
1.0.0,e6b0cb4e-7018-5aac-a161-24d0014790e1,synthetic:1.0.0:QTECH:2023-09-19,QTECH,2023-09-19T21:00:00Z,2023-09-19T21:02:00Z,117.055070,118.219276,116.543751,117.705117,2637766,USD,1d,risk_on,quantops_deterministic_synthetic_generator,True
1.0.0,1a0bff0f-d1da-5449-b2d4-9bca55579148,synthetic:1.0.0:QGOLD:2023-09-19,QGOLD,2023-09-19T21:00:00Z,2023-09-19T21:02:00Z,177.771277,178.211592,176.445070,176.883185,1828006,USD,1d,risk_on,quantops_deterministic_synthetic_generator,True
1.0.0,99604171-80e3-5cb3-82f5-acf0514320cf,synthetic:1.0.0:QWTI:2023-09-19,QWTI,2023-09-19T21:00:00Z,2023-09-19T21:02:00Z,60.648314,61.455775,60.418364,61.223643,2264713,USD,1d,risk_on,quantops_deterministic_synthetic_generator,True
1.0.0,3df435f1-e584-54bf-b6a8-b871594ca505,synthetic:1.0.0:QCASH:2023-09-19,QCASH,2023-09-19T21:00:00Z,2023-09-19T21:02:00Z,100.957091,100.998178,100.919728,100.960813,845188,USD,1d,risk_on,quantops_deterministic_synthetic_generator,True
1.0.0,f5958126-7c76-534d-9a56-4b114893646e,synthetic:1.0.0:QTECH:2023-09-20,QTECH,2023-09-20T21:00:00Z,2023-09-20T21:02:00Z,117.443366,120.478252,117.085208,120.111956,5839373,USD,1d,risk_on,quantops_deterministic_synthetic_generator,True
1.0.0,4f893b8b-d66f-5830-82e6-05ab9d07a7b4,synthetic:1.0.0:QGOLD:2023-09-20,QGOLD,2023-09-20T21:00:00Z,2023-09-20T21:02:00Z,177.157789,177.493257,176.673372,177.008559,1118294,USD,1d,risk_on,quantops_deterministic_synthetic_generator,True
1.0.0,9ed9ea75-8fcb-5770-a0e8-0e249cf4672b,synthetic:1.0.0:QWTI:2023-09-20,QWTI,2023-09-20T21:00:00Z,2023-09-20T21:02:00Z,61.058030,62.115957,60.788214,61.842674,2201704,USD,1d,risk_on,quantops_deterministic_synthetic_generator,True
1.0.0,38043f20-89a2-5aaf-8fff-6f5e9ac5df22,synthetic:1.0.0:QCASH:2023-09-20,QCASH,2023-09-20T21:00:00Z,2023-09-20T21:02:00Z,100.962039,101.002475,100.923513,100.963948,809133,USD,1d,risk_on,quantops_deterministic_synthetic_generator,True
1.0.0,dc11a456-060d-518f-8c1a-6b1a001b9f32,synthetic:1.0.0:QTECH:2023-09-21,QTECH,2023-09-21T21:00:00Z,2023-09-21T21:02:00Z,120.029834,120.499395,119.011448,119.478853,2840533,USD,1d,risk_on,quantops_deterministic_synthetic_generator,True
1.0.0,66739008-3aa9-550b-a487-43169474f907,synthetic:1.0.0:QGOLD:2023-09-21,QGOLD,2023-09-21T21:00:00Z,2023-09-21T21:02:00Z,177.066421,177.650275,175.595251,176.176170,1672856,USD,1d,risk_on,quantops_deterministic_synthetic_generator,True
1.0.0,22adb908-42b7-52c7-9b04-bbd2b1bfe616,synthetic:1.0.0:QWTI:2023-09-21,QWTI,2023-09-21T21:00:00Z,2023-09-21T21:02:00Z,61.966520,63.429706,61.593793,63.050460,3207904,USD,1d,risk_on,quantops_deterministic_synthetic_generator,True
1.0.0,cc0b357f-2edd-5c84-b54e-63c5c8c726e5,synthetic:1.0.0:QCASH:2023-09-21,QCASH,2023-09-21T21:00:00Z,2023-09-21T21:02:00Z,100.964263,101.005321,100.925726,100.966783,695097,USD,1d,risk_on,quantops_deterministic_synthetic_generator,True
1.0.0,b2725abd-8a2d-54e8-8f6d-f76d147e9563,synthetic:1.0.0:QTECH:2023-09-22,QTECH,2023-09-22T21:00:00Z,2023-09-22T21:02:00Z,119.467499,119.768893,117.560136,117.857469,3922362,USD,1d,risk_on,quantops_deterministic_synthetic_generator,True
1.0.0,bd509edf-762c-5864-a940-16a704a28cf1,synthetic:1.0.0:QGOLD:2023-09-22,QGOLD,2023-09-22T21:00:00Z,2023-09-22T21:02:00Z,176.145956,178.082668,175.774723,177.708143,2053906,USD,1d,risk_on,quantops_deterministic_synthetic_generator,True
1.0.0,5fb7d765-b7a8-5534-bc8e-46695d65c55d,synthetic:1.0.0:QWTI:2023-09-22,QWTI,2023-09-22T21:00:00Z,2023-09-22T21:02:00Z,63.097122,63.625831,62.897671,63.425344,1926077,USD,1d,risk_on,quantops_deterministic_synthetic_generator,True
1.0.0,e220a0d7-9eab-5caa-9481-b65433c36bf1,synthetic:1.0.0:QCASH:2023-09-22,QCASH,2023-09-22T21:00:00Z,2023-09-22T21:02:00Z,100.967582,101.008559,100.930613,100.971588,837317,USD,1d,risk_on,quantops_deterministic_synthetic_generator,True
1.0.0,2f1e51f9-adf4-5d0c-9553-a32ae6b40a6c,synthetic:1.0.0:QTECH:2023-09-25,QTECH,2023-09-25T21:00:00Z,2023-09-25T21:02:00Z,117.944938,118.910268,117.306687,118.270256,2489501,USD,1d,risk_on,quantops_deterministic_synthetic_generator,True
1.0.0,221e3931-d954-5860-bbf1-1403e495bc1f,synthetic:1.0.0:QGOLD:2023-09-25,QGOLD,2023-09-25T21:00:00Z,2023-09-25T21:02:00Z,177.540479,180.164823,177.086507,179.705316,2561924,USD,1d,risk_on,quantops_deterministic_synthetic_generator,True
1.0.0,72ab9b39-24cd-523f-bbba-f97a99a93911,synthetic:1.0.0:QWTI:2023-09-25,QWTI,2023-09-25T21:00:00Z,2023-09-25T21:02:00Z,63.534450,64.865441,63.124931,64.450020,2654841,USD,1d,risk_on,quantops_deterministic_synthetic_generator,True
1.0.0,cfb09af9-a985-5aed-a95d-e5e2a4eb635b,synthetic:1.0.0:QCASH:2023-09-25,QCASH,2023-09-25T21:00:00Z,2023-09-25T21:02:00Z,100.971785,101.015586,100.934433,100.978231,1004314,USD,1d,risk_on,quantops_deterministic_synthetic_generator,True
1.0.0,39ea1c3f-96ed-5378-b856-baeef94fb820,synthetic:1.0.0:QTECH:2023-09-26,QTECH,2023-09-26T21:00:00Z,2023-09-26T21:02:00Z,118.405805,118.708206,117.481124,117.781931,2639642,USD,1d,risk_on,quantops_deterministic_synthetic_generator,True
1.0.0,4e88b634-1e9e-576d-8f4d-445bdc377fae,synthetic:1.0.0:QGOLD:2023-09-26,QGOLD,2023-09-26T21:00:00Z,2023-09-26T21:02:00Z,179.620036,180.099399,178.646656,179.124697,1467547,USD,1d,risk_on,quantops_deterministic_synthetic_generator,True
1.0.0,8bfd300f-34e8-5440-a6ce-9bc766dcc784,synthetic:1.0.0:QWTI:2023-09-26,QWTI,2023-09-26T21:00:00Z,2023-09-26T21:02:00Z,64.497592,65.382998,64.198699,65.081399,2271305,USD,1d,risk_on,quantops_deterministic_synthetic_generator,True
1.0.0,8a8dae47-1198-51d0-bf18-8c221979cc21,synthetic:1.0.0:QCASH:2023-09-26,QCASH,2023-09-26T21:00:00Z,2023-09-26T21:02:00Z,100.978603,101.019403,100.940275,100.981074,730184,USD,1d,risk_on,quantops_deterministic_synthetic_generator,True
1.0.0,71e034b2-bc31-5828-b9d9-5b0a2e169f78,synthetic:1.0.0:QTECH:2023-09-27,QTECH,2023-09-27T21:00:00Z,2023-09-27T21:02:00Z,118.006041,118.370016,117.652021,118.015966,2487064,USD,1d,risk_on,quantops_deterministic_synthetic_generator,True
1.0.0,be66892e-e7cf-536c-8f62-59b4a552a7c7,synthetic:1.0.0:QGOLD:2023-09-27,QGOLD,2023-09-27T21:00:00Z,2023-09-27T21:02:00Z,178.942532,179.469342,178.327944,178.854494,1247028,USD,1d,risk_on,quantops_deterministic_synthetic_generator,True
1.0.0,e955f2ba-162c-595e-8994-bd5570a57a4e,synthetic:1.0.0:QWTI:2023-09-27,QWTI,2023-09-27T21:00:00Z,2023-09-27T21:02:00Z,65.124071,65.973497,64.872307,65.719431,2410629,USD,1d,risk_on,quantops_deterministic_synthetic_generator,True
1.0.0,939ff206-412b-5732-9f6e-76441f74743d,synthetic:1.0.0:QCASH:2023-09-27,QCASH,2023-09-27T21:00:00Z,2023-09-27T21:02:00Z,100.980830,101.023591,100.943007,100.985766,785167,USD,1d,risk_on,quantops_deterministic_synthetic_generator,True
1.0.0,dc3c9a0a-ef45-5f5a-be85-1ffb2f3d7bab,synthetic:1.0.0:QTECH:2023-09-28,QTECH,2023-09-28T21:00:00Z,2023-09-28T21:02:00Z,118.021009,118.635954,117.718179,118.332325,2342847,USD,1d,risk_on,quantops_deterministic_synthetic_generator,True
1.0.0,cc0aee2f-9e9e-5aa6-b19f-3772aeeb5d64,synthetic:1.0.0:QGOLD:2023-09-28,QGOLD,2023-09-28T21:00:00Z,2023-09-28T21:02:00Z,179.062896,179.822682,178.636978,179.395972,1305288,USD,1d,risk_on,quantops_deterministic_synthetic_generator,True
1.0.0,3cde4161-4b9d-5841-be79-d167fb36a803,synthetic:1.0.0:QWTI:2023-09-28,QWTI,2023-09-28T21:00:00Z,2023-09-28T21:02:00Z,65.738414,67.182462,65.349034,66.786872,2974306,USD,1d,risk_on,quantops_deterministic_synthetic_generator,True
1.0.0,d6c43ef9-f106-5e25-b102-77bc4926abf7,synthetic:1.0.0:QCASH:2023-09-28,QCASH,2023-09-28T21:00:00Z,2023-09-28T21:02:00Z,100.986343,101.028326,100.948525,100.990506,884974,USD,1d,risk_on,quantops_deterministic_synthetic_generator,True
1.0.0,0deb6824-1999-5bd8-94cd-c9e8936dc7e8,synthetic:1.0.0:QTECH:2023-09-29,QTECH,2023-09-29T21:00:00Z,2023-09-29T21:02:00Z,118.466137,119.252844,117.955605,118.741127,2163236,USD,1d,risk_on,quantops_deterministic_synthetic_generator,True
1.0.0,9f237fde-d990-5162-b45f-5e36210b780f,synthetic:1.0.0:QGOLD:2023-09-29,QGOLD,2023-09-29T21:00:00Z,2023-09-29T21:02:00Z,179.283347,180.201098,178.571598,179.488534,1037913,USD,1d,risk_on,quantops_deterministic_synthetic_generator,True
1.0.0,f3221c73-39e7-5634-b2e2-b866cc800199,synthetic:1.0.0:QWTI:2023-09-29,QWTI,2023-09-29T21:00:00Z,2023-09-29T21:02:00Z,66.762751,66.976348,66.490849,66.704258,1489823,USD,1d,risk_on,quantops_deterministic_synthetic_generator,True
1.0.0,1bec4995-c4c3-5a54-b5f2-2e14bc45ab6c,synthetic:1.0.0:QCASH:2023-09-29,QCASH,2023-09-29T21:00:00Z,2023-09-29T21:02:00Z,100.991811,101.034457,100.954150,100.996795,811771,USD,1d,risk_on,quantops_deterministic_synthetic_generator,True
1.0.0,3e1a1929-1e8a-5d60-8902-1cb87ad8c170,synthetic:1.0.0:QTECH:2023-10-02,QTECH,2023-10-02T21:00:00Z,2023-10-02T21:02:00Z,119.038299,121.877526,118.569751,121.399684,5710981,USD,1d,risk_on,quantops_deterministic_synthetic_generator,True
1.0.0,bcb4bf66-bebb-5d73-9786-e75ae1c60362,synthetic:1.0.0:QGOLD:2023-10-02,QGOLD,2023-10-02T21:00:00Z,2023-10-02T21:02:00Z,179.531004,180.725131,178.870145,180.062317,1361581,USD,1d,risk_on,quantops_deterministic_synthetic_generator,True
1.0.0,92a173e7-8098-5eaa-8fe9-fcad4978bf58,synthetic:1.0.0:QWTI:2023-10-02,QWTI,2023-10-02T21:00:00Z,2023-10-02T21:02:00Z,66.706100,67.050674,65.771520,66.113031,2101388,USD,1d,risk_on,quantops_deterministic_synthetic_generator,True
1.0.0,afc4a2f9-7328-5ec5-acc3-6c431d314748,synthetic:1.0.0:QCASH:2023-10-02,QCASH,2023-10-02T21:00:00Z,2023-10-02T21:02:00Z,100.997102,101.042123,100.959963,101.004980,1029606,USD,1d,risk_on,quantops_deterministic_synthetic_generator,True
1.0.0,85d69acd-8aa9-54f2-b895-ccf250ab0c1e,synthetic:1.0.0:QTECH:2023-10-03,QTECH,2023-10-03T21:00:00Z,2023-10-03T21:02:00Z,121.426990,123.599489,120.981020,123.147202,4347415,USD,1d,risk_on,quantops_deterministic_synthetic_generator,True
1.0.0,14d7068e-bdef-57b4-a1ba-f358a8eec4bd,synthetic:1.0.0:QGOLD:2023-10-03,QGOLD,2023-10-03T21:00:00Z,2023-10-03T21:02:00Z,179.914164,180.429742,177.955677,178.467108,2265898,USD,1d,risk_on,quantops_deterministic_synthetic_generator,True
1.0.0,6924d3ba-284a-5c0a-b385-1a685c62bbaf,synthetic:1.0.0:QWTI:2023-10-03,QWTI,2023-10-03T21:00:00Z,2023-10-03T21:02:00Z,66.196298,66.595186,64.356811,64.746965,3105997,USD,1d,risk_on,quantops_deterministic_synthetic_generator,True
1.0.0,0996d18b-98a9-5d47-b6ff-998bff79b7da,synthetic:1.0.0:QCASH:2023-10-03,QCASH,2023-10-03T21:00:00Z,2023-10-03T21:02:00Z,101.006355,101.049727,100.968022,101.011392,908005,USD,1d,risk_on,quantops_deterministic_synthetic_generator,True
1.0.0,352744da-7aaf-524e-9aa5-b206d672d34b,synthetic:1.0.0:QTECH:2023-10-04,QTECH,2023-10-04T21:00:00Z,2023-10-04T21:02:00Z,122.962480,123.539827,122.575269,123.152019,2098424,USD,1d,risk_on,quantops_deterministic_synthetic_generator,True
1.0.0,af4d6ac0-f74b-59c7-bbac-774755fc577e,synthetic:1.0.0:QGOLD:2023-10-04,QGOLD,2023-10-04T21:00:00Z,2023-10-04T21:02:00Z,178.483720,178.924598,178.206158,178.646782,1107646,USD,1d,risk_on,quantops_deterministic_synthetic_generator,True
1.0.0,22acf414-4ad8-56e6-a21c-09a78953134b,synthetic:1.0.0:QWTI:2023-10-04,QWTI,2023-10-04T21:00:00Z,2023-10-04T21:02:00Z,64.700170,65.898262,64.480165,65.674943,3095182,USD,1d,risk_on,quantops_deterministic_synthetic_generator,True
1.0.0,7cf13474-9ab8-594e-b442-8271fab6ba4b,synthetic:1.0.0:QCASH:2023-10-04,QCASH,2023-10-04T21:00:00Z,2023-10-04T21:02:00Z,101.011087,101.055549,100.973566,101.018025,934958,USD,1d,risk_on,quantops_deterministic_synthetic_generator,True
1.0.0,d09d9e94-e8c4-5393-8967-93ba6b6a6985,synthetic:1.0.0:QTECH:2023-10-05,QTECH,2023-10-05T21:00:00Z,2023-10-05T21:02:00Z,123.451356,123.852020,120.860042,121.253574,4480841,USD,1d,risk_on,quantops_deterministic_synthetic_generator,True
1.0.0,f2dd2135-f8ca-51ea-be2f-8a7477902b53,synthetic:1.0.0:QGOLD:2023-10-05,QGOLD,2023-10-05T21:00:00Z,2023-10-05T21:02:00Z,178.770732,179.060215,177.765395,178.053717,1310181,USD,1d,risk_on,quantops_deterministic_synthetic_generator,True
1.0.0,11c1417d-6817-554a-a502-ecee78121041,synthetic:1.0.0:QWTI:2023-10-05,QWTI,2023-10-05T21:00:00Z,2023-10-05T21:02:00Z,65.754198,66.972286,65.452108,66.666008,2440894,USD,1d,risk_on,quantops_deterministic_synthetic_generator,True
1.0.0,2668e822-9d9a-57b8-b6e4-237d36525c63,synthetic:1.0.0:QCASH:2023-10-05,QCASH,2023-10-05T21:00:00Z,2023-10-05T21:02:00Z,101.018089,101.057962,100.980820,101.020692,596134,USD,1d,risk_on,quantops_deterministic_synthetic_generator,True
1.0.0,6e3f674a-c55a-5683-822b-5f6f0967f696,synthetic:1.0.0:QTECH:2023-10-06,QTECH,2023-10-06T21:00:00Z,2023-10-06T21:02:00Z,121.163226,123.783275,120.600986,123.211531,4933840,USD,1d,risk_on,quantops_deterministic_synthetic_generator,True
1.0.0,5374ca4c-ee6e-57af-9686-02570c2cd929,synthetic:1.0.0:QGOLD:2023-10-06,QGOLD,2023-10-06T21:00:00Z,2023-10-06T21:02:00Z,177.888502,179.017836,177.434902,178.562517,1187561,USD,1d,risk_on,quantops_deterministic_synthetic_generator,True
1.0.0,6894fa32-6176-5fd0-b97a-2dff57c51060,synthetic:1.0.0:QWTI:2023-10-06,QWTI,2023-10-06T21:00:00Z,2023-10-06T21:02:00Z,66.744192,66.950478,66.057598,66.262396,1769965,USD,1d,risk_on,quantops_deterministic_synthetic_generator,True
1.0.0,e6c20347-547d-5695-857d-26b3c403ad26,synthetic:1.0.0:QCASH:2023-10-06,QCASH,2023-10-06T21:00:00Z,2023-10-06T21:02:00Z,101.018658,101.063473,100.980849,101.025661,915242,USD,1d,risk_on,quantops_deterministic_synthetic_generator,True
1.0.0,42a797a7-18a2-5551-8514-282522b3bc94,synthetic:1.0.0:QTECH:2023-10-09,QTECH,2023-10-09T21:00:00Z,2023-10-09T21:02:00Z,123.160360,123.527033,122.688524,123.054883,1920555,USD,1d,risk_on,quantops_deterministic_synthetic_generator,True
1.0.0,38e97386-6c35-5897-85b9-ff97f4707747,synthetic:1.0.0:QGOLD:2023-10-09,QGOLD,2023-10-09T21:00:00Z,2023-10-09T21:02:00Z,178.422760,179.152124,177.782848,178.511892,845733,USD,1d,risk_on,quantops_deterministic_synthetic_generator,True
1.0.0,3219d0f9-935f-5aa6-a5db-2e1b1113be5a,synthetic:1.0.0:QWTI:2023-10-09,QWTI,2023-10-09T21:00:00Z,2023-10-09T21:02:00Z,66.466375,66.807780,65.056226,65.392114,2780711,USD,1d,risk_on,quantops_deterministic_synthetic_generator,True
1.0.0,6c0c9c62-6b13-5ec8-ae38-026ccb546d45,synthetic:1.0.0:QCASH:2023-10-09,QCASH,2023-10-09T21:00:00Z,2023-10-09T21:02:00Z,101.024904,101.071664,100.984917,101.031674,836115,USD,1d,risk_on,quantops_deterministic_synthetic_generator,True
1.0.0,abfae26e-bea1-58fc-a8a0-f0ca9766716d,synthetic:1.0.0:QTECH:2023-10-10,QTECH,2023-10-10T21:00:00Z,2023-10-10T21:02:00Z,123.100037,123.662986,122.634318,123.196901,2095881,USD,1d,risk_on,quantops_deterministic_synthetic_generator,True
1.0.0,4c4cfc8c-89e0-586c-a474-44662086c802,synthetic:1.0.0:QGOLD:2023-10-10,QGOLD,2023-10-10T21:00:00Z,2023-10-10T21:02:00Z,178.530986,179.107358,177.668116,178.243559,1103580,USD,1d,risk_on,quantops_deterministic_synthetic_generator,True
1.0.0,6e513c92-668f-50e2-a64f-88a6ff172ed7,synthetic:1.0.0:QWTI:2023-10-10,QWTI,2023-10-10T21:00:00Z,2023-10-10T21:02:00Z,65.343298,65.816488,65.099352,65.571689,1649727,USD,1d,risk_on,quantops_deterministic_synthetic_generator,True
1.0.0,ece18055-5912-5829-8087-196fb18b18e0,synthetic:1.0.0:QCASH:2023-10-10,QCASH,2023-10-10T21:00:00Z,2023-10-10T21:02:00Z,101.032568,101.077472,100.994154,101.039055,1005580,USD,1d,risk_on,quantops_deterministic_synthetic_generator,True
1.0.0,6796f236-b40a-5c8e-9f56-7baacec3ed63,synthetic:1.0.0:QTECH:2023-10-11,QTECH,2023-10-11T21:00:00Z,2023-10-11T21:02:00Z,123.208653,124.503271,122.857720,124.149658,3340885,USD,1d,risk_on,quantops_deterministic_synthetic_generator,True
1.0.0,8398381c-92eb-5bc2-b670-58f68a1be302,synthetic:1.0.0:QGOLD:2023-10-11,QGOLD,2023-10-11T21:00:00Z,2023-10-11T21:02:00Z,178.246842,178.539587,177.962882,178.255613,925481,USD,1d,risk_on,quantops_deterministic_synthetic_generator,True
1.0.0,d3eaf34d-f5af-5efb-866b-7153f1a6f9d0,synthetic:1.0.0:QWTI:2023-10-11,QWTI,2023-10-11T21:00:00Z,2023-10-11T21:02:00Z,65.345213,66.572772,65.073566,66.297168,2159656,USD,1d,risk_on,quantops_deterministic_synthetic_generator,True
1.0.0,91472d69-ec21-53c1-9732-67bc7e066167,synthetic:1.0.0:QCASH:2023-10-11,QCASH,2023-10-11T21:00:00Z,2023-10-11T21:02:00Z,101.038920,101.080303,101.000698,101.042079,575755,USD,1d,risk_on,quantops_deterministic_synthetic_generator,True
1.0.0,a8bae41a-0e07-50ed-af7d-19650c06b45a,synthetic:1.0.0:QTECH:2023-10-12,QTECH,2023-10-12T21:00:00Z,2023-10-12T21:02:00Z,124.160495,124.593415,122.298797,122.726718,3869504,USD,1d,risk_on,quantops_deterministic_synthetic_generator,True
1.0.0,cfaed2d4-f75f-55f8-aba6-230c100cdb0f,synthetic:1.0.0:QGOLD:2023-10-12,QGOLD,2023-10-12T21:00:00Z,2023-10-12T21:02:00Z,178.364010,179.768020,177.992704,179.394568,1797835,USD,1d,risk_on,quantops_deterministic_synthetic_generator,True
1.0.0,604e6b71-d637-569b-8919-cecf7987bf13,synthetic:1.0.0:QWTI:2023-10-12,QWTI,2023-10-12T21:00:00Z,2023-10-12T21:02:00Z,66.373852,66.579761,65.791692,65.996430,1844692,USD,1d,risk_on,quantops_deterministic_synthetic_generator,True
1.0.0,a947c616-1410-52f9-8899-09ad739056e4,synthetic:1.0.0:QCASH:2023-10-12,QCASH,2023-10-12T21:00:00Z,2023-10-12T21:02:00Z,101.041574,101.085353,101.003463,101.047240,853632,USD,1d,risk_on,quantops_deterministic_synthetic_generator,True
1.0.0,e35801e0-499f-589c-8323-b656265f133f,synthetic:1.0.0:QTECH:2023-10-13,QTECH,2023-10-13T21:00:00Z,2023-10-13T21:02:00Z,122.648854,122.980447,121.690840,122.020734,2835093,USD,1d,risk_on,quantops_deterministic_synthetic_generator,True
1.0.0,23025b22-fd74-5381-88ea-14f0c8ef712e,synthetic:1.0.0:QGOLD:2023-10-13,QGOLD,2023-10-13T21:00:00Z,2023-10-13T21:02:00Z,179.377658,179.934111,178.647313,179.203226,1194561,USD,1d,risk_on,quantops_deterministic_synthetic_generator,True
1.0.0,c553794a-a63e-583c-871f-1d1b436e52c0,synthetic:1.0.0:QWTI:2023-10-13,QWTI,2023-10-13T21:00:00Z,2023-10-13T21:02:00Z,65.978978,66.295231,64.133545,64.442433,3546856,USD,1d,risk_on,quantops_deterministic_synthetic_generator,True
1.0.0,41d03810-5c1e-5be1-8ae0-a03e322d239f,synthetic:1.0.0:QCASH:2023-10-13,QCASH,2023-10-13T21:00:00Z,2023-10-13T21:02:00Z,101.045141,101.091392,101.007873,101.054121,1049117,USD,1d,risk_on,quantops_deterministic_synthetic_generator,True
1.0.0,77617a9e-956e-539e-89a9-edf0a449ef36,synthetic:1.0.0:QTECH:2023-10-16,QTECH,2023-10-16T21:00:00Z,2023-10-16T21:02:00Z,121.987809,123.358846,121.158684,122.526063,2174304,USD,1d,risk_on,quantops_deterministic_synthetic_generator,True
1.0.0,1d474917-550f-504d-950f-3823e7efe7ae,synthetic:1.0.0:QGOLD:2023-10-16,QGOLD,2023-10-16T21:00:00Z,2023-10-16T21:02:00Z,179.197735,179.706210,178.878923,179.387062,1005400,USD,1d,risk_on,quantops_deterministic_synthetic_generator,True
1.0.0,5c593530-4350-5177-9025-7963f390d236,synthetic:1.0.0:QWTI:2023-10-16,QWTI,2023-10-16T21:00:00Z,2023-10-16T21:02:00Z,64.412158,66.086930,64.069725,65.737451,3365048,USD,1d,risk_on,quantops_deterministic_synthetic_generator,True
1.0.0,a8267459-85e6-5125-892b-ae0c3b893762,synthetic:1.0.0:QCASH:2023-10-16,QCASH,2023-10-16T21:00:00Z,2023-10-16T21:02:00Z,101.055099,101.098246,101.017358,101.060504,873208,USD,1d,risk_on,quantops_deterministic_synthetic_generator,True
1.0.0,d11dc489-0685-5101-ac85-817b06ee2533,synthetic:1.0.0:QTECH:2023-10-17,QTECH,2023-10-17T21:00:00Z,2023-10-17T21:02:00Z,122.437292,123.090884,121.930668,122.583655,1855867,USD,1d,risk_on,quantops_deterministic_synthetic_generator,True
1.0.0,2e5fcb26-b079-5a31-a440-037e1fd24498,synthetic:1.0.0:QGOLD:2023-10-17,QGOLD,2023-10-17T21:00:00Z,2023-10-17T21:02:00Z,179.235884,179.805189,178.941808,179.510662,973007,USD,1d,risk_on,quantops_deterministic_synthetic_generator,True
1.0.0,039f2835-9b1f-5a38-900f-44eb2539b04a,synthetic:1.0.0:QWTI:2023-10-17,QWTI,2023-10-17T21:00:00Z,2023-10-17T21:02:00Z,65.831027,66.066963,65.358578,65.593663,1535110,USD,1d,risk_on,quantops_deterministic_synthetic_generator,True
1.0.0,54cf07da-ca41-53b6-8851-d9cd2661a026,synthetic:1.0.0:QCASH:2023-10-17,QCASH,2023-10-17T21:00:00Z,2023-10-17T21:02:00Z,101.058838,101.106356,101.016260,101.063777,774414,USD,1d,risk_on,quantops_deterministic_synthetic_generator,True
1.0.0,beed55cf-5bc4-55bb-84db-b8ec747eba30,synthetic:1.0.0:QTECH:2023-10-18,QTECH,2023-10-18T21:00:00Z,2023-10-18T21:02:00Z,122.675785,124.666457,122.096059,124.080095,4021126,USD,1d,risk_on,quantops_deterministic_synthetic_generator,True
1.0.0,098c5f2e-66ac-522e-b073-21e3c86324be,synthetic:1.0.0:QGOLD:2023-10-18,QGOLD,2023-10-18T21:00:00Z,2023-10-18T21:02:00Z,179.636418,180.118121,177.853061,178.331264,1925990,USD,1d,risk_on,quantops_deterministic_synthetic_generator,True
1.0.0,3da000d4-94f8-5197-b33c-5ae0ecf1059a,synthetic:1.0.0:QWTI:2023-10-18,QWTI,2023-10-18T21:00:00Z,2023-10-18T21:02:00Z,65.682269,65.928508,65.082237,65.327144,1577728,USD,1d,risk_on,quantops_deterministic_synthetic_generator,True
1.0.0,b8e27989-6fdc-5349-864f-1b75b457f0b3,synthetic:1.0.0:QCASH:2023-10-18,QCASH,2023-10-18T21:00:00Z,2023-10-18T21:02:00Z,101.063595,101.106979,101.026071,101.069453,865927,USD,1d,risk_on,quantops_deterministic_synthetic_generator,True
1.0.0,ac61c0d9-ec3c-5bad-8d2f-790dfcd679a2,synthetic:1.0.0:QTECH:2023-10-19,QTECH,2023-10-19T21:00:00Z,2023-10-19T21:02:00Z,123.927472,124.437476,123.612206,124.121716,1699036,USD,1d,risk_on,quantops_deterministic_synthetic_generator,True
1.0.0,6f339684-3436-5e4a-b499-c1f5a0718f4c,synthetic:1.0.0:QGOLD:2023-10-19,QGOLD,2023-10-19T21:00:00Z,2023-10-19T21:02:00Z,178.427454,178.954785,177.290457,177.815981,1367561,USD,1d,risk_on,quantops_deterministic_synthetic_generator,True
1.0.0,02306d5c-566a-50cc-9cec-76af2b14003b,synthetic:1.0.0:QWTI:2023-10-19,QWTI,2023-10-19T21:00:00Z,2023-10-19T21:02:00Z,65.414319,66.692189,65.099643,66.372902,2690645,USD,1d,risk_on,quantops_deterministic_synthetic_generator,True
1.0.0,e56067a8-150e-5621-b810-3bf4334e7c2b,synthetic:1.0.0:QCASH:2023-10-19,QCASH,2023-10-19T21:00:00Z,2023-10-19T21:02:00Z,101.070583,101.114037,101.032945,101.076397,993262,USD,1d,risk_on,quantops_deterministic_synthetic_generator,True
1.0.0,8eca8c79-3baa-5f10-952c-9d0004c8e6f1,synthetic:1.0.0:QTECH:2023-10-20,QTECH,2023-10-20T21:00:00Z,2023-10-20T21:02:00Z,124.225891,125.622348,123.921664,125.315453,3456881,USD,1d,risk_on,quantops_deterministic_synthetic_generator,True
1.0.0,0ac77ad3-7f2b-57b7-aa02-02704cae0160,synthetic:1.0.0:QGOLD:2023-10-20,QGOLD,2023-10-20T21:00:00Z,2023-10-20T21:02:00Z,177.629796,179.127160,177.160459,178.655114,1421274,USD,1d,risk_on,quantops_deterministic_synthetic_generator,True
1.0.0,c9a9513f-d770-558a-aae9-526c9628bde8,synthetic:1.0.0:QWTI:2023-10-20,QWTI,2023-10-20T21:00:00Z,2023-10-20T21:02:00Z,66.456484,66.968018,66.230391,66.740957,1879506,USD,1d,risk_on,quantops_deterministic_synthetic_generator,True
1.0.0,48146be4-f65e-5695-9cec-21f58ef39977,synthetic:1.0.0:QCASH:2023-10-20,QCASH,2023-10-20T21:00:00Z,2023-10-20T21:02:00Z,101.076049,101.118066,101.038381,101.080396,776628,USD,1d,risk_on,quantops_deterministic_synthetic_generator,True
1.0.0,ca9801d2-208f-559c-804b-f5c1befd24fe,synthetic:1.0.0:QTECH:2023-10-23,QTECH,2023-10-23T21:00:00Z,2023-10-23T21:02:00Z,125.433332,125.926242,124.864669,125.357281,1930471,USD,1d,risk_on,quantops_deterministic_synthetic_generator,True
1.0.0,a226c3fa-48d9-5f92-8051-c90c5798722a,synthetic:1.0.0:QGOLD:2023-10-23,QGOLD,2023-10-23T21:00:00Z,2023-10-23T21:02:00Z,178.486078,178.978429,178.115865,178.607964,938749,USD,1d,risk_on,quantops_deterministic_synthetic_generator,True
1.0.0,e9f41c36-bd22-5112-ac8f-e539a55ba96a,synthetic:1.0.0:QWTI:2023-10-23,QWTI,2023-10-23T21:00:00Z,2023-10-23T21:02:00Z,66.661849,67.500796,66.396961,67.233637,2116516,USD,1d,risk_on,quantops_deterministic_synthetic_generator,True
1.0.0,3aac4446-54a1-51e5-bde9-65a060698b86,synthetic:1.0.0:QCASH:2023-10-23,QCASH,2023-10-23T21:00:00Z,2023-10-23T21:02:00Z,101.080363,101.125226,101.041223,101.086084,909397,USD,1d,risk_on,quantops_deterministic_synthetic_generator,True
1.0.0,a55afc6c-0690-5449-9ed3-ca268c04fe72,synthetic:1.0.0:QTECH:2023-10-24,QTECH,2023-10-24T21:00:00Z,2023-10-24T21:02:00Z,125.512331,125.940092,125.139496,125.567094,1923789,USD,1d,risk_on,quantops_deterministic_synthetic_generator,True
1.0.0,01c0ae5b-2856-5a0b-a563-35d3b2b12517,synthetic:1.0.0:QGOLD:2023-10-24,QGOLD,2023-10-24T21:00:00Z,2023-10-24T21:02:00Z,178.847308,179.500111,178.350139,179.002510,1129694,USD,1d,risk_on,quantops_deterministic_synthetic_generator,True
1.0.0,6a335db5-8f91-5c86-9478-f9e7d9017e77,synthetic:1.0.0:QWTI:2023-10-24,QWTI,2023-10-24T21:00:00Z,2023-10-24T21:02:00Z,67.385015,67.725989,66.948401,67.288889,1295782,USD,1d,risk_on,quantops_deterministic_synthetic_generator,True
1.0.0,d088fa59-6809-53d6-ba12-74d454ced4f7,synthetic:1.0.0:QCASH:2023-10-24,QCASH,2023-10-24T21:00:00Z,2023-10-24T21:02:00Z,101.087998,101.127794,101.049926,101.089721,673882,USD,1d,risk_on,quantops_deterministic_synthetic_generator,True
1.0.0,1dc4e58b-d4da-5284-9b3e-f44f40e207c3,synthetic:1.0.0:QTECH:2023-10-25,QTECH,2023-10-25T21:00:00Z,2023-10-25T21:02:00Z,125.641638,126.032948,124.760107,125.149885,2589774,USD,1d,risk_on,quantops_deterministic_synthetic_generator,True
1.0.0,53d8edae-9bdf-5920-b0b6-f5b5d92f8a27,synthetic:1.0.0:QGOLD:2023-10-25,QGOLD,2023-10-25T21:00:00Z,2023-10-25T21:02:00Z,179.036206,179.382919,178.683415,179.030116,803609,USD,1d,risk_on,quantops_deterministic_synthetic_generator,True
1.0.0,9d025cb6-3c42-58de-85a9-d00714ab2e77,synthetic:1.0.0:QWTI:2023-10-25,QWTI,2023-10-25T21:00:00Z,2023-10-25T21:02:00Z,67.343739,68.107280,67.050808,67.812310,1919399,USD,1d,risk_on,quantops_deterministic_synthetic_generator,True
1.0.0,83674f6d-41ff-5a6e-8b62-774b6124603f,synthetic:1.0.0:QCASH:2023-10-25,QCASH,2023-10-25T21:00:00Z,2023-10-25T21:02:00Z,101.088982,101.133927,101.051377,101.096319,998401,USD,1d,risk_on,quantops_deterministic_synthetic_generator,True
1.0.0,91e12f57-5fea-59c0-b391-9bfdf9a28cfb,synthetic:1.0.0:QTECH:2023-10-26,QTECH,2023-10-26T21:00:00Z,2023-10-26T21:02:00Z,124.980733,127.205013,124.589248,126.807804,4599252,USD,1d,risk_on,quantops_deterministic_synthetic_generator,True
1.0.0,72a181a2-8432-518e-a2da-44133ee37872,synthetic:1.0.0:QGOLD:2023-10-26,QGOLD,2023-10-26T21:00:00Z,2023-10-26T21:02:00Z,178.960747,179.433487,178.379010,178.851462,877354,USD,1d,risk_on,quantops_deterministic_synthetic_generator,True
1.0.0,2637c3cd-0239-5d42-8928-83df8f34f3e6,synthetic:1.0.0:QWTI:2023-10-26,QWTI,2023-10-26T21:00:00Z,2023-10-26T21:02:00Z,67.690832,68.092831,67.050776,67.451352,1689300,USD,1d,risk_on,quantops_deterministic_synthetic_generator,True
1.0.0,22d859a1-c5be-5f38-b45c-713e60833c8e,synthetic:1.0.0:QCASH:2023-10-26,QCASH,2023-10-26T21:00:00Z,2023-10-26T21:02:00Z,101.095660,101.140756,101.057886,101.102979,824186,USD,1d,risk_on,quantops_deterministic_synthetic_generator,True
1.0.0,3f178198-8c3a-507d-8555-79cd7044c890,synthetic:1.0.0:QTECH:2023-10-27,QTECH,2023-10-27T21:00:00Z,2023-10-27T21:02:00Z,126.938877,127.315329,125.930779,126.305352,2530604,USD,1d,risk_on,quantops_deterministic_synthetic_generator,True
1.0.0,1d1c68fc-6679-5767-9c5b-98ca232f3056,synthetic:1.0.0:QGOLD:2023-10-27,QGOLD,2023-10-27T21:00:00Z,2023-10-27T21:02:00Z,178.641273,178.958377,178.052902,178.369524,1266101,USD,1d,risk_on,quantops_deterministic_synthetic_generator,True
1.0.0,0aa8d0b2-0120-50db-83c5-0581b26be0f9,synthetic:1.0.0:QWTI:2023-10-27,QWTI,2023-10-27T21:00:00Z,2023-10-27T21:02:00Z,67.611715,67.922349,65.630710,65.933635,3228298,USD,1d,risk_on,quantops_deterministic_synthetic_generator,True
1.0.0,adc396f4-7092-5206-a94d-b21e424e4aab,synthetic:1.0.0:QCASH:2023-10-27,QCASH,2023-10-27T21:00:00Z,2023-10-27T21:02:00Z,101.103180,101.147969,101.064915,101.109702,923833,USD,1d,risk_on,quantops_deterministic_synthetic_generator,True
1.0.0,3c009556-0179-59f8-a166-a7501c967933,synthetic:1.0.0:QTECH:2023-10-30,QTECH,2023-10-30T21:00:00Z,2023-10-30T21:02:00Z,126.139665,126.517967,124.522511,124.897085,3785315,USD,1d,risk_on,quantops_deterministic_synthetic_generator,True
1.0.0,900437d9-b7d5-51da-81aa-c0296961adb8,synthetic:1.0.0:QGOLD:2023-10-30,QGOLD,2023-10-30T21:00:00Z,2023-10-30T21:02:00Z,178.477253,179.406915,177.963041,178.891510,1206247,USD,1d,risk_on,quantops_deterministic_synthetic_generator,True
1.0.0,9d087630-834d-589d-863e-5ec5cb1dcd26,synthetic:1.0.0:QWTI:2023-10-30,QWTI,2023-10-30T21:00:00Z,2023-10-30T21:02:00Z,65.999857,66.272952,65.299491,65.570810,1930513,USD,1d,risk_on,quantops_deterministic_synthetic_generator,True
1.0.0,4a06dd21-a009-5e53-8fae-576a18e4b1de,synthetic:1.0.0:QCASH:2023-10-30,QCASH,2023-10-30T21:00:00Z,2023-10-30T21:02:00Z,101.109959,101.153262,101.072638,101.115938,893582,USD,1d,risk_on,quantops_deterministic_synthetic_generator,True
1.0.0,b1815647-aaf2-5515-b6e8-71a4b20e5e51,synthetic:1.0.0:QTECH:2023-10-31,QTECH,2023-10-31T21:00:00Z,2023-10-31T21:02:00Z,124.907627,126.556994,124.074097,125.718056,2647268,USD,1d,risk_on,quantops_deterministic_synthetic_generator,True
1.0.0,a96b1e7b-0c34-56b7-9f5e-db5187fa52e6,synthetic:1.0.0:QGOLD:2023-10-31,QGOLD,2023-10-31T21:00:00Z,2023-10-31T21:02:00Z,178.823855,179.383078,177.537699,178.094642,1249692,USD,1d,risk_on,quantops_deterministic_synthetic_generator,True
1.0.0,d6166d16-0eae-555d-8064-6670e8270221,synthetic:1.0.0:QWTI:2023-10-31,QWTI,2023-10-31T21:00:00Z,2023-10-31T21:02:00Z,65.603992,65.993821,65.336137,65.725470,1643425,USD,1d,risk_on,quantops_deterministic_synthetic_generator,True
1.0.0,20e5636c-0c9a-5b64-b7b5-a72906020c31,synthetic:1.0.0:QCASH:2023-10-31,QCASH,2023-10-31T21:00:00Z,2023-10-31T21:02:00Z,101.115771,101.160045,101.077770,101.122042,816216,USD,1d,risk_on,quantops_deterministic_synthetic_generator,True
1.0.0,8275c0a8-66b6-5d78-87f3-c58edc19c2dc,synthetic:1.0.0:QTECH:2023-11-01,QTECH,2023-11-01T21:00:00Z,2023-11-01T21:02:00Z,125.725663,128.324839,125.366583,127.959380,5413739,USD,1d,risk_on,quantops_deterministic_synthetic_generator,True
1.0.0,44628944-1204-5d46-babf-d36ad82b0fdd,synthetic:1.0.0:QGOLD:2023-11-01,QGOLD,2023-11-01T21:00:00Z,2023-11-01T21:02:00Z,178.140753,179.473210,177.764062,179.094502,1823968,USD,1d,risk_on,quantops_deterministic_synthetic_generator,True
1.0.0,c31fbe34-6fdf-56c3-927f-434aed86af86,synthetic:1.0.0:QWTI:2023-11-01,QWTI,2023-11-01T21:00:00Z,2023-11-01T21:02:00Z,65.548390,66.454041,65.341852,66.245307,1778134,USD,1d,risk_on,quantops_deterministic_synthetic_generator,True
1.0.0,d217d383-6caf-5c8d-a32c-471d62a7fd23,synthetic:1.0.0:QCASH:2023-11-01,QCASH,2023-11-01T21:00:00Z,2023-11-01T21:02:00Z,101.121715,101.165110,101.082451,101.125844,654650,USD,1d,risk_on,quantops_deterministic_synthetic_generator,True
1.0.0,be16dcb1-ef27-5e3c-85d9-fb6dfd011f42,synthetic:1.0.0:QTECH:2023-11-02,QTECH,2023-11-02T21:00:00Z,2023-11-02T21:02:00Z,127.822102,128.683031,127.295637,128.155195,2031624,USD,1d,risk_on,quantops_deterministic_synthetic_generator,True
1.0.0,7696701f-d28b-5378-a0c0-ebee81dd823b,synthetic:1.0.0:QGOLD:2023-11-02,QGOLD,2023-11-02T21:00:00Z,2023-11-02T21:02:00Z,179.282794,179.781343,178.816120,179.314586,947625,USD,1d,risk_on,quantops_deterministic_synthetic_generator,True
1.0.0,35259a7a-a2db-5647-ac44-4b8aa2413f57,synthetic:1.0.0:QWTI:2023-11-02,QWTI,2023-11-02T21:00:00Z,2023-11-02T21:02:00Z,66.308419,68.272368,66.020956,67.977669,4259716,USD,1d,risk_on,quantops_deterministic_synthetic_generator,True
1.0.0,49a7396c-62ef-5ebd-a683-48ae026951f7,synthetic:1.0.0:QCASH:2023-11-02,QCASH,2023-11-02T21:00:00Z,2023-11-02T21:02:00Z,101.126271,101.169534,101.088908,101.132169,900176,USD,1d,risk_on,quantops_deterministic_synthetic_generator,True
1.0.0,d5622acb-5ccc-50b7-b1c3-af313ea642de,synthetic:1.0.0:QTECH:2023-11-03,QTECH,2023-11-03T21:00:00Z,2023-11-03T21:02:00Z,128.219960,128.554764,124.697784,125.024244,6442082,USD,1d,risk_on,quantops_deterministic_synthetic_generator,True
1.0.0,1340e1ea-fcfa-5afc-9acd-b5bbde33af03,synthetic:1.0.0:QGOLD:2023-11-03,QGOLD,2023-11-03T21:00:00Z,2023-11-03T21:02:00Z,179.428736,181.122534,178.898761,180.589131,1818488,USD,1d,risk_on,quantops_deterministic_synthetic_generator,True
1.0.0,318e8278-eeca-5393-ab4b-d3f320ff8b29,synthetic:1.0.0:QWTI:2023-11-03,QWTI,2023-11-03T21:00:00Z,2023-11-03T21:02:00Z,68.024226,68.568978,67.723577,68.267255,1663820,USD,1d,risk_on,quantops_deterministic_synthetic_generator,True
1.0.0,5b787c74-1552-5f9f-8010-650010b74263,synthetic:1.0.0:QCASH:2023-11-03,QCASH,2023-11-03T21:00:00Z,2023-11-03T21:02:00Z,101.132448,101.176285,101.092504,101.136339,804747,USD,1d,risk_on,quantops_deterministic_synthetic_generator,True
1.0.0,374bac0d-f4e9-5060-bfb5-464ed3ef9424,synthetic:1.0.0:QTECH:2023-11-06,QTECH,2023-11-06T21:00:00Z,2023-11-06T21:02:00Z,125.217104,125.631030,124.279960,124.692151,2358098,USD,1d,risk_on,quantops_deterministic_synthetic_generator,True
1.0.0,1fcb0567-ce1a-54d6-a1a1-e5522bcee15f,synthetic:1.0.0:QGOLD:2023-11-06,QGOLD,2023-11-06T21:00:00Z,2023-11-06T21:02:00Z,180.466726,180.839878,179.310190,179.681718,1775471,USD,1d,risk_on,quantops_deterministic_synthetic_generator,True
1.0.0,63f00707-b716-5595-8d2e-9034101f2cdb,synthetic:1.0.0:QWTI:2023-11-06,QWTI,2023-11-06T21:00:00Z,2023-11-06T21:02:00Z,68.089363,68.601883,66.826827,67.333658,3250486,USD,1d,risk_on,quantops_deterministic_synthetic_generator,True
1.0.0,9d5b44e4-86b8-57a7-b401-4a0b2849e4b4,synthetic:1.0.0:QCASH:2023-11-06,QCASH,2023-11-06T21:00:00Z,2023-11-06T21:02:00Z,101.137485,101.178622,101.098248,101.139384,617767,USD,1d,risk_on,quantops_deterministic_synthetic_generator,True
1.0.0,1e85418c-9d20-5f8b-ac15-0260a57c3419,synthetic:1.0.0:QTECH:2023-11-07,QTECH,2023-11-07T21:00:00Z,2023-11-07T21:02:00Z,124.583806,125.568217,123.907660,124.890408,2395522,USD,1d,risk_on,quantops_deterministic_synthetic_generator,True
1.0.0,00e07ff0-c4cb-5dc3-a2c0-d623d03790df,synthetic:1.0.0:QGOLD:2023-11-07,QGOLD,2023-11-07T21:00:00Z,2023-11-07T21:02:00Z,179.709123,180.346729,179.278672,179.915783,1041393,USD,1d,risk_on,quantops_deterministic_synthetic_generator,True
1.0.0,6265ed2a-ce78-561a-bb08-8ea1e36fd244,synthetic:1.0.0:QWTI:2023-11-07,QWTI,2023-11-07T21:00:00Z,2023-11-07T21:02:00Z,67.401926,69.491391,67.018615,69.098432,3928314,USD,1d,risk_on,quantops_deterministic_synthetic_generator,True
1.0.0,f81f5ec4-f6aa-54a4-8ea1-000a5a917a50,synthetic:1.0.0:QCASH:2023-11-07,QCASH,2023-11-07T21:00:00Z,2023-11-07T21:02:00Z,101.137762,101.180068,101.099336,101.141640,556787,USD,1d,risk_on,quantops_deterministic_synthetic_generator,True
1.0.0,f89d07dc-d95d-501c-a231-3e70f52f9497,synthetic:1.0.0:QTECH:2023-11-08,QTECH,2023-11-08T21:00:00Z,2023-11-08T21:02:00Z,124.934132,126.327826,124.337022,125.726927,3205508,USD,1d,risk_on,quantops_deterministic_synthetic_generator,True
1.0.0,cded845e-2799-5a91-ab10-ce7bfefcf5e4,synthetic:1.0.0:QGOLD:2023-11-08,QGOLD,2023-11-08T21:00:00Z,2023-11-08T21:02:00Z,179.867248,180.192094,177.393838,177.714797,2881791,USD,1d,risk_on,quantops_deterministic_synthetic_generator,True
1.0.0,cac48015-4b72-513d-ad32-38785da4f60a,synthetic:1.0.0:QWTI:2023-11-08,QWTI,2023-11-08T21:00:00Z,2023-11-08T21:02:00Z,69.138402,71.061750,68.880298,70.797452,4209393,USD,1d,risk_on,quantops_deterministic_synthetic_generator,True
1.0.0,6d18eb8f-a1c5-5878-a1fe-81a026935e78,synthetic:1.0.0:QCASH:2023-11-08,QCASH,2023-11-08T21:00:00Z,2023-11-08T21:02:00Z,101.140439,101.183209,101.102651,101.145420,697572,USD,1d,risk_on,quantops_deterministic_synthetic_generator,True
1.0.0,a94ebb2b-be1e-5567-a741-432a9b410747,synthetic:1.0.0:QTECH:2023-11-09,QTECH,2023-11-09T21:00:00Z,2023-11-09T21:02:00Z,125.623584,126.202222,123.930718,124.504200,3447995,USD,1d,risk_on,quantops_deterministic_synthetic_generator,True
1.0.0,1385f06a-4fef-5d05-b743-f5dd8598b57e,synthetic:1.0.0:QGOLD:2023-11-09,QGOLD,2023-11-09T21:00:00Z,2023-11-09T21:02:00Z,177.852504,178.355681,177.548431,178.051268,1346654,USD,1d,risk_on,quantops_deterministic_synthetic_generator,True
1.0.0,0b8a198a-cca8-5a2f-ba8e-7d29043750b5,synthetic:1.0.0:QWTI:2023-11-09,QWTI,2023-11-09T21:00:00Z,2023-11-09T21:02:00Z,70.638351,71.586928,70.222006,71.167465,1739508,USD,1d,risk_on,quantops_deterministic_synthetic_generator,True
1.0.0,92a48843-3962-5551-a185-7bd42bd2c848,synthetic:1.0.0:QCASH:2023-11-09,QCASH,2023-11-09T21:00:00Z,2023-11-09T21:02:00Z,101.145398,101.187425,101.107135,101.149161,765152,USD,1d,risk_on,quantops_deterministic_synthetic_generator,True
1.0.0,18317f86-bba6-5858-a688-6c1b2c9017d1,synthetic:1.0.0:QTECH:2023-11-10,QTECH,2023-11-10T21:00:00Z,2023-11-10T21:02:00Z,124.555878,125.006040,123.384261,123.831807,2651775,USD,1d,risk_on,quantops_deterministic_synthetic_generator,True
1.0.0,df834f12-2fbc-53c8-a17e-72ca341b3b4e,synthetic:1.0.0:QGOLD:2023-11-10,QGOLD,2023-11-10T21:00:00Z,2023-11-10T21:02:00Z,178.347524,178.668162,176.811856,177.130306,1316789,USD,1d,risk_on,quantops_deterministic_synthetic_generator,True
1.0.0,4d8dcae0-9141-5b2a-87e6-c0071f208232,synthetic:1.0.0:QWTI:2023-11-10,QWTI,2023-11-10T21:00:00Z,2023-11-10T21:02:00Z,71.181537,71.685866,70.840422,71.343973,1616012,USD,1d,risk_on,quantops_deterministic_synthetic_generator,True
1.0.0,d894d8b1-f2f3-5bf2-bad1-84039acf3ee8,synthetic:1.0.0:QCASH:2023-11-10,QCASH,2023-11-10T21:00:00Z,2023-11-10T21:02:00Z,101.149333,101.190957,101.110520,101.152143,614238,USD,1d,risk_on,quantops_deterministic_synthetic_generator,True
1.0.0,34704599-7f48-5e5a-9dbb-4d379da118a3,synthetic:1.0.0:QTECH:2023-11-13,QTECH,2023-11-13T21:00:00Z,2023-11-13T21:02:00Z,123.958341,124.321913,123.520926,123.884282,1643238,USD,1d,risk_on,quantops_deterministic_synthetic_generator,True
1.0.0,d1df714c-6c8e-5764-aa63-7587ba695fac,synthetic:1.0.0:QGOLD:2023-11-13,QGOLD,2023-11-13T21:00:00Z,2023-11-13T21:02:00Z,177.234227,178.095277,176.796758,177.656764,1196912,USD,1d,risk_on,quantops_deterministic_synthetic_generator,True
1.0.0,6702e8e8-cb48-5b53-9c25-3f711c4e06a7,synthetic:1.0.0:QWTI:2023-11-13,QWTI,2023-11-13T21:00:00Z,2023-11-13T21:02:00Z,71.312075,71.526505,70.782947,70.996427,1755274,USD,1d,risk_on,quantops_deterministic_synthetic_generator,True
1.0.0,fec42fdf-c1fb-523c-8cc0-110575f39f37,synthetic:1.0.0:QCASH:2023-11-13,QCASH,2023-11-13T21:00:00Z,2023-11-13T21:02:00Z,101.153788,101.198232,101.114715,101.159157,889370,USD,1d,risk_on,quantops_deterministic_synthetic_generator,True
1.0.0,cb082a82-e668-5e1c-939d-e206d7b91747,synthetic:1.0.0:QTECH:2023-11-14,QTECH,2023-11-14T21:00:00Z,2023-11-14T21:02:00Z,124.001347,124.516850,123.553193,124.068453,2385094,USD,1d,risk_on,quantops_deterministic_synthetic_generator,True
1.0.0,535089b3-4de6-5717-b626-3a1f67bfd852,synthetic:1.0.0:QGOLD:2023-11-14,QGOLD,2023-11-14T21:00:00Z,2023-11-14T21:02:00Z,177.704486,177.985806,177.107840,177.388659,1074830,USD,1d,risk_on,quantops_deterministic_synthetic_generator,True
1.0.0,7b2d36a4-a43d-5160-9fbb-6d170a8fcb82,synthetic:1.0.0:QWTI:2023-11-14,QWTI,2023-11-14T21:00:00Z,2023-11-14T21:02:00Z,71.146362,71.411148,69.648023,69.908201,2879655,USD,1d,risk_on,quantops_deterministic_synthetic_generator,True
1.0.0,3e3e44ec-c12a-58ef-8333-e80ef870ee21,synthetic:1.0.0:QCASH:2023-11-14,QCASH,2023-11-14T21:00:00Z,2023-11-14T21:02:00Z,101.158869,101.205229,101.119974,101.166331,795480,USD,1d,risk_on,quantops_deterministic_synthetic_generator,True
1.0.0,aa49f94d-b6d5-5945-b2c8-713e8b55c184,synthetic:1.0.0:QTECH:2023-11-15,QTECH,2023-11-15T21:00:00Z,2023-11-15T21:02:00Z,124.295674,124.755290,122.546518,123.001348,3532882,USD,1d,risk_on,quantops_deterministic_synthetic_generator,True
1.0.0,523f6b41-a457-5291-ab35-6529260ff3ce,synthetic:1.0.0:QGOLD:2023-11-15,QGOLD,2023-11-15T21:00:00Z,2023-11-15T21:02:00Z,177.304421,178.757754,176.880316,178.331194,1816294,USD,1d,risk_on,quantops_deterministic_synthetic_generator,True
1.0.0,3948e581-1204-5b07-a311-75b86de57f42,synthetic:1.0.0:QWTI:2023-11-15,QWTI,2023-11-15T21:00:00Z,2023-11-15T21:02:00Z,70.061222,71.086528,69.634950,70.656633,2644707,USD,1d,risk_on,quantops_deterministic_synthetic_generator,True
1.0.0,bbfd8729-9617-5774-b765-563586df9b26,synthetic:1.0.0:QCASH:2023-11-15,QCASH,2023-11-15T21:00:00Z,2023-11-15T21:02:00Z,101.166935,101.209336,101.129298,101.171697,915874,USD,1d,risk_on,quantops_deterministic_synthetic_generator,True
1.0.0,a29b7568-462e-5a8e-a761-295b7a40277d,synthetic:1.0.0:QTECH:2023-11-16,QTECH,2023-11-16T21:00:00Z,2023-11-16T21:02:00Z,123.167808,123.490087,122.174381,122.494899,2379968,USD,1d,risk_on,quantops_deterministic_synthetic_generator,True
1.0.0,faed70bb-bf8a-5865-93ef-3f2b903de846,synthetic:1.0.0:QGOLD:2023-11-16,QGOLD,2023-11-16T21:00:00Z,2023-11-16T21:02:00Z,178.326782,178.881243,177.491492,178.045077,1009123,USD,1d,risk_on,quantops_deterministic_synthetic_generator,True
1.0.0,fc5880f3-5c05-5061-84d7-1841496dcdb6,synthetic:1.0.0:QWTI:2023-11-16,QWTI,2023-11-16T21:00:00Z,2023-11-16T21:02:00Z,70.628770,70.873224,69.732566,69.974756,2361373,USD,1d,risk_on,quantops_deterministic_synthetic_generator,True
1.0.0,e9c16eae-4396-5691-8809-69b049f82ea9,synthetic:1.0.0:QCASH:2023-11-16,QCASH,2023-11-16T21:00:00Z,2023-11-16T21:02:00Z,101.171285,101.212509,101.134177,101.175399,721330,USD,1d,risk_on,quantops_deterministic_synthetic_generator,True
1.0.0,2f8ffb0e-e549-5391-a433-45dd60061db1,synthetic:1.0.0:QTECH:2023-11-17,QTECH,2023-11-17T21:00:00Z,2023-11-17T21:02:00Z,122.476450,122.851126,121.292055,121.664245,3084175,USD,1d,risk_on,quantops_deterministic_synthetic_generator,True
1.0.0,f5eb60ff-efdf-58c0-875d-205d1cc2b466,synthetic:1.0.0:QGOLD:2023-11-17,QGOLD,2023-11-17T21:00:00Z,2023-11-17T21:02:00Z,177.839460,178.222865,176.526445,176.907842,1681528,USD,1d,risk_on,quantops_deterministic_synthetic_generator,True
1.0.0,e73e0f0d-36ff-5765-ad73-189c480904c6,synthetic:1.0.0:QWTI:2023-11-17,QWTI,2023-11-17T21:00:00Z,2023-11-17T21:02:00Z,70.083281,71.148699,69.687283,70.748940,2568893,USD,1d,risk_on,quantops_deterministic_synthetic_generator,True
1.0.0,b156034c-908a-5272-948d-1239c5877036,synthetic:1.0.0:QCASH:2023-11-17,QCASH,2023-11-17T21:00:00Z,2023-11-17T21:02:00Z,101.174885,101.217318,101.136404,101.178836,768911,USD,1d,risk_on,quantops_deterministic_synthetic_generator,True
1.0.0,b66a6c3d-7e7f-57bb-8360-aafc78aa88a3,synthetic:1.0.0:QTECH:2023-11-20,QTECH,2023-11-20T21:00:00Z,2023-11-20T21:02:00Z,121.438452,121.940088,120.741754,121.242581,2338059,USD,1d,risk_on,quantops_deterministic_synthetic_generator,True
1.0.0,b11ea06e-54bd-5745-bde1-4d15649728dc,synthetic:1.0.0:QGOLD:2023-11-20,QGOLD,2023-11-20T21:00:00Z,2023-11-20T21:02:00Z,176.846112,178.141200,176.544790,177.838188,1766235,USD,1d,risk_on,quantops_deterministic_synthetic_generator,True
1.0.0,50aa18f4-297d-54a4-b0ff-4773c635c555,synthetic:1.0.0:QWTI:2023-11-20,QWTI,2023-11-20T21:00:00Z,2023-11-20T21:02:00Z,70.860508,71.254888,68.987360,69.373464,3409896,USD,1d,risk_on,quantops_deterministic_synthetic_generator,True
1.0.0,3b0b911c-05a1-5801-81f9-01a04a517d54,synthetic:1.0.0:QCASH:2023-11-20,QCASH,2023-11-20T21:00:00Z,2023-11-20T21:02:00Z,101.179001,101.222334,101.141178,101.184508,789528,USD,1d,risk_on,quantops_deterministic_synthetic_generator,True
1.0.0,0b27274f-0a05-5804-af4f-34b3924856f9,synthetic:1.0.0:QTECH:2023-11-21,QTECH,2023-11-21T21:00:00Z,2023-11-21T21:02:00Z,121.478775,124.058977,120.976064,123.547704,5795516,USD,1d,risk_on,quantops_deterministic_synthetic_generator,True
1.0.0,7c01152e-4d84-52bd-91e0-84978f565c17,synthetic:1.0.0:QGOLD:2023-11-21,QGOLD,2023-11-21T21:00:00Z,2023-11-21T21:02:00Z,177.877354,178.919252,177.362592,178.402968,1592621,USD,1d,risk_on,quantops_deterministic_synthetic_generator,True
1.0.0,a1fd0767-6936-547c-876a-37ec0a848a42,synthetic:1.0.0:QWTI:2023-11-21,QWTI,2023-11-21T21:00:00Z,2023-11-21T21:02:00Z,69.355142,69.571925,68.234762,68.448713,2909883,USD,1d,risk_on,quantops_deterministic_synthetic_generator,True
1.0.0,9c415363-d235-5c25-af05-f27197ad4ba6,synthetic:1.0.0:QCASH:2023-11-21,QCASH,2023-11-21T21:00:00Z,2023-11-21T21:02:00Z,101.182817,101.226059,101.145653,101.188893,859350,USD,1d,risk_on,quantops_deterministic_synthetic_generator,True
1.0.0,565d090f-2d60-5981-aeae-772c7e29649f,synthetic:1.0.0:QTECH:2023-11-22,QTECH,2023-11-22T21:00:00Z,2023-11-22T21:02:00Z,123.369137,125.829501,123.051113,125.505968,4899012,USD,1d,risk_on,quantops_deterministic_synthetic_generator,True
1.0.0,0aaf1fdd-992a-5e18-b6aa-e23418214af4,synthetic:1.0.0:QGOLD:2023-11-22,QGOLD,2023-11-22T21:00:00Z,2023-11-22T21:02:00Z,178.434698,178.906860,176.284206,176.751914,2466521,USD,1d,risk_on,quantops_deterministic_synthetic_generator,True
1.0.0,8cd23bc5-fa3a-5ee7-b7d6-4b67afffcc12,synthetic:1.0.0:QWTI:2023-11-22,QWTI,2023-11-22T21:00:00Z,2023-11-22T21:02:00Z,68.509630,69.056569,68.298108,68.844015,1952187,USD,1d,risk_on,quantops_deterministic_synthetic_generator,True
1.0.0,9ff13544-9851-5bb7-8cfb-9bb7422e7985,synthetic:1.0.0:QCASH:2023-11-22,QCASH,2023-11-22T21:00:00Z,2023-11-22T21:02:00Z,101.189711,101.230279,101.152119,101.192685,725238,USD,1d,risk_on,quantops_deterministic_synthetic_generator,True
1.0.0,35592e25-56af-50aa-a061-de7c116f1f46,synthetic:1.0.0:QTECH:2023-11-23,QTECH,2023-11-23T21:00:00Z,2023-11-23T21:02:00Z,125.732683,126.708602,125.181414,126.155480,3136843,USD,1d,risk_on,quantops_deterministic_synthetic_generator,True
1.0.0,70aca18e-2e35-51fd-a095-dddfbad4d910,synthetic:1.0.0:QGOLD:2023-11-23,QGOLD,2023-11-23T21:00:00Z,2023-11-23T21:02:00Z,176.969383,177.424388,174.630721,175.080870,2202960,USD,1d,risk_on,quantops_deterministic_synthetic_generator,True
1.0.0,b863b449-726b-5e41-a982-2aeb8897a9d4,synthetic:1.0.0:QWTI:2023-11-23,QWTI,2023-11-23T21:00:00Z,2023-11-23T21:02:00Z,68.899194,69.181431,68.585712,68.867820,1284804,USD,1d,risk_on,quantops_deterministic_synthetic_generator,True
1.0.0,4c04dc05-2ae1-57f3-a34c-d27206f44504,synthetic:1.0.0:QCASH:2023-11-23,QCASH,2023-11-23T21:00:00Z,2023-11-23T21:02:00Z,101.191959,101.237381,101.153069,101.198488,830625,USD,1d,risk_on,quantops_deterministic_synthetic_generator,True
1.0.0,aeb727a2-77d1-5a9a-8b9c-564f8995789f,synthetic:1.0.0:QTECH:2023-11-24,QTECH,2023-11-24T21:00:00Z,2023-11-24T21:02:00Z,126.149868,127.153196,125.306153,126.308420,2082486,USD,1d,risk_on,quantops_deterministic_synthetic_generator,True
1.0.0,3e4d966f-734c-510d-9613-954c16e581e7,synthetic:1.0.0:QGOLD:2023-11-24,QGOLD,2023-11-24T21:00:00Z,2023-11-24T21:02:00Z,175.015987,177.612298,174.559791,177.150538,2570402,USD,1d,risk_on,quantops_deterministic_synthetic_generator,True
1.0.0,8505f005-7dbb-5316-bec4-f61a5242616b,synthetic:1.0.0:QWTI:2023-11-24,QWTI,2023-11-24T21:00:00Z,2023-11-24T21:02:00Z,68.817695,69.210781,68.356328,68.749021,1521645,USD,1d,risk_on,quantops_deterministic_synthetic_generator,True
1.0.0,c37aedef-c440-52b9-b955-818cf8ea944d,synthetic:1.0.0:QCASH:2023-11-24,QCASH,2023-11-24T21:00:00Z,2023-11-24T21:02:00Z,101.199411,101.241238,101.161986,101.203811,956351,USD,1d,risk_on,quantops_deterministic_synthetic_generator,True
1.0.0,8e0e05f6-c318-5b87-ba24-3a565a388efb,synthetic:1.0.0:QTECH:2023-11-27,QTECH,2023-11-27T21:00:00Z,2023-11-27T21:02:00Z,126.211468,127.907733,125.780685,127.472645,2787379,USD,1d,risk_on,quantops_deterministic_synthetic_generator,True
1.0.0,5aa2d151-ca02-5429-8c37-91e2d1cf882b,synthetic:1.0.0:QGOLD:2023-11-27,QGOLD,2023-11-27T21:00:00Z,2023-11-27T21:02:00Z,176.938005,177.408991,176.300903,176.771445,1151318,USD,1d,risk_on,quantops_deterministic_synthetic_generator,True
1.0.0,0e9f0db4-81af-5ee0-968d-6d10f0647995,synthetic:1.0.0:QWTI:2023-11-27,QWTI,2023-11-27T21:00:00Z,2023-11-27T21:02:00Z,68.827426,70.306450,68.249416,69.720936,2842248,USD,1d,risk_on,quantops_deterministic_synthetic_generator,True
1.0.0,d8f000bd-c6d0-5741-9403-2771d784354b,synthetic:1.0.0:QCASH:2023-11-27,QCASH,2023-11-27T21:00:00Z,2023-11-27T21:02:00Z,101.203849,101.246085,101.165202,101.207437,753050,USD,1d,risk_on,quantops_deterministic_synthetic_generator,True
1.0.0,701f132f-4d00-50d7-bf73-bc0223758211,synthetic:1.0.0:QTECH:2023-11-28,QTECH,2023-11-28T21:00:00Z,2023-11-28T21:02:00Z,127.502298,127.918796,126.832669,127.248337,1903880,USD,1d,risk_on,quantops_deterministic_synthetic_generator,True
1.0.0,9ea1b4ab-54ee-52a3-9d5b-65ede7f60d1c,synthetic:1.0.0:QGOLD:2023-11-28,QGOLD,2023-11-28T21:00:00Z,2023-11-28T21:02:00Z,176.642565,178.287614,176.366502,178.009414,2123260,USD,1d,risk_on,quantops_deterministic_synthetic_generator,True
1.0.0,8d051ffc-2212-5075-b018-12d606b4294b,synthetic:1.0.0:QWTI:2023-11-28,QWTI,2023-11-28T21:00:00Z,2023-11-28T21:02:00Z,69.745879,71.076965,69.070977,70.395774,2364688,USD,1d,risk_on,quantops_deterministic_synthetic_generator,True
1.0.0,22246c97-c09d-5f5f-a806-f7b3fb6631b2,synthetic:1.0.0:QCASH:2023-11-28,QCASH,2023-11-28T21:00:00Z,2023-11-28T21:02:00Z,101.206644,101.249697,101.169402,101.212452,825938,USD,1d,risk_on,quantops_deterministic_synthetic_generator,True
1.0.0,cc849250-a445-589f-b686-729524efedde,synthetic:1.0.0:QTECH:2023-11-29,QTECH,2023-11-29T21:00:00Z,2023-11-29T21:02:00Z,127.429830,127.735130,126.211658,126.514766,2916011,USD,1d,risk_on,quantops_deterministic_synthetic_generator,True
1.0.0,a6d2c063-5d54-5c08-9aba-bdfc9a528674,synthetic:1.0.0:QGOLD:2023-11-29,QGOLD,2023-11-29T21:00:00Z,2023-11-29T21:02:00Z,177.996108,180.172040,177.637343,179.809620,2164649,USD,1d,risk_on,quantops_deterministic_synthetic_generator,True
1.0.0,f2cf4f2b-a704-59f0-933b-6a8135f0b987,synthetic:1.0.0:QWTI:2023-11-29,QWTI,2023-11-29T21:00:00Z,2023-11-29T21:02:00Z,70.410048,71.530552,70.144292,71.261582,2480336,USD,1d,risk_on,quantops_deterministic_synthetic_generator,True
1.0.0,cf82e89b-cae3-5277-ae61-00c201e46ab2,synthetic:1.0.0:QCASH:2023-11-29,QCASH,2023-11-29T21:00:00Z,2023-11-29T21:02:00Z,101.210271,101.253676,101.173007,101.216411,714803,USD,1d,risk_on,quantops_deterministic_synthetic_generator,True
1.0.0,8e9a0e93-1007-5a16-9585-8fc290ffc1f2,synthetic:1.0.0:QTECH:2023-11-30,QTECH,2023-11-30T21:00:00Z,2023-11-30T21:02:00Z,126.701212,127.477781,126.292073,127.067459,2239570,USD,1d,risk_on,quantops_deterministic_synthetic_generator,True
1.0.0,d87156a8-369f-5493-a039-c1eeda35e606,synthetic:1.0.0:QGOLD:2023-11-30,QGOLD,2023-11-30T21:00:00Z,2023-11-30T21:02:00Z,180.041274,180.520981,177.112645,177.585810,2885311,USD,1d,risk_on,quantops_deterministic_synthetic_generator,True
1.0.0,aaccd9d4-7760-56db-82e0-809949dae25a,synthetic:1.0.0:QWTI:2023-11-30,QWTI,2023-11-30T21:00:00Z,2023-11-30T21:02:00Z,71.091901,71.329904,70.207805,70.443638,2477928,USD,1d,risk_on,quantops_deterministic_synthetic_generator,True
1.0.0,cec76b1a-8df2-55c9-a364-0439aa901afa,synthetic:1.0.0:QCASH:2023-11-30,QCASH,2023-11-30T21:00:00Z,2023-11-30T21:02:00Z,101.216293,101.257130,101.178829,101.219664,658085,USD,1d,risk_on,quantops_deterministic_synthetic_generator,True
1.0.0,1499aa24-fed7-59e1-a766-8362901b528a,synthetic:1.0.0:QTECH:2023-12-01,QTECH,2023-12-01T21:00:00Z,2023-12-01T21:02:00Z,127.380811,128.660815,126.950936,128.228081,3534048,USD,1d,risk_on,quantops_deterministic_synthetic_generator,True
1.0.0,912e1f8e-de52-51a0-a45c-e5aeb7faee72,synthetic:1.0.0:QGOLD:2023-12-01,QGOLD,2023-12-01T21:00:00Z,2023-12-01T21:02:00Z,177.743539,178.037074,176.497569,176.789528,1391823,USD,1d,risk_on,quantops_deterministic_synthetic_generator,True
1.0.0,2223af49-9aa2-5437-b0eb-99b641bbc525,synthetic:1.0.0:QWTI:2023-12-01,QWTI,2023-12-01T21:00:00Z,2023-12-01T21:02:00Z,70.595109,72.095345,70.259500,71.754224,3171999,USD,1d,risk_on,quantops_deterministic_synthetic_generator,True
1.0.0,d699464b-a3e1-5a01-9296-bb0d5bbec609,synthetic:1.0.0:QCASH:2023-12-01,QCASH,2023-12-01T21:00:00Z,2023-12-01T21:02:00Z,101.220981,101.262526,101.181830,101.223374,691674,USD,1d,risk_on,quantops_deterministic_synthetic_generator,True
1.0.0,90a928dd-0f65-5235-ac36-1df533b4e0e0,synthetic:1.0.0:QTECH:2023-12-04,QTECH,2023-12-04T21:00:00Z,2023-12-04T21:02:00Z,128.208156,128.693787,125.025446,125.500823,6368991,USD,1d,risk_on,quantops_deterministic_synthetic_generator,True
1.0.0,8aa05079-7c03-5be5-b131-adb70a31167d,synthetic:1.0.0:QGOLD:2023-12-04,QGOLD,2023-12-04T21:00:00Z,2023-12-04T21:02:00Z,176.739904,177.099886,176.073239,176.432595,1250327,USD,1d,risk_on,quantops_deterministic_synthetic_generator,True
1.0.0,a4b919b9-bf26-5a36-88a5-59a539f09bc1,synthetic:1.0.0:QWTI:2023-12-04,QWTI,2023-12-04T21:00:00Z,2023-12-04T21:02:00Z,71.636633,72.582976,71.408094,72.352154,2344522,USD,1d,risk_on,quantops_deterministic_synthetic_generator,True
1.0.0,af762dcf-886a-52cd-be37-3891312f56fa,synthetic:1.0.0:QCASH:2023-12-04,QCASH,2023-12-04T21:00:00Z,2023-12-04T21:02:00Z,101.223320,101.264718,101.185411,101.226808,655271,USD,1d,risk_on,quantops_deterministic_synthetic_generator,True
1.0.0,dbbed8e0-644e-5a3d-bf96-dda3655ecb59,synthetic:1.0.0:QTECH:2023-12-05,QTECH,2023-12-05T21:00:00Z,2023-12-05T21:02:00Z,125.520919,127.174325,125.126713,126.776177,3625693,USD,1d,risk_on,quantops_deterministic_synthetic_generator,True
1.0.0,daa782a6-def7-524c-89ac-d6e62c9e996d,synthetic:1.0.0:QGOLD:2023-12-05,QGOLD,2023-12-05T21:00:00Z,2023-12-05T21:02:00Z,176.531292,177.363417,176.088885,176.920036,1204259,USD,1d,risk_on,quantops_deterministic_synthetic_generator,True
1.0.0,6b62cf95-c35d-5018-903e-1743193c2894,synthetic:1.0.0:QWTI:2023-12-05,QWTI,2023-12-05T21:00:00Z,2023-12-05T21:02:00Z,72.329076,72.606739,71.906333,72.183438,1467005,USD,1d,risk_on,quantops_deterministic_synthetic_generator,True
1.0.0,746fcc3d-33bb-57bc-9620-8190de37f7d9,synthetic:1.0.0:QCASH:2023-12-05,QCASH,2023-12-05T21:00:00Z,2023-12-05T21:02:00Z,101.228173,101.270567,101.189443,101.231836,892377,USD,1d,risk_on,quantops_deterministic_synthetic_generator,True
1.0.0,a383fd2b-70fc-5490-adc5-5beaa8706ce3,synthetic:1.0.0:QTECH:2023-12-06,QTECH,2023-12-06T21:00:00Z,2023-12-06T21:02:00Z,126.766081,127.109030,126.225775,126.568189,2126152,USD,1d,risk_on,quantops_deterministic_synthetic_generator,True
1.0.0,f1d8e4bc-7a03-56fd-b807-3fb9cb5fc2f1,synthetic:1.0.0:QGOLD:2023-12-06,QGOLD,2023-12-06T21:00:00Z,2023-12-06T21:02:00Z,176.863891,178.831959,176.568672,178.533953,2415391,USD,1d,risk_on,quantops_deterministic_synthetic_generator,True
1.0.0,8e6e6f5d-efa2-57b2-8e65-bda92ebc76fc,synthetic:1.0.0:QWTI:2023-12-06,QWTI,2023-12-06T21:00:00Z,2023-12-06T21:02:00Z,72.240769,72.710054,70.282135,70.741682,3354991,USD,1d,risk_on,quantops_deterministic_synthetic_generator,True
1.0.0,dc00722d-28b0-5baa-b603-dab919c0568d,synthetic:1.0.0:QCASH:2023-12-06,QCASH,2023-12-06T21:00:00Z,2023-12-06T21:02:00Z,101.232578,101.276533,101.194223,101.238175,1021199,USD,1d,risk_on,quantops_deterministic_synthetic_generator,True
1.0.0,8faf9f3b-dbd6-51f7-8a97-9916dd1db686,synthetic:1.0.0:QTECH:2023-12-07,QTECH,2023-12-07T21:00:00Z,2023-12-07T21:02:00Z,126.608316,128.837332,126.293538,128.517806,4814993,USD,1d,risk_on,quantops_deterministic_synthetic_generator,True
1.0.0,04f3435c-cac0-50b2-b683-6fab7c8758f5,synthetic:1.0.0:QGOLD:2023-12-07,QGOLD,2023-12-07T21:00:00Z,2023-12-07T21:02:00Z,178.456195,179.047930,176.587269,177.174755,1901125,USD,1d,risk_on,quantops_deterministic_synthetic_generator,True
1.0.0,683a4ee4-8106-5d0e-9452-e8a1b58c24ef,synthetic:1.0.0:QWTI:2023-12-07,QWTI,2023-12-07T21:00:00Z,2023-12-07T21:02:00Z,70.676885,70.903331,69.680123,69.904093,2080813,USD,1d,risk_on,quantops_deterministic_synthetic_generator,True
1.0.0,f91b744f-24b3-5a57-bf9e-bef41c5807ce,synthetic:1.0.0:QCASH:2023-12-07,QCASH,2023-12-07T21:00:00Z,2023-12-07T21:02:00Z,101.236956,101.278956,101.199881,101.241879,885792,USD,1d,risk_on,quantops_deterministic_synthetic_generator,True
1.0.0,3c6aacd5-7eaf-504a-b20d-0cb6b87326b4,synthetic:1.0.0:QTECH:2023-12-08,QTECH,2023-12-08T21:00:00Z,2023-12-08T21:02:00Z,128.601213,129.149411,126.710486,127.252937,3427290,USD,1d,risk_on,quantops_deterministic_synthetic_generator,True
1.0.0,659da703-242f-5ac3-af2d-ca6ab731a4ee,synthetic:1.0.0:QGOLD:2023-12-08,QGOLD,2023-12-08T21:00:00Z,2023-12-08T21:02:00Z,177.331187,177.624658,175.898492,176.190076,1731108,USD,1d,risk_on,quantops_deterministic_synthetic_generator,True
1.0.0,5544ef53-5e0f-5e18-bb48-9385c8a4f1ab,synthetic:1.0.0:QWTI:2023-12-08,QWTI,2023-12-08T21:00:00Z,2023-12-08T21:02:00Z,69.900844,70.846117,69.670782,70.613709,2165130,USD,1d,risk_on,quantops_deterministic_synthetic_generator,True
1.0.0,5cd2ab9e-0e49-564c-bcf1-4fc3943b707b,synthetic:1.0.0:QCASH:2023-12-08,QCASH,2023-12-08T21:00:00Z,2023-12-08T21:02:00Z,101.241261,101.286362,101.203210,101.248308,875595,USD,1d,risk_on,quantops_deterministic_synthetic_generator,True
1.0.0,18eef528-be26-5d7c-a143-b534df8eafb1,synthetic:1.0.0:QTECH:2023-12-11,QTECH,2023-12-11T21:00:00Z,2023-12-11T21:02:00Z,127.246612,127.593210,125.371796,125.714220,3719575,USD,1d,risk_on,quantops_deterministic_synthetic_generator,True
1.0.0,2972af08-5a1a-5c76-bb94-b567431a539c,synthetic:1.0.0:QGOLD:2023-12-11,QGOLD,2023-12-11T21:00:00Z,2023-12-11T21:02:00Z,176.451166,176.905283,175.996703,176.450819,1042885,USD,1d,risk_on,quantops_deterministic_synthetic_generator,True
1.0.0,144aa45c-950c-5a3f-9af4-65b38fd205f6,synthetic:1.0.0:QWTI:2023-12-11,QWTI,2023-12-11T21:00:00Z,2023-12-11T21:02:00Z,70.626999,71.456031,70.249088,71.075719,1954115,USD,1d,risk_on,quantops_deterministic_synthetic_generator,True
1.0.0,34128b78-ce18-582b-9c67-80f97bbd50a5,synthetic:1.0.0:QCASH:2023-12-11,QCASH,2023-12-11T21:00:00Z,2023-12-11T21:02:00Z,101.249038,101.291504,101.211187,101.253651,821233,USD,1d,risk_on,quantops_deterministic_synthetic_generator,True
1.0.0,c275b860-d391-5ca1-96a4-cd59023b1a88,synthetic:1.0.0:QTECH:2023-12-12,QTECH,2023-12-12T21:00:00Z,2023-12-12T21:02:00Z,125.660968,125.991820,125.001361,125.331346,2506485,USD,1d,risk_on,quantops_deterministic_synthetic_generator,True
1.0.0,86f917b3-273a-5ada-9b7f-dc80870bc046,synthetic:1.0.0:QGOLD:2023-12-12,QGOLD,2023-12-12T21:00:00Z,2023-12-12T21:02:00Z,176.400310,177.225372,175.415949,176.240261,1054369,USD,1d,risk_on,quantops_deterministic_synthetic_generator,True
1.0.0,56ffaccf-7668-5ec4-a123-2eea5f9b632e,synthetic:1.0.0:QWTI:2023-12-12,QWTI,2023-12-12T21:00:00Z,2023-12-12T21:02:00Z,71.053871,71.272374,70.798610,71.016999,1457784,USD,1d,risk_on,quantops_deterministic_synthetic_generator,True
1.0.0,5c3eb920-d9f0-5965-9185-8662fd84ac63,synthetic:1.0.0:QCASH:2023-12-12,QCASH,2023-12-12T21:00:00Z,2023-12-12T21:02:00Z,101.253079,101.296404,101.213864,101.257188,837223,USD,1d,risk_on,quantops_deterministic_synthetic_generator,True
1.0.0,2d95d574-e877-51f3-bc56-36b9bbb13567,synthetic:1.0.0:QTECH:2023-12-13,QTECH,2023-12-13T21:00:00Z,2023-12-13T21:02:00Z,125.174325,125.735032,124.148981,124.707597,2858087,USD,1d,risk_on,quantops_deterministic_synthetic_generator,True
1.0.0,0893a9d6-a150-5404-8398-7c45091147be,synthetic:1.0.0:QGOLD:2023-12-13,QGOLD,2023-12-13T21:00:00Z,2023-12-13T21:02:00Z,176.104023,176.393596,174.231247,174.518213,2511053,USD,1d,risk_on,quantops_deterministic_synthetic_generator,True
1.0.0,b590d4c7-ab8b-5f81-add9-3f628a329872,synthetic:1.0.0:QWTI:2023-12-13,QWTI,2023-12-13T21:00:00Z,2023-12-13T21:02:00Z,70.945642,72.307574,70.640573,71.997980,2786835,USD,1d,risk_on,quantops_deterministic_synthetic_generator,True
1.0.0,837c5162-775c-5ab5-a355-fe5a2b8c1018,synthetic:1.0.0:QCASH:2023-12-13,QCASH,2023-12-13T21:00:00Z,2023-12-13T21:02:00Z,101.256651,101.302322,101.217088,101.262757,741635,USD,1d,risk_on,quantops_deterministic_synthetic_generator,True
1.0.0,362aa17a-00ba-5768-8799-7511126aca0d,synthetic:1.0.0:QTECH:2023-12-14,QTECH,2023-12-14T21:00:00Z,2023-12-14T21:02:00Z,124.591858,124.930816,121.675434,122.007360,5960951,USD,1d,risk_on,quantops_deterministic_synthetic_generator,True
1.0.0,1b80cb4f-1e53-5708-ada7-f7af66c816e6,synthetic:1.0.0:QGOLD:2023-12-14,QGOLD,2023-12-14T21:00:00Z,2023-12-14T21:02:00Z,174.701673,174.988074,173.643096,173.928229,1368599,USD,1d,risk_on,quantops_deterministic_synthetic_generator,True
1.0.0,4f9c8d2e-2587-5c90-a4ed-410c0812409f,synthetic:1.0.0:QWTI:2023-12-14,QWTI,2023-12-14T21:00:00Z,2023-12-14T21:02:00Z,71.864350,72.181664,71.475007,71.792002,1473777,USD,1d,risk_on,quantops_deterministic_synthetic_generator,True
1.0.0,c65ead4a-bfcd-5396-acda-b4e8d65b5875,synthetic:1.0.0:QCASH:2023-12-14,QCASH,2023-12-14T21:00:00Z,2023-12-14T21:02:00Z,101.262955,101.300990,101.225265,101.263300,517375,USD,1d,risk_on,quantops_deterministic_synthetic_generator,True
1.0.0,d9a4112f-a1c9-5b3a-9e73-3520917be63a,synthetic:1.0.0:QTECH:2023-12-15,QTECH,2023-12-15T21:00:00Z,2023-12-15T21:02:00Z,122.284145,122.575211,119.843834,120.129771,5195215,USD,1d,risk_on,quantops_deterministic_synthetic_generator,True
1.0.0,5e60a35b-7a1c-5fc1-8efd-203fffd973a6,synthetic:1.0.0:QGOLD:2023-12-15,QGOLD,2023-12-15T21:00:00Z,2023-12-15T21:02:00Z,174.025201,174.558617,171.416868,171.943905,2760274,USD,1d,risk_on,quantops_deterministic_synthetic_generator,True
1.0.0,fb1a1042-2642-5690-bae2-516f82cdb20a,synthetic:1.0.0:QWTI:2023-12-15,QWTI,2023-12-15T21:00:00Z,2023-12-15T21:02:00Z,71.774647,72.094577,71.335462,71.654858,1453802,USD,1d,risk_on,quantops_deterministic_synthetic_generator,True
1.0.0,da274e63-77c6-5a57-9503-ea23804c3f01,synthetic:1.0.0:QCASH:2023-12-15,QCASH,2023-12-15T21:00:00Z,2023-12-15T21:02:00Z,101.264318,101.304401,101.226516,101.266599,723416,USD,1d,risk_on,quantops_deterministic_synthetic_generator,True
1.0.0,7d6cff91-0ef7-5bea-b07f-53d74b37b6df,synthetic:1.0.0:QTECH:2023-12-18,QTECH,2023-12-18T21:00:00Z,2023-12-18T21:02:00Z,120.244460,120.857002,119.629067,120.241594,2325771,USD,1d,risk_on,quantops_deterministic_synthetic_generator,True
1.0.0,f62e020d-304c-5bec-9450-84e7a648b3fa,synthetic:1.0.0:QGOLD:2023-12-18,QGOLD,2023-12-18T21:00:00Z,2023-12-18T21:02:00Z,172.202561,173.937757,171.844425,173.576764,2236381,USD,1d,risk_on,quantops_deterministic_synthetic_generator,True
1.0.0,f4e828f8-a496-5516-b52b-30c4ba90c40c,synthetic:1.0.0:QWTI:2023-12-18,QWTI,2023-12-18T21:00:00Z,2023-12-18T21:02:00Z,71.626297,71.921378,70.555806,70.847679,2364710,USD,1d,risk_on,quantops_deterministic_synthetic_generator,True
1.0.0,4cc7798d-2588-5ac1-815a-e1f4284de7a4,synthetic:1.0.0:QCASH:2023-12-18,QCASH,2023-12-18T21:00:00Z,2023-12-18T21:02:00Z,101.268177,101.309505,101.228635,101.269962,715141,USD,1d,risk_on,quantops_deterministic_synthetic_generator,True
1.0.0,675632f7-ad21-5c74-b9e3-11b78fdb5a25,synthetic:1.0.0:QTECH:2023-12-19,QTECH,2023-12-19T21:00:00Z,2023-12-19T21:02:00Z,120.203251,120.696302,117.885369,118.370904,4301461,USD,1d,risk_on,quantops_deterministic_synthetic_generator,True
1.0.0,d45d3e73-0d6d-540b-b204-9d67ef6c81b0,synthetic:1.0.0:QGOLD:2023-12-19,QGOLD,2023-12-19T21:00:00Z,2023-12-19T21:02:00Z,173.610831,174.088547,171.371111,171.843965,2457531,USD,1d,risk_on,quantops_deterministic_synthetic_generator,True
1.0.0,555ee861-710c-54b4-939f-74d1663f6662,synthetic:1.0.0:QWTI:2023-12-19,QWTI,2023-12-19T21:00:00Z,2023-12-19T21:02:00Z,70.765648,72.763887,70.316255,72.304721,4112851,USD,1d,risk_on,quantops_deterministic_synthetic_generator,True
1.0.0,43eb92b4-9ad1-5350-aaef-9eb7a2c02db3,synthetic:1.0.0:QCASH:2023-12-19,QCASH,2023-12-19T21:00:00Z,2023-12-19T21:02:00Z,101.269881,101.315301,101.232751,101.278168,912671,USD,1d,risk_on,quantops_deterministic_synthetic_generator,True
1.0.0,47c2bb2e-37f6-5224-982e-754787fa3e26,synthetic:1.0.0:QTECH:2023-12-20,QTECH,2023-12-20T21:00:00Z,2023-12-20T21:02:00Z,118.558002,118.858692,115.328040,115.621283,5849402,USD,1d,risk_on,quantops_deterministic_synthetic_generator,True
1.0.0,600db43b-8a14-5f81-952c-49442752b500,synthetic:1.0.0:QGOLD:2023-12-20,QGOLD,2023-12-20T21:00:00Z,2023-12-20T21:02:00Z,172.217706,172.556152,171.789627,172.127896,1051512,USD,1d,risk_on,quantops_deterministic_synthetic_generator,True
1.0.0,966dc3a2-3906-5fea-8355-08a8ab2db393,synthetic:1.0.0:QWTI:2023-12-20,QWTI,2023-12-20T21:00:00Z,2023-12-20T21:02:00Z,72.360161,73.394801,71.995753,73.027034,2129859,USD,1d,risk_on,quantops_deterministic_synthetic_generator,True
1.0.0,3ce1d43f-82c9-5b1c-b46b-a5bd4f980541,synthetic:1.0.0:QCASH:2023-12-20,QCASH,2023-12-20T21:00:00Z,2023-12-20T21:02:00Z,101.279485,101.322142,101.241915,101.284570,842694,USD,1d,risk_on,quantops_deterministic_synthetic_generator,True
1.0.0,1f4d85b4-5a81-58fd-8781-5b28be93ae7e,synthetic:1.0.0:QTECH:2023-12-21,QTECH,2023-12-21T21:00:00Z,2023-12-21T21:02:00Z,115.554015,116.073674,113.364953,113.877070,4033481,USD,1d,risk_on,quantops_deterministic_synthetic_generator,True
1.0.0,9138ef81-e742-50ae-a8d4-2ecf129628dd,synthetic:1.0.0:QGOLD:2023-12-21,QGOLD,2023-12-21T21:00:00Z,2023-12-21T21:02:00Z,172.029103,174.405226,171.652718,174.024476,2295155,USD,1d,risk_on,quantops_deterministic_synthetic_generator,True
1.0.0,99b99705-11bf-5535-8d39-c1412992460d,synthetic:1.0.0:QWTI:2023-12-21,QWTI,2023-12-21T21:00:00Z,2023-12-21T21:02:00Z,73.056794,74.429727,72.750726,74.119208,3178899,USD,1d,risk_on,quantops_deterministic_synthetic_generator,True
1.0.0,7c0263dc-7f35-58ea-98a8-24089010be56,synthetic:1.0.0:QCASH:2023-12-21,QCASH,2023-12-21T21:00:00Z,2023-12-21T21:02:00Z,101.283378,101.328167,101.243810,101.288597,777421,USD,1d,risk_on,quantops_deterministic_synthetic_generator,True
1.0.0,52db70ee-c27b-596d-a856-7ab52ccfcc0a,synthetic:1.0.0:QTECH:2023-12-22,QTECH,2023-12-22T21:00:00Z,2023-12-22T21:02:00Z,113.998897,114.500187,113.503257,114.004522,2051032,USD,1d,risk_on,quantops_deterministic_synthetic_generator,True
1.0.0,2078517c-ec8b-528b-9202-dbb55263ee1a,synthetic:1.0.0:QGOLD:2023-12-22,QGOLD,2023-12-22T21:00:00Z,2023-12-22T21:02:00Z,174.231190,174.763970,172.989911,173.520517,1419800,USD,1d,risk_on,quantops_deterministic_synthetic_generator,True
1.0.0,869f1bcb-e896-533d-b87e-7b151788dda0,synthetic:1.0.0:QWTI:2023-12-22,QWTI,2023-12-22T21:00:00Z,2023-12-22T21:02:00Z,74.042112,74.796820,73.715749,74.468578,1761936,USD,1d,risk_on,quantops_deterministic_synthetic_generator,True
1.0.0,4a14bdf0-67ec-5b38-9e3d-0ca2a0b9a5e2,synthetic:1.0.0:QCASH:2023-12-22,QCASH,2023-12-22T21:00:00Z,2023-12-22T21:02:00Z,101.288463,101.334650,101.248746,101.294930,755758,USD,1d,risk_on,quantops_deterministic_synthetic_generator,True
1.0.0,49b84b42-adf1-5d0d-90c2-0aa11e4a70a3,synthetic:1.0.0:QTECH:2023-12-25,QTECH,2023-12-25T21:00:00Z,2023-12-25T21:02:00Z,113.856089,115.711322,113.184841,115.033135,3551034,USD,1d,risk_on,quantops_deterministic_synthetic_generator,True
1.0.0,45ada727-4afd-5765-a88e-ffbd24b0cc95,synthetic:1.0.0:QGOLD:2023-12-25,QGOLD,2023-12-25T21:00:00Z,2023-12-25T21:02:00Z,173.353131,174.423369,172.895066,173.963690,1187883,USD,1d,risk_on,quantops_deterministic_synthetic_generator,True
1.0.0,eff761e2-28a0-5679-8590-e48ae616b937,synthetic:1.0.0:QWTI:2023-12-25,QWTI,2023-12-25T21:00:00Z,2023-12-25T21:02:00Z,74.423088,74.737241,73.961098,74.274625,1697899,USD,1d,risk_on,quantops_deterministic_synthetic_generator,True
1.0.0,8687c611-1e25-5cec-a9b1-7c80cc0aad98,synthetic:1.0.0:QCASH:2023-12-25,QCASH,2023-12-25T21:00:00Z,2023-12-25T21:02:00Z,101.294948,101.342600,101.253383,101.301032,836625,USD,1d,risk_on,quantops_deterministic_synthetic_generator,True
1.0.0,04807bfd-3c35-59b0-af58-2e88932f4e85,synthetic:1.0.0:QTECH:2023-12-26,QTECH,2023-12-26T21:00:00Z,2023-12-26T21:02:00Z,114.844941,116.437080,114.507400,116.095862,3521033,USD,1d,risk_on,quantops_deterministic_synthetic_generator,True
1.0.0,e829f735-d50c-53fe-9b38-7bf03ef0c5e9,synthetic:1.0.0:QGOLD:2023-12-26,QGOLD,2023-12-26T21:00:00Z,2023-12-26T21:02:00Z,173.691285,174.294224,172.824056,173.426075,1362104,USD,1d,risk_on,quantops_deterministic_synthetic_generator,True
1.0.0,72576396-3755-5e59-9c96-607d748bf4f9,synthetic:1.0.0:QWTI:2023-12-26,QWTI,2023-12-26T21:00:00Z,2023-12-26T21:02:00Z,74.345086,77.197229,74.112410,76.956381,5540497,USD,1d,risk_on,quantops_deterministic_synthetic_generator,True
1.0.0,ad41b03b-939f-5c9b-8110-4969365abb88,synthetic:1.0.0:QCASH:2023-12-26,QCASH,2023-12-26T21:00:00Z,2023-12-26T21:02:00Z,101.301298,101.343662,101.263443,101.305805,801449,USD,1d,risk_on,quantops_deterministic_synthetic_generator,True
1.0.0,0a908cfc-0be3-5cde-8fe6-f5629245aed7,synthetic:1.0.0:QTECH:2023-12-27,QTECH,2023-12-27T21:00:00Z,2023-12-27T21:02:00Z,115.959317,119.015554,115.562602,118.609772,5116852,USD,1d,risk_on,quantops_deterministic_synthetic_generator,True
1.0.0,f1fc8421-b477-58e7-a893-ba372e354af8,synthetic:1.0.0:QGOLD:2023-12-27,QGOLD,2023-12-27T21:00:00Z,2023-12-27T21:02:00Z,173.578937,174.110113,173.140524,173.671467,1024481,USD,1d,risk_on,quantops_deterministic_synthetic_generator,True
1.0.0,62911f2f-1018-545f-85b1-67ffe338bd71,synthetic:1.0.0:QWTI:2023-12-27,QWTI,2023-12-27T21:00:00Z,2023-12-27T21:02:00Z,76.733968,77.002598,75.442462,75.707499,2918189,USD,1d,risk_on,quantops_deterministic_synthetic_generator,True
1.0.0,d9963049-4593-52a4-932f-2804f88859e2,synthetic:1.0.0:QCASH:2023-12-27,QCASH,2023-12-27T21:00:00Z,2023-12-27T21:02:00Z,101.307300,101.346946,101.269310,101.308956,724661,USD,1d,risk_on,quantops_deterministic_synthetic_generator,True
1.0.0,7cd3c80b-e313-530f-92b2-099dab131152,synthetic:1.0.0:QTECH:2023-12-28,QTECH,2023-12-28T21:00:00Z,2023-12-28T21:02:00Z,118.781815,119.180429,117.055215,117.449357,3662977,USD,1d,risk_on,quantops_deterministic_synthetic_generator,True
1.0.0,2c7b84b7-4572-55cc-9091-15ddf9c72ed2,synthetic:1.0.0:QGOLD:2023-12-28,QGOLD,2023-12-28T21:00:00Z,2023-12-28T21:02:00Z,173.726253,176.402449,173.242588,175.912696,2858494,USD,1d,risk_on,quantops_deterministic_synthetic_generator,True
1.0.0,7fb448e4-70f8-54bb-a5e0-e8cfa0b48b5b,synthetic:1.0.0:QWTI:2023-12-28,QWTI,2023-12-28T21:00:00Z,2023-12-28T21:02:00Z,75.570357,76.125983,74.165184,74.714517,2511262,USD,1d,risk_on,quantops_deterministic_synthetic_generator,True
1.0.0,68934fb8-43cc-559a-a27b-01ab87159d16,synthetic:1.0.0:QCASH:2023-12-28,QCASH,2023-12-28T21:00:00Z,2023-12-28T21:02:00Z,101.309075,101.351689,101.271113,101.313726,846610,USD,1d,risk_on,quantops_deterministic_synthetic_generator,True
1.0.0,b89e8a9d-e463-5843-af5e-fa778c79b6ca,synthetic:1.0.0:QTECH:2023-12-29,QTECH,2023-12-29T21:00:00Z,2023-12-29T21:02:00Z,117.658040,118.335517,114.685774,115.349960,5265460,USD,1d,risk_on,quantops_deterministic_synthetic_generator,True
1.0.0,47d80689-311f-51e5-aacd-505b2a0a2875,synthetic:1.0.0:QGOLD:2023-12-29,QGOLD,2023-12-29T21:00:00Z,2023-12-29T21:02:00Z,175.925933,177.530926,175.575197,177.177695,1964999,USD,1d,risk_on,quantops_deterministic_synthetic_generator,True
1.0.0,58e4d4af-1bde-54e5-a0b7-cab539b45072,synthetic:1.0.0:QWTI:2023-12-29,QWTI,2023-12-29T21:00:00Z,2023-12-29T21:02:00Z,74.542282,74.847086,74.003524,74.307368,1926904,USD,1d,risk_on,quantops_deterministic_synthetic_generator,True
1.0.0,bc6c7d07-0f25-5a14-91ad-1e953073725a,synthetic:1.0.0:QCASH:2023-12-29,QCASH,2023-12-29T21:00:00Z,2023-12-29T21:02:00Z,101.312571,101.354102,101.274865,101.316395,773256,USD,1d,risk_on,quantops_deterministic_synthetic_generator,True
1.0.0,40df59fe-d5f7-5361-a0d4-de10a81d01aa,synthetic:1.0.0:QTECH:2024-01-01,QTECH,2024-01-01T21:00:00Z,2024-01-01T21:02:00Z,115.790961,116.997012,103.803559,104.896132,7268667,USD,1d,volatility_shock,quantops_deterministic_synthetic_generator,True
1.0.0,c6f14b66-431b-572e-87d7-c0c1e9da0295,synthetic:1.0.0:QGOLD:2024-01-01,QGOLD,2024-01-01T21:00:00Z,2024-01-01T21:02:00Z,177.262184,177.985956,173.306506,174.017028,1761566,USD,1d,volatility_shock,quantops_deterministic_synthetic_generator,True
1.0.0,b296f7b9-dcd2-5f8b-b09c-4a22f2b9af28,synthetic:1.0.0:QWTI:2024-01-01,QWTI,2024-01-01T21:00:00Z,2024-01-01T21:02:00Z,74.114856,75.089186,64.070031,64.923529,4767860,USD,1d,volatility_shock,quantops_deterministic_synthetic_generator,True
1.0.0,32df0a40-b013-510d-867e-7bda5dd70137,synthetic:1.0.0:QCASH:2024-01-01,QCASH,2024-01-01T21:00:00Z,2024-01-01T21:02:00Z,101.317321,101.360952,101.277831,101.321461,760890,USD,1d,volatility_shock,quantops_deterministic_synthetic_generator,True
1.0.0,8d3c753e-4f14-558f-8898-6334e17f484c,synthetic:1.0.0:QTECH:2024-01-02,QTECH,2024-01-02T21:00:00Z,2024-01-02T21:02:00Z,104.458923,105.206742,101.445110,102.176590,3629317,USD,1d,volatility_shock,quantops_deterministic_synthetic_generator,True
1.0.0,cde46ea9-5252-592d-98db-6fd41f6723ea,synthetic:1.0.0:QGOLD:2024-01-02,QGOLD,2024-01-02T21:00:00Z,2024-01-02T21:02:00Z,173.866708,176.987441,173.163428,176.274422,1567482,USD,1d,volatility_shock,quantops_deterministic_synthetic_generator,True
1.0.0,c772604f-7448-53be-aa17-5a44e78b8102,synthetic:1.0.0:QWTI:2024-01-02,QWTI,2024-01-02T21:00:00Z,2024-01-02T21:02:00Z,64.925932,65.503179,62.615027,63.176722,2231981,USD,1d,volatility_shock,quantops_deterministic_synthetic_generator,True
1.0.0,82a46422-e53f-5f8d-b393-b9e34e246788,synthetic:1.0.0:QCASH:2024-01-02,QCASH,2024-01-02T21:00:00Z,2024-01-02T21:02:00Z,101.320899,101.372481,101.280086,101.331664,963981,USD,1d,volatility_shock,quantops_deterministic_synthetic_generator,True
1.0.0,a795de9f-60b7-57a2-8a75-d695c8d5aa1a,synthetic:1.0.0:QTECH:2024-01-03,QTECH,2024-01-03T21:00:00Z,2024-01-03T21:02:00Z,101.745080,106.569421,100.601103,105.384524,3323719,USD,1d,volatility_shock,quantops_deterministic_synthetic_generator,True
1.0.0,83530837-f450-5eb8-851a-ab0de7c282d9,synthetic:1.0.0:QGOLD:2024-01-03,QGOLD,2024-01-03T21:00:00Z,2024-01-03T21:02:00Z,176.783127,177.791437,170.615042,171.593753,2503716,USD,1d,volatility_shock,quantops_deterministic_synthetic_generator,True
1.0.0,e5595df4-0909-5c2c-819a-2e0b064bf18f,synthetic:1.0.0:QWTI:2024-01-03,QWTI,2024-01-03T21:00:00Z,2024-01-03T21:02:00Z,62.899957,64.529421,62.220567,63.839878,1745275,USD,1d,volatility_shock,quantops_deterministic_synthetic_generator,True
1.0.0,d13fe730-b589-5136-a249-118905535400,synthetic:1.0.0:QCASH:2024-01-03,QCASH,2024-01-03T21:00:00Z,2024-01-03T21:02:00Z,101.331171,101.375557,101.290506,101.334890,717215,USD,1d,volatility_shock,quantops_deterministic_synthetic_generator,True
1.0.0,8e40468e-91a0-5c8c-9336-ccea6e4adf06,synthetic:1.0.0:QTECH:2024-01-04,QTECH,2024-01-04T21:00:00Z,2024-01-04T21:02:00Z,104.684010,106.266911,102.508012,104.081807,2232506,USD,1d,volatility_shock,quantops_deterministic_synthetic_generator,True
1.0.0,e712d01f-ee90-5bf1-b2e1-83fca921e8e5,synthetic:1.0.0:QGOLD:2024-01-04,QGOLD,2024-01-04T21:00:00Z,2024-01-04T21:02:00Z,171.421064,172.355718,168.688396,169.613193,1489101,USD,1d,volatility_shock,quantops_deterministic_synthetic_generator,True
1.0.0,aa610ef8-cb2d-58f2-a225-ed5c220c4cc9,synthetic:1.0.0:QWTI:2024-01-04,QWTI,2024-01-04T21:00:00Z,2024-01-04T21:02:00Z,64.066528,66.018369,63.287728,65.225480,1726930,USD,1d,volatility_shock,quantops_deterministic_synthetic_generator,True
1.0.0,318ca46e-566f-5859-a58e-2857a9862a3e,synthetic:1.0.0:QCASH:2024-01-04,QCASH,2024-01-04T21:00:00Z,2024-01-04T21:02:00Z,101.335607,101.382643,101.291635,101.338669,706189,USD,1d,volatility_shock,quantops_deterministic_synthetic_generator,True
1.0.0,bd470f2e-d0c7-5422-b54a-12c57c40c744,synthetic:1.0.0:QTECH:2024-01-05,QTECH,2024-01-05T21:00:00Z,2024-01-05T21:02:00Z,103.844855,112.075949,102.206460,110.335154,4956004,USD,1d,volatility_shock,quantops_deterministic_synthetic_generator,True
1.0.0,5932d11f-e4bf-5102-9c2b-e527f0054ece,synthetic:1.0.0:QGOLD:2024-01-05,QGOLD,2024-01-05T21:00:00Z,2024-01-05T21:02:00Z,169.844072,170.819186,167.934153,168.903870,1130412,USD,1d,volatility_shock,quantops_deterministic_synthetic_generator,True
1.0.0,ecbc5296-b5a2-5b1d-977d-cbb1c851f043,synthetic:1.0.0:QWTI:2024-01-05,QWTI,2024-01-05T21:00:00Z,2024-01-05T21:02:00Z,64.435244,67.063263,63.107798,65.709564,1759433,USD,1d,volatility_shock,quantops_deterministic_synthetic_generator,True
1.0.0,85cd78a5-e671-555f-a412-e70479654550,synthetic:1.0.0:QCASH:2024-01-05,QCASH,2024-01-05T21:00:00Z,2024-01-05T21:02:00Z,101.339369,101.385028,101.300674,101.346331,789527,USD,1d,volatility_shock,quantops_deterministic_synthetic_generator,True
1.0.0,579088cd-bdc0-5dfb-9872-d10f4924083a,synthetic:1.0.0:QTECH:2024-01-08,QTECH,2024-01-08T21:00:00Z,2024-01-08T21:02:00Z,110.529609,111.328087,106.597445,107.373120,3523854,USD,1d,volatility_shock,quantops_deterministic_synthetic_generator,True
1.0.0,64e8c1d8-facf-50c6-9a4f-cdfff87cc85f,synthetic:1.0.0:QGOLD:2024-01-08,QGOLD,2024-01-08T21:00:00Z,2024-01-08T21:02:00Z,168.925860,171.231154,168.244173,170.542941,1393550,USD,1d,volatility_shock,quantops_deterministic_synthetic_generator,True
1.0.0,55ba7942-7dd2-5ec1-8988-85d3ed17d214,synthetic:1.0.0:QWTI:2024-01-08,QWTI,2024-01-08T21:00:00Z,2024-01-08T21:02:00Z,66.197183,67.304953,62.826437,63.895693,2394121,USD,1d,volatility_shock,quantops_deterministic_synthetic_generator,True
1.0.0,1e41dad6-8648-5ae9-9043-cc439a9acc5a,synthetic:1.0.0:QCASH:2024-01-08,QCASH,2024-01-08T21:00:00Z,2024-01-08T21:02:00Z,101.344811,101.390808,101.306192,101.352185,807758,USD,1d,volatility_shock,quantops_deterministic_synthetic_generator,True
1.0.0,309f9a68-0cc6-5b3e-b99a-e36869932c6a,synthetic:1.0.0:QTECH:2024-01-09,QTECH,2024-01-09T21:00:00Z,2024-01-09T21:02:00Z,107.660061,108.487012,103.624936,104.427053,3792847,USD,1d,volatility_shock,quantops_deterministic_synthetic_generator,True
1.0.0,675759d9-8bf6-502f-aa43-783c69858a0e,synthetic:1.0.0:QGOLD:2024-01-09,QGOLD,2024-01-09T21:00:00Z,2024-01-09T21:02:00Z,170.826472,176.046753,169.608016,174.799955,2152662,USD,1d,volatility_shock,quantops_deterministic_synthetic_generator,True
1.0.0,7d319bfd-cd84-5f2e-a5f6-b35e34e81d50,synthetic:1.0.0:QWTI:2024-01-09,QWTI,2024-01-09T21:00:00Z,2024-01-09T21:02:00Z,63.664103,64.372873,61.955115,62.652625,1834606,USD,1d,volatility_shock,quantops_deterministic_synthetic_generator,True
1.0.0,d46fed19-6cce-513f-b511-94c5042b3dc5,synthetic:1.0.0:QCASH:2024-01-09,QCASH,2024-01-09T21:00:00Z,2024-01-09T21:02:00Z,101.354087,101.396790,101.314805,101.357507,787466,USD,1d,volatility_shock,quantops_deterministic_synthetic_generator,True
1.0.0,675a98fd-aeb9-5345-a543-b286695cd9ea,synthetic:1.0.0:QTECH:2024-01-10,QTECH,2024-01-10T21:00:00Z,2024-01-10T21:02:00Z,104.072655,104.837238,103.363593,104.127800,2052359,USD,1d,volatility_shock,quantops_deterministic_synthetic_generator,True
1.0.0,245105b8-1c70-5ded-968e-7127e8f0ddd7,synthetic:1.0.0:QGOLD:2024-01-10,QGOLD,2024-01-10T21:00:00Z,2024-01-10T21:02:00Z,174.679352,178.139520,173.254457,176.698157,1692250,USD,1d,volatility_shock,quantops_deterministic_synthetic_generator,True
1.0.0,bc999e5e-e38f-5e32-80fb-c3f2e1b77eff,synthetic:1.0.0:QWTI:2024-01-10,QWTI,2024-01-10T21:00:00Z,2024-01-10T21:02:00Z,62.711890,63.889371,60.091950,61.241829,1929505,USD,1d,volatility_shock,quantops_deterministic_synthetic_generator,True
1.0.0,01e2efd7-88ac-598f-89c3-802b131ed5a5,synthetic:1.0.0:QCASH:2024-01-10,QCASH,2024-01-10T21:00:00Z,2024-01-10T21:02:00Z,101.357868,101.398070,101.317265,101.357466,512637,USD,1d,volatility_shock,quantops_deterministic_synthetic_generator,True
1.0.0,1aba940b-60d6-5cdc-a5d3-f2949c38479d,synthetic:1.0.0:QTECH:2024-01-11,QTECH,2024-01-11T21:00:00Z,2024-01-11T21:02:00Z,104.560831,106.416162,99.625038,101.424722,3461552,USD,1d,volatility_shock,quantops_deterministic_synthetic_generator,True
1.0.0,62ce5548-a99b-5ef1-875e-3e2e51b0a280,synthetic:1.0.0:QGOLD:2024-01-11,QGOLD,2024-01-11T21:00:00Z,2024-01-11T21:02:00Z,176.454524,178.053062,175.653668,177.248603,1068650,USD,1d,volatility_shock,quantops_deterministic_synthetic_generator,True
1.0.0,8fc7e9eb-ed60-5819-8131-4a2538e413a8,synthetic:1.0.0:QWTI:2024-01-11,QWTI,2024-01-11T21:00:00Z,2024-01-11T21:02:00Z,61.194454,62.313854,55.943361,56.985774,3223645,USD,1d,volatility_shock,quantops_deterministic_synthetic_generator,True
1.0.0,db2e1425-3070-5792-b2e4-077d9bff6003,synthetic:1.0.0:QCASH:2024-01-11,QCASH,2024-01-11T21:00:00Z,2024-01-11T21:02:00Z,101.361304,101.402625,101.321814,101.363134,669125,USD,1d,volatility_shock,quantops_deterministic_synthetic_generator,True
1.0.0,78e77d09-6ecc-5be1-8562-89d2e435e340,synthetic:1.0.0:QTECH:2024-01-12,QTECH,2024-01-12T21:00:00Z,2024-01-12T21:02:00Z,101.300200,102.269559,97.023625,97.961031,4205384,USD,1d,volatility_shock,quantops_deterministic_synthetic_generator,True
1.0.0,8040d2f2-37b0-527a-b853-34b010d99dbc,synthetic:1.0.0:QGOLD:2024-01-12,QGOLD,2024-01-12T21:00:00Z,2024-01-12T21:02:00Z,177.434866,178.347360,175.468480,176.375525,1193627,USD,1d,volatility_shock,quantops_deterministic_synthetic_generator,True
1.0.0,3a476f4a-22bb-5542-845b-b20df615a763,synthetic:1.0.0:QWTI:2024-01-12,QWTI,2024-01-12T21:00:00Z,2024-01-12T21:02:00Z,57.378434,58.084530,53.834946,54.505691,3153930,USD,1d,volatility_shock,quantops_deterministic_synthetic_generator,True
1.0.0,4420dea2-28de-5477-a2bd-ce564dbe32a6,synthetic:1.0.0:QCASH:2024-01-12,QCASH,2024-01-12T21:00:00Z,2024-01-12T21:02:00Z,101.361649,101.404599,101.322837,101.365784,623997,USD,1d,volatility_shock,quantops_deterministic_synthetic_generator,True
1.0.0,25dca3bb-a596-5da2-8000-734bef53439d,synthetic:1.0.0:QTECH:2024-01-15,QTECH,2024-01-15T21:00:00Z,2024-01-15T21:02:00Z,98.410713,99.088106,95.696454,96.359729,2917048,USD,1d,volatility_shock,quantops_deterministic_synthetic_generator,True
1.0.0,3b7cabdc-9879-5262-90cb-406141b78ed8,synthetic:1.0.0:QGOLD:2024-01-15,QGOLD,2024-01-15T21:00:00Z,2024-01-15T21:02:00Z,176.393390,179.054715,175.507439,178.159892,1411060,USD,1d,volatility_shock,quantops_deterministic_synthetic_generator,True
1.0.0,98340f86-16f7-5642-b037-a4d4ffcb986a,synthetic:1.0.0:QWTI:2024-01-15,QWTI,2024-01-15T21:00:00Z,2024-01-15T21:02:00Z,54.859314,55.427766,51.853170,52.396098,2480633,USD,1d,volatility_shock,quantops_deterministic_synthetic_generator,True
1.0.0,7d4c3d06-214a-56dc-96ca-aa184452cb9e,synthetic:1.0.0:QCASH:2024-01-15,QCASH,2024-01-15T21:00:00Z,2024-01-15T21:02:00Z,101.366294,101.408573,101.326541,101.368819,646462,USD,1d,volatility_shock,quantops_deterministic_synthetic_generator,True
1.0.0,74a91014-cb25-5ab3-b2fa-7184bca79967,synthetic:1.0.0:QTECH:2024-01-16,QTECH,2024-01-16T21:00:00Z,2024-01-16T21:02:00Z,96.143892,96.971371,90.812141,91.600516,4519277,USD,1d,volatility_shock,quantops_deterministic_synthetic_generator,True
1.0.0,30689a3d-0603-57d8-90a1-d6350a71f9b6,synthetic:1.0.0:QGOLD:2024-01-16,QGOLD,2024-01-16T21:00:00Z,2024-01-16T21:02:00Z,177.486055,178.618207,176.824964,177.955369,966925,USD,1d,volatility_shock,quantops_deterministic_synthetic_generator,True
1.0.0,06e787bd-5eaf-59d7-81a2-dece1592a3a2,synthetic:1.0.0:QWTI:2024-01-16,QWTI,2024-01-16T21:00:00Z,2024-01-16T21:02:00Z,52.322844,53.221187,51.175296,52.069285,1344090,USD,1d,volatility_shock,quantops_deterministic_synthetic_generator,True
1.0.0,6dfc8202-dcda-5946-afeb-cb75dd7b077f,synthetic:1.0.0:QCASH:2024-01-16,QCASH,2024-01-16T21:00:00Z,2024-01-16T21:02:00Z,101.369894,101.413512,101.331646,101.375262,703241,USD,1d,volatility_shock,quantops_deterministic_synthetic_generator,True
1.0.0,fa448b08-91d2-557d-937c-9d0f27fff2ee,synthetic:1.0.0:QTECH:2024-01-17,QTECH,2024-01-17T21:00:00Z,2024-01-17T21:02:00Z,90.917693,91.911604,90.175960,91.167830,2016810,USD,1d,volatility_shock,quantops_deterministic_synthetic_generator,True
1.0.0,c1aa2c1a-758a-530d-b83b-16429c3ede20,synthetic:1.0.0:QGOLD:2024-01-17,QGOLD,2024-01-17T21:00:00Z,2024-01-17T21:02:00Z,177.801329,178.989996,174.701210,175.877013,1639616,USD,1d,volatility_shock,quantops_deterministic_synthetic_generator,True
1.0.0,a63cb4ab-9db3-5b6f-84c3-b7fe63b7e10c,synthetic:1.0.0:QWTI:2024-01-17,QWTI,2024-01-17T21:00:00Z,2024-01-17T21:02:00Z,52.332986,53.490680,51.042246,52.196929,1356624,USD,1d,volatility_shock,quantops_deterministic_synthetic_generator,True
1.0.0,22519c3e-7d74-5155-b053-02e615d3b944,synthetic:1.0.0:QCASH:2024-01-17,QCASH,2024-01-17T21:00:00Z,2024-01-17T21:02:00Z,101.377330,101.419591,101.334033,101.376293,545403,USD,1d,volatility_shock,quantops_deterministic_synthetic_generator,True
1.0.0,32c1b49b-0e3a-5df3-b168-7bc4802ae1ef,synthetic:1.0.0:QTECH:2024-01-18,QTECH,2024-01-18T21:00:00Z,2024-01-18T21:02:00Z,91.041065,92.470423,89.497863,90.925405,1996626,USD,1d,volatility_shock,quantops_deterministic_synthetic_generator,True
1.0.0,bb163698-6b11-5b00-9289-4a7be40f7077,synthetic:1.0.0:QGOLD:2024-01-18,QGOLD,2024-01-18T21:00:00Z,2024-01-18T21:02:00Z,175.631500,177.379966,174.901419,176.645669,1208108,USD,1d,volatility_shock,quantops_deterministic_synthetic_generator,True
1.0.0,0fceea41-d342-5e0e-856a-caa68b520133,synthetic:1.0.0:QWTI:2024-01-18,QWTI,2024-01-18T21:00:00Z,2024-01-18T21:02:00Z,52.106172,53.064210,49.910123,50.844973,1907631,USD,1d,volatility_shock,quantops_deterministic_synthetic_generator,True
1.0.0,d23e5686-b7e8-5896-9c45-becf3f21b065,synthetic:1.0.0:QCASH:2024-01-18,QCASH,2024-01-18T21:00:00Z,2024-01-18T21:02:00Z,101.376247,101.418431,101.335723,101.377907,619941,USD,1d,volatility_shock,quantops_deterministic_synthetic_generator,True
1.0.0,6664d132-1205-5c74-b12d-383c4ae96d04,synthetic:1.0.0:QTECH:2024-01-19,QTECH,2024-01-19T21:00:00Z,2024-01-19T21:02:00Z,91.056018,91.953823,88.064877,88.941835,2996173,USD,1d,volatility_shock,quantops_deterministic_synthetic_generator,True
1.0.0,ff667d90-925c-55a6-a785-171b884e1067,synthetic:1.0.0:QGOLD:2024-01-19,QGOLD,2024-01-19T21:00:00Z,2024-01-19T21:02:00Z,176.354566,178.369979,175.459151,177.468906,951818,USD,1d,volatility_shock,quantops_deterministic_synthetic_generator,True
1.0.0,1024cc3a-205a-570c-9253-58a42f6d62fb,synthetic:1.0.0:QWTI:2024-01-19,QWTI,2024-01-19T21:00:00Z,2024-01-19T21:02:00Z,50.964837,52.001744,46.819321,47.791668,2968253,USD,1d,volatility_shock,quantops_deterministic_synthetic_generator,True
1.0.0,8934cabe-ca6c-53de-870d-4fead1115c00,synthetic:1.0.0:QCASH:2024-01-19,QCASH,2024-01-19T21:00:00Z,2024-01-19T21:02:00Z,101.377971,101.425750,101.339594,101.387369,1106264,USD,1d,volatility_shock,quantops_deterministic_synthetic_generator,True
1.0.0,9ea1ac3c-881b-5e09-b848-72f13b1b8ffe,synthetic:1.0.0:QTECH:2024-01-22,QTECH,2024-01-22T21:00:00Z,2024-01-22T21:02:00Z,89.299692,91.457536,88.426276,90.571679,2732194,USD,1d,volatility_shock,quantops_deterministic_synthetic_generator,True
1.0.0,a8f00043-4dcb-5206-8f14-7174d29ad46e,synthetic:1.0.0:QGOLD:2024-01-22,QGOLD,2024-01-22T21:00:00Z,2024-01-22T21:02:00Z,177.324550,180.318169,176.185205,179.166987,1520389,USD,1d,volatility_shock,quantops_deterministic_synthetic_generator,True
1.0.0,68839cfd-8d18-53b9-9f6c-4e33c978081a,synthetic:1.0.0:QWTI:2024-01-22,QWTI,2024-01-22T21:00:00Z,2024-01-22T21:02:00Z,47.912807,48.970114,44.406146,45.408183,2994281,USD,1d,volatility_shock,quantops_deterministic_synthetic_generator,True
1.0.0,1cad96ef-336c-5431-9af6-c660eeec4079,synthetic:1.0.0:QCASH:2024-01-22,QCASH,2024-01-22T21:00:00Z,2024-01-22T21:02:00Z,101.389174,101.433538,101.349063,101.393426,708182,USD,1d,volatility_shock,quantops_deterministic_synthetic_generator,True
1.0.0,ba874fdc-2106-5d7d-a3c6-ebcf2ce79d93,synthetic:1.0.0:QTECH:2024-01-23,QTECH,2024-01-23T21:00:00Z,2024-01-23T21:02:00Z,90.367298,93.039540,89.402592,92.056797,2525508,USD,1d,volatility_shock,quantops_deterministic_synthetic_generator,True
1.0.0,01f951e4-6095-5f8d-a392-ae1efb3d2441,synthetic:1.0.0:QGOLD:2024-01-23,QGOLD,2024-01-23T21:00:00Z,2024-01-23T21:02:00Z,179.022059,180.095673,178.201183,179.273644,952946,USD,1d,volatility_shock,quantops_deterministic_synthetic_generator,True
1.0.0,387c9e78-8166-564b-887f-f73440542e09,synthetic:1.0.0:QWTI:2024-01-23,QWTI,2024-01-23T21:00:00Z,2024-01-23T21:02:00Z,45.300680,46.153755,44.372056,45.223681,1618937,USD,1d,volatility_shock,quantops_deterministic_synthetic_generator,True
1.0.0,6b6cba9e-54ce-553a-8ff6-012da303f671,synthetic:1.0.0:QCASH:2024-01-23,QCASH,2024-01-23T21:00:00Z,2024-01-23T21:02:00Z,101.391810,101.435975,101.353506,101.397669,776220,USD,1d,volatility_shock,quantops_deterministic_synthetic_generator,True
1.0.0,638ef4fb-f3f2-58b5-9d4a-b140e28f2f10,synthetic:1.0.0:QTECH:2024-01-24,QTECH,2024-01-24T21:00:00Z,2024-01-24T21:02:00Z,92.135644,93.648043,90.624023,92.136410,1919986,USD,1d,volatility_shock,quantops_deterministic_synthetic_generator,True
1.0.0,28fc2e7e-5050-5903-9fe9-c913c0cc9b0c,synthetic:1.0.0:QGOLD:2024-01-24,QGOLD,2024-01-24T21:00:00Z,2024-01-24T21:02:00Z,179.655840,181.021158,178.980275,180.343009,1171916,USD,1d,volatility_shock,quantops_deterministic_synthetic_generator,True
1.0.0,569c92aa-2e06-50af-acfe-bf69b79a15b3,synthetic:1.0.0:QWTI:2024-01-24,QWTI,2024-01-24T21:00:00Z,2024-01-24T21:02:00Z,45.130901,45.529488,42.754163,43.135124,2944717,USD,1d,volatility_shock,quantops_deterministic_synthetic_generator,True
1.0.0,ec2a8fe3-53c8-55f7-bec8-08a7c199e139,synthetic:1.0.0:QCASH:2024-01-24,QCASH,2024-01-24T21:00:00Z,2024-01-24T21:02:00Z,101.401372,101.443941,101.362324,101.404891,710467,USD,1d,volatility_shock,quantops_deterministic_synthetic_generator,True
1.0.0,78c9f98c-ee67-5ec4-b9ea-1fd07a8e6534,synthetic:1.0.0:QTECH:2024-01-25,QTECH,2024-01-25T21:00:00Z,2024-01-25T21:02:00Z,92.047599,97.444818,90.885528,96.229946,4796682,USD,1d,volatility_shock,quantops_deterministic_synthetic_generator,True
1.0.0,40da9027-f456-5b90-bffe-9cd8a8fce025,synthetic:1.0.0:QGOLD:2024-01-25,QGOLD,2024-01-25T21:00:00Z,2024-01-25T21:02:00Z,180.153762,181.044690,173.009501,173.869350,3033087,USD,1d,volatility_shock,quantops_deterministic_synthetic_generator,True
1.0.0,e4524e67-78a3-51be-b15e-a39f683dd4ef,synthetic:1.0.0:QWTI:2024-01-25,QWTI,2024-01-25T21:00:00Z,2024-01-25T21:02:00Z,43.328654,43.834737,40.919724,41.403319,2255946,USD,1d,volatility_shock,quantops_deterministic_synthetic_generator,True
1.0.0,4a9166c8-efab-568c-bdef-20c2a47a7e8c,synthetic:1.0.0:QCASH:2024-01-25,QCASH,2024-01-25T21:00:00Z,2024-01-25T21:02:00Z,101.404845,101.450468,101.364775,101.410396,657422,USD,1d,volatility_shock,quantops_deterministic_synthetic_generator,True
1.0.0,8d6e5fda-a6e9-58c8-a80e-83094c6c2826,synthetic:1.0.0:QTECH:2024-01-26,QTECH,2024-01-26T21:00:00Z,2024-01-26T21:02:00Z,96.838398,97.840175,94.035930,95.018884,2159501,USD,1d,volatility_shock,quantops_deterministic_synthetic_generator,True
1.0.0,6929afb7-1f05-5ea2-aaee-42dd8f414e7d,synthetic:1.0.0:QGOLD:2024-01-26,QGOLD,2024-01-26T21:00:00Z,2024-01-26T21:02:00Z,174.058486,175.440266,167.643107,168.984607,2577035,USD,1d,volatility_shock,quantops_deterministic_synthetic_generator,True
1.0.0,201c5a8b-25c8-5c9e-bde7-9a8aa864d48f,synthetic:1.0.0:QWTI:2024-01-26,QWTI,2024-01-26T21:00:00Z,2024-01-26T21:02:00Z,41.669761,42.086000,39.840309,40.242289,2340520,USD,1d,volatility_shock,quantops_deterministic_synthetic_generator,True
1.0.0,934f35ee-34f9-5024-8845-b0978adfde4a,synthetic:1.0.0:QCASH:2024-01-26,QCASH,2024-01-26T21:00:00Z,2024-01-26T21:02:00Z,101.411332,101.457385,101.372497,101.418547,726937,USD,1d,volatility_shock,quantops_deterministic_synthetic_generator,True
1.0.0,f4cb01df-3d54-5a2b-89b5-9a33a03e3896,synthetic:1.0.0:QTECH:2024-01-29,QTECH,2024-01-29T21:00:00Z,2024-01-29T21:02:00Z,94.651224,100.908783,93.734270,99.940587,4669931,USD,1d,volatility_shock,quantops_deterministic_synthetic_generator,True
1.0.0,e696a42c-0b66-52a9-997f-6aafa7548769,synthetic:1.0.0:QGOLD:2024-01-29,QGOLD,2024-01-29T21:00:00Z,2024-01-29T21:02:00Z,168.667238,170.695332,167.487652,169.509854,1100133,USD,1d,volatility_shock,quantops_deterministic_synthetic_generator,True
1.0.0,1244a22e-9276-59d1-8107-e580a9ab8a03,synthetic:1.0.0:QWTI:2024-01-29,QWTI,2024-01-29T21:00:00Z,2024-01-29T21:02:00Z,40.043856,42.698945,39.367893,41.990128,3005179,USD,1d,volatility_shock,quantops_deterministic_synthetic_generator,True
1.0.0,d800c206-1cea-5a88-8aa1-5081b0a26140,synthetic:1.0.0:QCASH:2024-01-29,QCASH,2024-01-29T21:00:00Z,2024-01-29T21:02:00Z,101.419312,101.462328,101.381159,101.424173,783853,USD,1d,volatility_shock,quantops_deterministic_synthetic_generator,True
1.0.0,cc4eb0f8-9984-525c-b4fa-0e56c4f55806,synthetic:1.0.0:QTECH:2024-01-30,QTECH,2024-01-30T21:00:00Z,2024-01-30T21:02:00Z,100.248487,101.222151,99.508266,100.480219,2063429,USD,1d,volatility_shock,quantops_deterministic_synthetic_generator,True
1.0.0,d70265a1-62c8-5446-a55b-ebf58cc263e9,synthetic:1.0.0:QGOLD:2024-01-30,QGOLD,2024-01-30T21:00:00Z,2024-01-30T21:02:00Z,169.132362,170.206994,167.388469,168.458821,1290378,USD,1d,volatility_shock,quantops_deterministic_synthetic_generator,True
1.0.0,0d8fef74-44e5-59d5-8a33-4556ba5236ee,synthetic:1.0.0:QWTI:2024-01-30,QWTI,2024-01-30T21:00:00Z,2024-01-30T21:02:00Z,42.208036,42.753807,39.732659,40.253152,2805588,USD,1d,volatility_shock,quantops_deterministic_synthetic_generator,True
1.0.0,0923901f-11a8-5265-b970-48942aafb674,synthetic:1.0.0:QCASH:2024-01-30,QCASH,2024-01-30T21:00:00Z,2024-01-30T21:02:00Z,101.422701,101.469944,101.382476,101.429717,694283,USD,1d,volatility_shock,quantops_deterministic_synthetic_generator,True
1.0.0,8b4e87e8-587b-5b62-98ce-d82bb0b26fca,synthetic:1.0.0:QTECH:2024-01-31,QTECH,2024-01-31T21:00:00Z,2024-01-31T21:02:00Z,100.957127,101.732935,98.090402,98.850018,2587144,USD,1d,volatility_shock,quantops_deterministic_synthetic_generator,True
1.0.0,0eadd6a2-4503-5b02-a560-8faaef82b8cf,synthetic:1.0.0:QGOLD:2024-01-31,QGOLD,2024-01-31T21:00:00Z,2024-01-31T21:02:00Z,168.214172,170.952236,166.587094,169.314515,1317598,USD,1d,volatility_shock,quantops_deterministic_synthetic_generator,True
1.0.0,a25f0873-ab34-5455-929a-cd490f0bd821,synthetic:1.0.0:QWTI:2024-01-31,QWTI,2024-01-31T21:00:00Z,2024-01-31T21:02:00Z,40.302661,41.126351,37.989465,38.782078,2652636,USD,1d,volatility_shock,quantops_deterministic_synthetic_generator,True
1.0.0,5b98d019-0351-5cea-a0dc-8cc70b48e0a6,synthetic:1.0.0:QCASH:2024-01-31,QCASH,2024-01-31T21:00:00Z,2024-01-31T21:02:00Z,101.428331,101.474771,101.389073,101.435510,671295,USD,1d,volatility_shock,quantops_deterministic_synthetic_generator,True
1.0.0,c1641911-5ec1-5bed-a1bd-322470de9d1d,synthetic:1.0.0:QTECH:2024-02-01,QTECH,2024-02-01T21:00:00Z,2024-02-01T21:02:00Z,98.944914,104.916262,98.189082,104.120890,4318053,USD,1d,volatility_shock,quantops_deterministic_synthetic_generator,True
1.0.0,96f86a5b-12ad-51db-b73e-759ef6d10409,synthetic:1.0.0:QGOLD:2024-02-01,QGOLD,2024-02-01T21:00:00Z,2024-02-01T21:02:00Z,169.492421,170.565706,168.522951,169.595646,1052138,USD,1d,volatility_shock,quantops_deterministic_synthetic_generator,True
1.0.0,9043eb50-5c16-5083-a893-730fef45116a,synthetic:1.0.0:QWTI:2024-02-01,QWTI,2024-02-01T21:00:00Z,2024-02-01T21:02:00Z,38.711240,39.392794,37.261265,37.929048,1996177,USD,1d,volatility_shock,quantops_deterministic_synthetic_generator,True
1.0.0,6310fc7f-013f-511d-ace9-b944bdd8b51b,synthetic:1.0.0:QCASH:2024-02-01,QCASH,2024-02-01T21:00:00Z,2024-02-01T21:02:00Z,101.435872,101.479931,101.397365,101.441422,770688,USD,1d,volatility_shock,quantops_deterministic_synthetic_generator,True
1.0.0,266e0d45-0542-58ef-8654-ce51c46e9cf1,synthetic:1.0.0:QTECH:2024-02-02,QTECH,2024-02-02T21:00:00Z,2024-02-02T21:02:00Z,104.355607,105.250629,96.865127,97.703092,4851267,USD,1d,volatility_shock,quantops_deterministic_synthetic_generator,True
1.0.0,aab2cb69-da8c-5aa6-b0db-2f00ba56c1e9,synthetic:1.0.0:QGOLD:2024-02-02,QGOLD,2024-02-02T21:00:00Z,2024-02-02T21:02:00Z,169.848185,170.642192,166.701199,167.484154,1662452,USD,1d,volatility_shock,quantops_deterministic_synthetic_generator,True
1.0.0,9975cd5a-1543-5f00-9f54-724f3b59c8fa,synthetic:1.0.0:QWTI:2024-02-02,QWTI,2024-02-02T21:00:00Z,2024-02-02T21:02:00Z,37.849570,38.337067,35.133943,35.592367,3073344,USD,1d,volatility_shock,quantops_deterministic_synthetic_generator,True
1.0.0,59ac8b08-3266-5d9b-b94c-4916d632201c,synthetic:1.0.0:QCASH:2024-02-02,QCASH,2024-02-02T21:00:00Z,2024-02-02T21:02:00Z,101.438958,101.479727,101.400834,101.441603,516415,USD,1d,volatility_shock,quantops_deterministic_synthetic_generator,True
1.0.0,2055d277-a097-5e90-ba3e-77e428634a13,synthetic:1.0.0:QTECH:2024-02-05,QTECH,2024-02-05T21:00:00Z,2024-02-05T21:02:00Z,98.313422,102.023353,97.542271,101.229330,3825183,USD,1d,volatility_shock,quantops_deterministic_synthetic_generator,True
1.0.0,f6a9faf3-82c2-579a-a813-23df2fe726ea,synthetic:1.0.0:QGOLD:2024-02-05,QGOLD,2024-02-05T21:00:00Z,2024-02-05T21:02:00Z,167.548686,168.523412,162.966940,163.920559,2214092,USD,1d,volatility_shock,quantops_deterministic_synthetic_generator,True
1.0.0,6ee0a560-698f-56d1-a663-8c2073949601,synthetic:1.0.0:QWTI:2024-02-05,QWTI,2024-02-05T21:00:00Z,2024-02-05T21:02:00Z,35.568689,37.201728,35.080444,36.697981,2015236,USD,1d,volatility_shock,quantops_deterministic_synthetic_generator,True
1.0.0,7b960925-9d1c-578e-8df3-9aac70fdaf03,synthetic:1.0.0:QCASH:2024-02-05,QCASH,2024-02-05T21:00:00Z,2024-02-05T21:02:00Z,101.440933,101.488759,101.400583,101.448406,815306,USD,1d,volatility_shock,quantops_deterministic_synthetic_generator,True
1.0.0,735c7f58-e8e1-5f9c-a994-f868bb85f7fd,synthetic:1.0.0:QTECH:2024-02-06,QTECH,2024-02-06T21:00:00Z,2024-02-06T21:02:00Z,100.913718,102.303930,97.177763,98.535207,3301130,USD,1d,volatility_shock,quantops_deterministic_synthetic_generator,True
1.0.0,9a806e3c-92dd-528e-80a6-56684a6b6641,synthetic:1.0.0:QGOLD:2024-02-06,QGOLD,2024-02-06T21:00:00Z,2024-02-06T21:02:00Z,164.204559,166.596410,163.102070,165.485322,1416289,USD,1d,volatility_shock,quantops_deterministic_synthetic_generator,True
1.0.0,3704a0eb-de45-5c14-b3e7-073fda837b09,synthetic:1.0.0:QWTI:2024-02-06,QWTI,2024-02-06T21:00:00Z,2024-02-06T21:02:00Z,36.469770,36.915917,34.695962,35.125666,2764514,USD,1d,volatility_shock,quantops_deterministic_synthetic_generator,True
1.0.0,f558fac9-b9b0-57cd-a81e-f96ee049122a,synthetic:1.0.0:QCASH:2024-02-06,QCASH,2024-02-06T21:00:00Z,2024-02-06T21:02:00Z,101.449718,101.495372,101.407343,101.452995,672249,USD,1d,volatility_shock,quantops_deterministic_synthetic_generator,True
1.0.0,89b63900-4034-5ed0-b453-6715b049a1cb,synthetic:1.0.0:QTECH:2024-02-07,QTECH,2024-02-07T21:00:00Z,2024-02-07T21:02:00Z,98.227545,99.519201,97.552576,98.840023,1972912,USD,1d,volatility_shock,quantops_deterministic_synthetic_generator,True
1.0.0,8633f2e4-485d-5707-adea-2c8fd6a0531e,synthetic:1.0.0:QGOLD:2024-02-07,QGOLD,2024-02-07T21:00:00Z,2024-02-07T21:02:00Z,165.707718,166.504480,164.144865,164.937925,1195628,USD,1d,volatility_shock,quantops_deterministic_synthetic_generator,True
1.0.0,bd08e64a-2147-5ce8-86a9-7ff64eac8af3,synthetic:1.0.0:QWTI:2024-02-07,QWTI,2024-02-07T21:00:00Z,2024-02-07T21:02:00Z,35.293400,36.269461,34.802981,35.772386,1988845,USD,1d,volatility_shock,quantops_deterministic_synthetic_generator,True
1.0.0,c6d6c088-0efb-5016-88a0-daa8205538c6,synthetic:1.0.0:QCASH:2024-02-07,QCASH,2024-02-07T21:00:00Z,2024-02-07T21:02:00Z,101.451855,101.489961,101.413095,101.451200,605432,USD,1d,volatility_shock,quantops_deterministic_synthetic_generator,True
1.0.0,cd08851d-a689-5096-8e2c-4cd245c9ce2c,synthetic:1.0.0:QTECH:2024-02-08,QTECH,2024-02-08T21:00:00Z,2024-02-08T21:02:00Z,98.270681,100.467110,97.146730,99.331031,2201261,USD,1d,volatility_shock,quantops_deterministic_synthetic_generator,True
1.0.0,5e19e8fc-3c7c-5bfc-a756-53c5d86bb7de,synthetic:1.0.0:QGOLD:2024-02-08,QGOLD,2024-02-08T21:00:00Z,2024-02-08T21:02:00Z,165.180581,166.178634,162.535128,163.523166,1350974,USD,1d,volatility_shock,quantops_deterministic_synthetic_generator,True
1.0.0,4d46b842-0de4-5d3e-94db-95180a7c4bf9,synthetic:1.0.0:QWTI:2024-02-08,QWTI,2024-02-08T21:00:00Z,2024-02-08T21:02:00Z,35.451926,35.848425,33.912964,34.296542,2322052,USD,1d,volatility_shock,quantops_deterministic_synthetic_generator,True
1.0.0,6ab4e460-54a8-566e-a1fd-9d65d1e84946,synthetic:1.0.0:QCASH:2024-02-08,QCASH,2024-02-08T21:00:00Z,2024-02-08T21:02:00Z,101.452866,101.497711,101.414564,101.459406,852577,USD,1d,volatility_shock,quantops_deterministic_synthetic_generator,True
1.0.0,8f789875-b4c5-5f50-884f-bbacd3e6c37c,synthetic:1.0.0:QTECH:2024-02-09,QTECH,2024-02-09T21:00:00Z,2024-02-09T21:02:00Z,99.595626,102.131723,98.327218,100.847373,2964041,USD,1d,volatility_shock,quantops_deterministic_synthetic_generator,True
1.0.0,bad81668-0d19-5821-a467-e85f91fdba47,synthetic:1.0.0:QGOLD:2024-02-09,QGOLD,2024-02-09T21:00:00Z,2024-02-09T21:02:00Z,163.609872,164.997979,161.974211,163.360200,918745,USD,1d,volatility_shock,quantops_deterministic_synthetic_generator,True
1.0.0,012b224c-787d-5cde-aefe-1cb56f9100bd,synthetic:1.0.0:QWTI:2024-02-09,QWTI,2024-02-09T21:00:00Z,2024-02-09T21:02:00Z,34.149350,35.568011,33.609600,35.014586,2075523,USD,1d,volatility_shock,quantops_deterministic_synthetic_generator,True
1.0.0,5da7ba39-3212-538c-be4a-01a0cd66acc7,synthetic:1.0.0:QCASH:2024-02-09,QCASH,2024-02-09T21:00:00Z,2024-02-09T21:02:00Z,101.458730,101.507482,101.417855,101.466604,877953,USD,1d,volatility_shock,quantops_deterministic_synthetic_generator,True
1.0.0,86936781-fe26-518c-832a-7d3c35413179,synthetic:1.0.0:QTECH:2024-02-12,QTECH,2024-02-12T21:00:00Z,2024-02-12T21:02:00Z,101.210304,102.097866,99.091402,99.968070,2515698,USD,1d,volatility_shock,quantops_deterministic_synthetic_generator,True
1.0.0,bb3eff8c-c7f2-51c0-97fa-4dd8ff2fbc8a,synthetic:1.0.0:QGOLD:2024-02-12,QGOLD,2024-02-12T21:00:00Z,2024-02-12T21:02:00Z,163.124571,166.683424,162.535957,166.084131,1921595,USD,1d,volatility_shock,quantops_deterministic_synthetic_generator,True
1.0.0,4f0f4c53-24b0-5bd4-9cdc-3e0749f4955e,synthetic:1.0.0:QWTI:2024-02-12,QWTI,2024-02-12T21:00:00Z,2024-02-12T21:02:00Z,35.003710,37.499032,34.458645,36.924064,2832355,USD,1d,volatility_shock,quantops_deterministic_synthetic_generator,True
1.0.0,089eeeb6-ef0d-5b83-8804-3896564cc711,synthetic:1.0.0:QCASH:2024-02-12,QCASH,2024-02-12T21:00:00Z,2024-02-12T21:02:00Z,101.464513,101.511502,101.423673,101.470660,729802,USD,1d,volatility_shock,quantops_deterministic_synthetic_generator,True
1.0.0,14ee436f-a164-56ae-956b-85c0f4d506b7,synthetic:1.0.0:QTECH:2024-02-13,QTECH,2024-02-13T21:00:00Z,2024-02-13T21:02:00Z,99.254836,101.279908,98.253203,100.268050,2031413,USD,1d,volatility_shock,quantops_deterministic_synthetic_generator,True
1.0.0,15bdc043-303f-58c0-a4e4-30d8fc964589,synthetic:1.0.0:QGOLD:2024-02-13,QGOLD,2024-02-13T21:00:00Z,2024-02-13T21:02:00Z,166.077270,166.639572,165.250502,165.811905,1005378,USD,1d,volatility_shock,quantops_deterministic_synthetic_generator,True
1.0.0,8f87dbd9-9442-53f8-83a4-ab371005d809,synthetic:1.0.0:QWTI:2024-02-13,QWTI,2024-02-13T21:00:00Z,2024-02-13T21:02:00Z,36.827372,37.742974,36.366146,37.276128,1768566,USD,1d,volatility_shock,quantops_deterministic_synthetic_generator,True
1.0.0,59cdecb3-7b1f-5d13-a344-b9291ced96e8,synthetic:1.0.0:QCASH:2024-02-13,QCASH,2024-02-13T21:00:00Z,2024-02-13T21:02:00Z,101.472011,101.514777,101.430532,101.473298,560340,USD,1d,volatility_shock,quantops_deterministic_synthetic_generator,True
1.0.0,bfce450f-4371-595e-b793-2723cff63f5d,synthetic:1.0.0:QTECH:2024-02-14,QTECH,2024-02-14T21:00:00Z,2024-02-14T21:02:00Z,100.575040,101.564373,97.369312,98.336627,3150966,USD,1d,volatility_shock,quantops_deterministic_synthetic_generator,True
1.0.0,c06e9594-8003-5590-9030-ee7511d9bae5,synthetic:1.0.0:QGOLD:2024-02-14,QGOLD,2024-02-14T21:00:00Z,2024-02-14T21:02:00Z,166.000707,167.257626,162.323945,163.562403,1854133,USD,1d,volatility_shock,quantops_deterministic_synthetic_generator,True
1.0.0,74b84438-9087-5697-aef9-a8b5422d1f4d,synthetic:1.0.0:QWTI:2024-02-14,QWTI,2024-02-14T21:00:00Z,2024-02-14T21:02:00Z,37.219710,37.666341,34.899777,35.323656,2965012,USD,1d,volatility_shock,quantops_deterministic_synthetic_generator,True
1.0.0,43259065-501a-5c63-ab47-d69c6bb614b3,synthetic:1.0.0:QCASH:2024-02-14,QCASH,2024-02-14T21:00:00Z,2024-02-14T21:02:00Z,101.473146,101.515963,101.434359,101.477175,713781,USD,1d,volatility_shock,quantops_deterministic_synthetic_generator,True
1.0.0,09eb5d76-0538-5d4f-8441-20852c5c38cf,synthetic:1.0.0:QTECH:2024-02-15,QTECH,2024-02-15T21:00:00Z,2024-02-15T21:02:00Z,98.028582,99.764202,96.743583,98.473372,1896347,USD,1d,volatility_shock,quantops_deterministic_synthetic_generator,True
1.0.0,2398a3e2-1361-5cac-95ba-509117c2b7bc,synthetic:1.0.0:QGOLD:2024-02-15,QGOLD,2024-02-15T21:00:00Z,2024-02-15T21:02:00Z,163.529998,170.293730,162.257012,168.978332,2729486,USD,1d,volatility_shock,quantops_deterministic_synthetic_generator,True
1.0.0,3b282d74-57f6-5efb-b450-ae5e1fe4f992,synthetic:1.0.0:QWTI:2024-02-15,QWTI,2024-02-15T21:00:00Z,2024-02-15T21:02:00Z,35.614912,36.232029,34.239448,34.843192,1760224,USD,1d,volatility_shock,quantops_deterministic_synthetic_generator,True
1.0.0,2438af83-9e90-51e8-bb32-f6a110ff9e51,synthetic:1.0.0:QCASH:2024-02-15,QCASH,2024-02-15T21:00:00Z,2024-02-15T21:02:00Z,101.479767,101.518142,101.441274,101.479650,621170,USD,1d,volatility_shock,quantops_deterministic_synthetic_generator,True
1.0.0,f5d6e65b-f028-5c79-9b13-b20bcb20262a,synthetic:1.0.0:QTECH:2024-02-16,QTECH,2024-02-16T21:00:00Z,2024-02-16T21:02:00Z,98.716274,99.941754,94.623734,95.813175,3214023,USD,1d,volatility_shock,quantops_deterministic_synthetic_generator,True
1.0.0,6b7d0efa-f880-53f1-8a4c-fe54ca166019,synthetic:1.0.0:QGOLD:2024-02-16,QGOLD,2024-02-16T21:00:00Z,2024-02-16T21:02:00Z,169.050024,170.450897,167.105530,168.501860,931539,USD,1d,volatility_shock,quantops_deterministic_synthetic_generator,True
1.0.0,0f7b6dd6-d09b-5ca5-93a6-d86ab0d73d0c,synthetic:1.0.0:QWTI:2024-02-16,QWTI,2024-02-16T21:00:00Z,2024-02-16T21:02:00Z,34.740057,36.684335,34.341646,36.268397,2174342,USD,1d,volatility_shock,quantops_deterministic_synthetic_generator,True
1.0.0,ba81505d-1a80-550a-8209-ae003747da8d,synthetic:1.0.0:QCASH:2024-02-16,QCASH,2024-02-16T21:00:00Z,2024-02-16T21:02:00Z,101.478885,101.521988,101.439397,101.482499,638221,USD,1d,volatility_shock,quantops_deterministic_synthetic_generator,True
1.0.0,08169484-8642-5e1e-a2df-af8ef3db61f6,synthetic:1.0.0:QTECH:2024-02-19,QTECH,2024-02-19T21:00:00Z,2024-02-19T21:02:00Z,95.645224,96.361649,94.908859,95.625133,2066104,USD,1d,correlation_breakdown,quantops_deterministic_synthetic_generator,True
1.0.0,c8278aea-e768-50b2-9358-e61b44b02203,synthetic:1.0.0:QGOLD:2024-02-19,QGOLD,2024-02-19T21:00:00Z,2024-02-19T21:02:00Z,168.371786,168.954863,166.632202,167.211260,1379329,USD,1d,correlation_breakdown,quantops_deterministic_synthetic_generator,True
1.0.0,03a3c2cb-1f33-5d8f-94de-8fb603e11935,synthetic:1.0.0:QWTI:2024-02-19,QWTI,2024-02-19T21:00:00Z,2024-02-19T21:02:00Z,36.334101,36.641245,36.072696,36.379514,1334317,USD,1d,correlation_breakdown,quantops_deterministic_synthetic_generator,True
1.0.0,6c913ec5-9035-5c39-9a8c-505ead53911c,synthetic:1.0.0:QCASH:2024-02-19,QCASH,2024-02-19T21:00:00Z,2024-02-19T21:02:00Z,101.480949,101.528577,101.441777,101.489403,799367,USD,1d,correlation_breakdown,quantops_deterministic_synthetic_generator,True
1.0.0,01e8ffff-d729-5eec-8a4a-ac4902d7c3c7,synthetic:1.0.0:QTECH:2024-02-20,QTECH,2024-02-20T21:00:00Z,2024-02-20T21:02:00Z,95.142333,98.921081,94.612987,98.373756,4223959,USD,1d,correlation_breakdown,quantops_deterministic_synthetic_generator,True
1.0.0,99ef9422-5028-5cd8-a55a-742fb9dc9588,synthetic:1.0.0:QGOLD:2024-02-20,QGOLD,2024-02-20T21:00:00Z,2024-02-20T21:02:00Z,167.045422,169.795034,166.381623,169.122980,1909048,USD,1d,correlation_breakdown,quantops_deterministic_synthetic_generator,True
1.0.0,7d8d093e-e0de-57b0-b8a3-0cc31518d6f9,synthetic:1.0.0:QWTI:2024-02-20,QWTI,2024-02-20T21:00:00Z,2024-02-20T21:02:00Z,36.520920,37.560130,36.298533,37.332800,2504577,USD,1d,correlation_breakdown,quantops_deterministic_synthetic_generator,True
1.0.0,cb0a00b2-ab4a-5402-b9b4-3185bcedf5fe,synthetic:1.0.0:QCASH:2024-02-20,QCASH,2024-02-20T21:00:00Z,2024-02-20T21:02:00Z,101.487181,101.536391,101.446806,101.496012,785807,USD,1d,correlation_breakdown,quantops_deterministic_synthetic_generator,True
1.0.0,79ded59b-6da0-5406-8e7c-25454c06d25f,synthetic:1.0.0:QTECH:2024-02-21,QTECH,2024-02-21T21:00:00Z,2024-02-21T21:02:00Z,98.301913,101.386743,97.478565,100.544611,3795579,USD,1d,correlation_breakdown,quantops_deterministic_synthetic_generator,True
1.0.0,d2bf8411-4a62-547d-b197-f888bda3a6d1,synthetic:1.0.0:QGOLD:2024-02-21,QGOLD,2024-02-21T21:00:00Z,2024-02-21T21:02:00Z,169.045866,172.321750,168.425501,171.691675,1824280,USD,1d,correlation_breakdown,quantops_deterministic_synthetic_generator,True
1.0.0,64457e9a-63ca-5ece-b838-6daadb493808,synthetic:1.0.0:QWTI:2024-02-21,QWTI,2024-02-21T21:00:00Z,2024-02-21T21:02:00Z,37.568333,39.084697,37.252958,38.759324,2745310,USD,1d,correlation_breakdown,quantops_deterministic_synthetic_generator,True
1.0.0,a88aaf7b-ec05-5aa8-bba6-5ce5e4947365,synthetic:1.0.0:QCASH:2024-02-21,QCASH,2024-02-21T21:00:00Z,2024-02-21T21:02:00Z,101.494587,101.538157,101.455814,101.499382,653463,USD,1d,correlation_breakdown,quantops_deterministic_synthetic_generator,True
1.0.0,16c565ef-97b1-54ca-90b7-a1359079f8ff,synthetic:1.0.0:QTECH:2024-02-22,QTECH,2024-02-22T21:00:00Z,2024-02-22T21:02:00Z,100.303075,101.920619,99.714016,101.325555,2628416,USD,1d,correlation_breakdown,quantops_deterministic_synthetic_generator,True
1.0.0,542f59f5-c0c7-5352-9919-70d1f397eb84,synthetic:1.0.0:QGOLD:2024-02-22,QGOLD,2024-02-22T21:00:00Z,2024-02-22T21:02:00Z,171.712043,173.061469,171.032270,172.379055,1111183,USD,1d,correlation_breakdown,quantops_deterministic_synthetic_generator,True
1.0.0,1fa13634-5b5a-5775-b052-1959648ff692,synthetic:1.0.0:QWTI:2024-02-22,QWTI,2024-02-22T21:00:00Z,2024-02-22T21:02:00Z,38.745173,39.103546,38.380322,38.738635,1170938,USD,1d,correlation_breakdown,quantops_deterministic_synthetic_generator,True
1.0.0,772edf37-34b3-5965-904c-d3673eb61084,synthetic:1.0.0:QCASH:2024-02-22,QCASH,2024-02-22T21:00:00Z,2024-02-22T21:02:00Z,101.497794,101.542068,101.459339,101.503610,744310,USD,1d,correlation_breakdown,quantops_deterministic_synthetic_generator,True
1.0.0,ea6a8398-401f-5eb2-ba5b-aa1fabe7a844,synthetic:1.0.0:QTECH:2024-02-23,QTECH,2024-02-23T21:00:00Z,2024-02-23T21:02:00Z,101.058953,101.813383,99.544893,100.293610,2433500,USD,1d,correlation_breakdown,quantops_deterministic_synthetic_generator,True
1.0.0,88843876-5825-5c9d-84dd-3e8cdf077f1e,synthetic:1.0.0:QGOLD:2024-02-23,QGOLD,2024-02-23T21:00:00Z,2024-02-23T21:02:00Z,171.921960,172.675346,168.841009,169.584151,2049225,USD,1d,correlation_breakdown,quantops_deterministic_synthetic_generator,True
1.0.0,dbc198bc-614a-5ae7-8cb5-7d3512f5b53b,synthetic:1.0.0:QWTI:2024-02-23,QWTI,2024-02-23T21:00:00Z,2024-02-23T21:02:00Z,38.599411,38.956031,38.145785,38.501500,1409799,USD,1d,correlation_breakdown,quantops_deterministic_synthetic_generator,True
1.0.0,a0afa1b3-2c83-5e53-8660-768fb3035607,synthetic:1.0.0:QCASH:2024-02-23,QCASH,2024-02-23T21:00:00Z,2024-02-23T21:02:00Z,101.504258,101.545585,101.465229,101.506555,664277,USD,1d,correlation_breakdown,quantops_deterministic_synthetic_generator,True
1.0.0,651c2a27-9b3f-56b6-ba55-cc42d97716ff,synthetic:1.0.0:QTECH:2024-02-26,QTECH,2024-02-26T21:00:00Z,2024-02-26T21:02:00Z,100.618340,104.440690,99.967666,103.769636,4368595,USD,1d,correlation_breakdown,quantops_deterministic_synthetic_generator,True
1.0.0,3878b73b-56f5-5b5b-a7b3-1c30eb713e16,synthetic:1.0.0:QGOLD:2024-02-26,QGOLD,2024-02-26T21:00:00Z,2024-02-26T21:02:00Z,169.614019,173.130038,168.953729,172.458674,2155123,USD,1d,correlation_breakdown,quantops_deterministic_synthetic_generator,True
1.0.0,8731a2c1-9070-576c-9ae3-f68d8a47fbd9,synthetic:1.0.0:QWTI:2024-02-26,QWTI,2024-02-26T21:00:00Z,2024-02-26T21:02:00Z,38.761958,39.368186,38.531112,39.135117,2158871,USD,1d,correlation_breakdown,quantops_deterministic_synthetic_generator,True
1.0.0,d013e8ea-57a1-5de6-ac08-8c790fadaf88,synthetic:1.0.0:QCASH:2024-02-26,QCASH,2024-02-26T21:00:00Z,2024-02-26T21:02:00Z,101.507303,101.553715,101.465850,101.512259,821744,USD,1d,correlation_breakdown,quantops_deterministic_synthetic_generator,True
1.0.0,1972e082-7542-5ef1-9a0e-51d48a0ae696,synthetic:1.0.0:QTECH:2024-02-27,QTECH,2024-02-27T21:00:00Z,2024-02-27T21:02:00Z,103.740178,105.202195,101.061100,102.505719,3001855,USD,1d,correlation_breakdown,quantops_deterministic_synthetic_generator,True
1.0.0,c93dedc1-2913-534e-b23a-dddc2f0a4956,synthetic:1.0.0:QGOLD:2024-02-27,QGOLD,2024-02-27T21:00:00Z,2024-02-27T21:02:00Z,172.527583,173.695613,171.822090,172.988236,1205573,USD,1d,correlation_breakdown,quantops_deterministic_synthetic_generator,True
1.0.0,bb30633d-5264-58c2-bdd3-e02cdc883845,synthetic:1.0.0:QWTI:2024-02-27,QWTI,2024-02-27T21:00:00Z,2024-02-27T21:02:00Z,39.337276,39.722095,37.674574,38.046768,2722579,USD,1d,correlation_breakdown,quantops_deterministic_synthetic_generator,True
1.0.0,0fe085be-0284-5a23-9c0a-4115e7cbeb80,synthetic:1.0.0:QCASH:2024-02-27,QCASH,2024-02-27T21:00:00Z,2024-02-27T21:02:00Z,101.512034,101.555633,101.473296,101.516893,728010,USD,1d,correlation_breakdown,quantops_deterministic_synthetic_generator,True
1.0.0,ec971d02-b79b-5133-b214-09d71205cfad,synthetic:1.0.0:QTECH:2024-02-28,QTECH,2024-02-28T21:00:00Z,2024-02-28T21:02:00Z,101.960102,102.956279,96.653379,97.607026,6308246,USD,1d,correlation_breakdown,quantops_deterministic_synthetic_generator,True
1.0.0,66f192b3-a057-51ad-8021-a8150e4b23eb,synthetic:1.0.0:QGOLD:2024-02-28,QGOLD,2024-02-28T21:00:00Z,2024-02-28T21:02:00Z,172.915026,174.027067,166.805900,167.885596,2259561,USD,1d,correlation_breakdown,quantops_deterministic_synthetic_generator,True
1.0.0,7df8868c-ae6d-5c28-ac2c-364746d3af6a,synthetic:1.0.0:QWTI:2024-02-28,QWTI,2024-02-28T21:00:00Z,2024-02-28T21:02:00Z,37.908970,38.553457,35.581016,36.196387,3478501,USD,1d,correlation_breakdown,quantops_deterministic_synthetic_generator,True
1.0.0,04c82025-e94c-506b-8a05-9b7352c109b4,synthetic:1.0.0:QCASH:2024-02-28,QCASH,2024-02-28T21:00:00Z,2024-02-28T21:02:00Z,101.516070,101.557500,101.476593,101.518023,543359,USD,1d,correlation_breakdown,quantops_deterministic_synthetic_generator,True
1.0.0,43f562bc-40bb-50c1-8600-fc1b7a5a3b23,synthetic:1.0.0:QTECH:2024-02-29,QTECH,2024-02-29T21:00:00Z,2024-02-29T21:02:00Z,97.578412,98.289456,96.588204,97.297199,2019520,USD,1d,correlation_breakdown,quantops_deterministic_synthetic_generator,True
1.0.0,1f70ab63-cfa9-51d4-a201-4ce63a95a9ab,synthetic:1.0.0:QGOLD:2024-02-29,QGOLD,2024-02-29T21:00:00Z,2024-02-29T21:02:00Z,168.174859,169.241056,165.059825,166.112950,1629131,USD,1d,correlation_breakdown,quantops_deterministic_synthetic_generator,True
1.0.0,8cbb2011-06f5-5275-981d-2adf10bd7513,synthetic:1.0.0:QWTI:2024-02-29,QWTI,2024-02-29T21:00:00Z,2024-02-29T21:02:00Z,36.236540,36.706726,35.314502,35.778748,1763641,USD,1d,correlation_breakdown,quantops_deterministic_synthetic_generator,True
1.0.0,4d704698-d5ce-5a9a-884a-1b0a962c700e,synthetic:1.0.0:QCASH:2024-02-29,QCASH,2024-02-29T21:00:00Z,2024-02-29T21:02:00Z,101.518597,101.563350,101.480077,101.524828,899266,USD,1d,correlation_breakdown,quantops_deterministic_synthetic_generator,True
1.0.0,5abffadf-4b13-59a9-b0e3-9ef70924804a,synthetic:1.0.0:QTECH:2024-03-01,QTECH,2024-03-01T21:00:00Z,2024-03-01T21:02:00Z,97.414372,98.128188,93.903503,94.596672,4191814,USD,1d,correlation_breakdown,quantops_deterministic_synthetic_generator,True
1.0.0,7dfb31e6-a78a-5284-8d27-8d3cb267ddba,synthetic:1.0.0:QGOLD:2024-03-01,QGOLD,2024-03-01T21:00:00Z,2024-03-01T21:02:00Z,166.157634,167.214314,162.754859,163.796524,1851199,USD,1d,correlation_breakdown,quantops_deterministic_synthetic_generator,True
1.0.0,74b1ed50-95e5-5ded-82b8-35e1449226db,synthetic:1.0.0:QWTI:2024-03-01,QWTI,2024-03-01T21:00:00Z,2024-03-01T21:02:00Z,35.663555,35.909618,33.769485,34.004098,3511950,USD,1d,correlation_breakdown,quantops_deterministic_synthetic_generator,True
1.0.0,8960fdd0-8819-5d27-8843-e2cdeb3c9833,synthetic:1.0.0:QCASH:2024-03-01,QCASH,2024-03-01T21:00:00Z,2024-03-01T21:02:00Z,101.526805,101.571272,101.485433,101.529899,715642,USD,1d,correlation_breakdown,quantops_deterministic_synthetic_generator,True
1.0.0,4e77936d-e520-511f-83e7-0a380e100526,synthetic:1.0.0:QTECH:2024-03-04,QTECH,2024-03-04T21:00:00Z,2024-03-04T21:02:00Z,94.459790,95.098769,93.439439,94.075821,2329408,USD,1d,correlation_breakdown,quantops_deterministic_synthetic_generator,True
1.0.0,bd1236c8-ac69-5318-829a-a9121fe06aec,synthetic:1.0.0:QGOLD:2024-03-04,QGOLD,2024-03-04T21:00:00Z,2024-03-04T21:02:00Z,163.423500,164.123159,162.790564,163.489966,1170286,USD,1d,correlation_breakdown,quantops_deterministic_synthetic_generator,True
1.0.0,4669ceae-4f80-5b6c-b744-6460464b3454,synthetic:1.0.0:QWTI:2024-03-04,QWTI,2024-03-04T21:00:00Z,2024-03-04T21:02:00Z,33.890211,34.093107,33.520487,33.722378,1760352,USD,1d,correlation_breakdown,quantops_deterministic_synthetic_generator,True
1.0.0,ec5c165d-6353-5538-bf33-69d8a2f8e233,synthetic:1.0.0:QCASH:2024-03-04,QCASH,2024-03-04T21:00:00Z,2024-03-04T21:02:00Z,101.529626,101.576462,101.491802,101.538635,820826,USD,1d,correlation_breakdown,quantops_deterministic_synthetic_generator,True
1.0.0,90707b80-66c3-5e0e-b79c-20a559f28014,synthetic:1.0.0:QTECH:2024-03-05,QTECH,2024-03-05T21:00:00Z,2024-03-05T21:02:00Z,93.951663,98.512891,92.384009,96.896107,4324085,USD,1d,correlation_breakdown,quantops_deterministic_synthetic_generator,True
1.0.0,39d799ee-291a-5e1a-9add-9708e777cbf8,synthetic:1.0.0:QGOLD:2024-03-05,QGOLD,2024-03-05T21:00:00Z,2024-03-05T21:02:00Z,163.453480,168.359048,162.221356,167.099440,2053976,USD,1d,correlation_breakdown,quantops_deterministic_synthetic_generator,True
1.0.0,7ddb47dd-4ddb-5dc1-8e54-0bca0f4636d2,synthetic:1.0.0:QWTI:2024-03-05,QWTI,2024-03-05T21:00:00Z,2024-03-05T21:02:00Z,33.855565,34.845729,33.559380,34.543526,2424844,USD,1d,correlation_breakdown,quantops_deterministic_synthetic_generator,True
1.0.0,6864946f-e024-57af-8d40-39b6b86ebae3,synthetic:1.0.0:QCASH:2024-03-05,QCASH,2024-03-05T21:00:00Z,2024-03-05T21:02:00Z,101.540379,101.581710,101.499213,101.540544,579988,USD,1d,correlation_breakdown,quantops_deterministic_synthetic_generator,True
1.0.0,9a453b98-01b7-50a7-97fb-83c3f90667cf,synthetic:1.0.0:QTECH:2024-03-06,QTECH,2024-03-06T21:00:00Z,2024-03-06T21:02:00Z,97.039808,99.106034,96.238968,98.294836,2970851,USD,1d,correlation_breakdown,quantops_deterministic_synthetic_generator,True
1.0.0,448ae659-17dc-5928-9ef4-640c45cbc949,synthetic:1.0.0:QGOLD:2024-03-06,QGOLD,2024-03-06T21:00:00Z,2024-03-06T21:02:00Z,167.268821,169.062399,166.284322,168.073166,1377612,USD,1d,correlation_breakdown,quantops_deterministic_synthetic_generator,True
1.0.0,89a1f2ac-01c2-5311-b7f6-b01ea9c5f319,synthetic:1.0.0:QWTI:2024-03-06,QWTI,2024-03-06T21:00:00Z,2024-03-06T21:02:00Z,34.516906,35.528895,34.223522,35.229454,2218365,USD,1d,correlation_breakdown,quantops_deterministic_synthetic_generator,True
1.0.0,72ab955a-fa4b-557c-bbb6-27dc1bcb4ef0,synthetic:1.0.0:QCASH:2024-03-06,QCASH,2024-03-06T21:00:00Z,2024-03-06T21:02:00Z,101.542359,101.584504,101.504164,101.546307,941363,USD,1d,correlation_breakdown,quantops_deterministic_synthetic_generator,True
1.0.0,f6655a36-9652-5bda-bc89-a26ab7436ab7,synthetic:1.0.0:QTECH:2024-03-07,QTECH,2024-03-07T21:00:00Z,2024-03-07T21:02:00Z,98.228438,102.093591,97.457590,101.298649,4366694,USD,1d,correlation_breakdown,quantops_deterministic_synthetic_generator,True
1.0.0,848beee6-54de-5e0c-baec-08058541e284,synthetic:1.0.0:QGOLD:2024-03-07,QGOLD,2024-03-07T21:00:00Z,2024-03-07T21:02:00Z,168.460094,171.642034,167.914846,171.088280,2118021,USD,1d,correlation_breakdown,quantops_deterministic_synthetic_generator,True
1.0.0,2e2bb84d-fc42-520e-abc8-752e8fdbad43,synthetic:1.0.0:QWTI:2024-03-07,QWTI,2024-03-07T21:00:00Z,2024-03-07T21:02:00Z,35.115673,37.168154,34.868864,36.908742,3338392,USD,1d,correlation_breakdown,quantops_deterministic_synthetic_generator,True
1.0.0,1f881672-0db4-5ce4-8561-91b3ca487c4e,synthetic:1.0.0:QCASH:2024-03-07,QCASH,2024-03-07T21:00:00Z,2024-03-07T21:02:00Z,101.546396,101.590937,101.507755,101.552293,747448,USD,1d,correlation_breakdown,quantops_deterministic_synthetic_generator,True
1.0.0,70aaf98d-9a42-5d59-8c75-0608782d582f,synthetic:1.0.0:QTECH:2024-03-08,QTECH,2024-03-08T21:00:00Z,2024-03-08T21:02:00Z,101.061002,101.708931,99.886075,100.530604,2311159,USD,1d,correlation_breakdown,quantops_deterministic_synthetic_generator,True
1.0.0,750c3951-8fef-5607-a78e-3013e2ac286a,synthetic:1.0.0:QGOLD:2024-03-08,QGOLD,2024-03-08T21:00:00Z,2024-03-08T21:02:00Z,170.684560,174.149279,170.073790,173.528333,1719089,USD,1d,correlation_breakdown,quantops_deterministic_synthetic_generator,True
1.0.0,8c6528e4-0b0a-57b2-b7e4-c02202da3bb3,synthetic:1.0.0:QWTI:2024-03-08,QWTI,2024-03-08T21:00:00Z,2024-03-08T21:02:00Z,36.754762,37.385282,36.385772,37.013692,1422540,USD,1d,correlation_breakdown,quantops_deterministic_synthetic_generator,True
1.0.0,34b18d9c-a491-535b-af8a-f2bccb26a81e,synthetic:1.0.0:QCASH:2024-03-08,QCASH,2024-03-08T21:00:00Z,2024-03-08T21:02:00Z,101.553986,101.595407,101.514812,101.556232,680687,USD,1d,correlation_breakdown,quantops_deterministic_synthetic_generator,True
1.0.0,def0bcd0-3e5e-5004-9cc0-a95ca148367a,synthetic:1.0.0:QTECH:2024-03-11,QTECH,2024-03-11T21:00:00Z,2024-03-11T21:02:00Z,100.934846,103.872421,100.413390,103.338548,3896584,USD,1d,correlation_breakdown,quantops_deterministic_synthetic_generator,True
1.0.0,518d0b90-4c37-530d-a3af-857fa78279eb,synthetic:1.0.0:QGOLD:2024-03-11,QGOLD,2024-03-11T21:00:00Z,2024-03-11T21:02:00Z,173.166149,177.857142,172.556298,177.232969,2292964,USD,1d,correlation_breakdown,quantops_deterministic_synthetic_generator,True
1.0.0,bb9aa6f7-7854-5fd9-97a3-f193f571773d,synthetic:1.0.0:QWTI:2024-03-11,QWTI,2024-03-11T21:00:00Z,2024-03-11T21:02:00Z,36.923276,38.937484,36.653958,38.655530,3549491,USD,1d,correlation_breakdown,quantops_deterministic_synthetic_generator,True
1.0.0,5675e7a2-8728-56b2-ab82-bee96b939bd1,synthetic:1.0.0:QCASH:2024-03-11,QCASH,2024-03-11T21:00:00Z,2024-03-11T21:02:00Z,101.554359,101.596882,101.516408,101.558929,568841,USD,1d,correlation_breakdown,quantops_deterministic_synthetic_generator,True
1.0.0,871e6dd4-f259-5b66-b757-34cebdcac5ad,synthetic:1.0.0:QTECH:2024-03-12,QTECH,2024-03-12T21:00:00Z,2024-03-12T21:02:00Z,103.563878,104.046118,100.777002,101.248461,3902001,USD,1d,correlation_breakdown,quantops_deterministic_synthetic_generator,True
1.0.0,7882866a-0fa8-59c2-8ace-50cce054f62e,synthetic:1.0.0:QGOLD:2024-03-12,QGOLD,2024-03-12T21:00:00Z,2024-03-12T21:02:00Z,177.243065,178.215028,175.507969,176.475724,1147667,USD,1d,correlation_breakdown,quantops_deterministic_synthetic_generator,True
1.0.0,de39a8a6-db3d-51ae-ba07-f24b4a463295,synthetic:1.0.0:QWTI:2024-03-12,QWTI,2024-03-12T21:00:00Z,2024-03-12T21:02:00Z,38.806343,39.100355,37.191867,37.475798,3013438,USD,1d,correlation_breakdown,quantops_deterministic_synthetic_generator,True
1.0.0,cd4747aa-11ea-5da1-8fe9-20684414cdce,synthetic:1.0.0:QCASH:2024-03-12,QCASH,2024-03-12T21:00:00Z,2024-03-12T21:02:00Z,101.559795,101.601026,101.521605,101.562835,697938,USD,1d,correlation_breakdown,quantops_deterministic_synthetic_generator,True
1.0.0,479f90ce-303b-54a6-96c3-254d70d78770,synthetic:1.0.0:QTECH:2024-03-13,QTECH,2024-03-13T21:00:00Z,2024-03-13T21:02:00Z,101.283890,101.806106,100.588406,101.109724,1956138,USD,1d,correlation_breakdown,quantops_deterministic_synthetic_generator,True
1.0.0,19e94042-e2f1-583e-a6f6-f2e1d0caa251,synthetic:1.0.0:QGOLD:2024-03-13,QGOLD,2024-03-13T21:00:00Z,2024-03-13T21:02:00Z,175.982960,177.603272,173.150404,174.759452,1515067,USD,1d,correlation_breakdown,quantops_deterministic_synthetic_generator,True
1.0.0,f6a50bf1-e62c-542b-9f5b-897d8eab5a5a,synthetic:1.0.0:QWTI:2024-03-13,QWTI,2024-03-13T21:00:00Z,2024-03-13T21:02:00Z,37.415209,37.785564,36.355093,36.718552,2073972,USD,1d,correlation_breakdown,quantops_deterministic_synthetic_generator,True
1.0.0,e02ccec2-5bdf-5e57-bb04-5894ffa39f4e,synthetic:1.0.0:QCASH:2024-03-13,QCASH,2024-03-13T21:00:00Z,2024-03-13T21:02:00Z,101.563540,101.605292,101.525211,101.566961,600241,USD,1d,correlation_breakdown,quantops_deterministic_synthetic_generator,True
1.0.0,48fb5314-f7c4-5f2a-873f-fe8bafd193d0,synthetic:1.0.0:QTECH:2024-03-14,QTECH,2024-03-14T21:00:00Z,2024-03-14T21:02:00Z,101.035049,104.405419,99.981386,103.327845,3873573,USD,1d,correlation_breakdown,quantops_deterministic_synthetic_generator,True
1.0.0,54425131-5cb8-572c-8eec-9230b3e19794,synthetic:1.0.0:QGOLD:2024-03-14,QGOLD,2024-03-14T21:00:00Z,2024-03-14T21:02:00Z,174.569174,179.455198,173.217717,178.076588,2043186,USD,1d,correlation_breakdown,quantops_deterministic_synthetic_generator,True
1.0.0,25c7b727-1456-5f2a-9a92-3e1e1835565a,synthetic:1.0.0:QWTI:2024-03-14,QWTI,2024-03-14T21:00:00Z,2024-03-14T21:02:00Z,36.498467,37.608195,36.141213,37.243647,2094341,USD,1d,correlation_breakdown,quantops_deterministic_synthetic_generator,True
1.0.0,33766768-1dc6-5c46-8496-ce1c96746bcd,synthetic:1.0.0:QCASH:2024-03-14,QCASH,2024-03-14T21:00:00Z,2024-03-14T21:02:00Z,101.566118,101.611688,101.527683,101.573251,914690,USD,1d,correlation_breakdown,quantops_deterministic_synthetic_generator,True
1.0.0,15f50a6d-50c1-57aa-9100-462617bcf9a5,synthetic:1.0.0:QTECH:2024-03-15,QTECH,2024-03-15T21:00:00Z,2024-03-15T21:02:00Z,103.419096,107.119196,102.736788,106.417108,4919523,USD,1d,correlation_breakdown,quantops_deterministic_synthetic_generator,True
1.0.0,a8bf6213-6051-5791-bd75-09b206d17c89,synthetic:1.0.0:QGOLD:2024-03-15,QGOLD,2024-03-15T21:00:00Z,2024-03-15T21:02:00Z,177.858349,181.432894,177.296059,180.861111,2018980,USD,1d,correlation_breakdown,quantops_deterministic_synthetic_generator,True
1.0.0,afba8874-e7ab-5609-95a4-59ee41abf6f8,synthetic:1.0.0:QWTI:2024-03-15,QWTI,2024-03-15T21:00:00Z,2024-03-15T21:02:00Z,37.416042,39.816799,37.014233,39.393751,3769257,USD,1d,correlation_breakdown,quantops_deterministic_synthetic_generator,True
1.0.0,4f9c8f28-9143-55c3-8f30-40aeef7cd12b,synthetic:1.0.0:QCASH:2024-03-15,QCASH,2024-03-15T21:00:00Z,2024-03-15T21:02:00Z,101.573865,101.619245,101.535864,101.581242,729908,USD,1d,correlation_breakdown,quantops_deterministic_synthetic_generator,True
1.0.0,88cee62f-87a5-5825-960f-8737256406cc,synthetic:1.0.0:QTECH:2024-03-18,QTECH,2024-03-18T21:00:00Z,2024-03-18T21:02:00Z,106.604549,107.681904,105.725761,106.801492,2127381,USD,1d,correlation_breakdown,quantops_deterministic_synthetic_generator,True
1.0.0,be089460-eebe-5e79-9bc2-a3e37a70cc42,synthetic:1.0.0:QGOLD:2024-03-18,QGOLD,2024-03-18T21:00:00Z,2024-03-18T21:02:00Z,180.357090,181.174883,178.976515,179.791744,1377515,USD,1d,correlation_breakdown,quantops_deterministic_synthetic_generator,True
1.0.0,0e4b57df-0be5-5734-9687-6000ddff0fc2,synthetic:1.0.0:QWTI:2024-03-18,QWTI,2024-03-18T21:00:00Z,2024-03-18T21:02:00Z,39.387088,39.704687,38.715894,39.030618,1595531,USD,1d,correlation_breakdown,quantops_deterministic_synthetic_generator,True
1.0.0,a761223b-91c9-54fa-a18d-4a64f8cdc579,synthetic:1.0.0:QCASH:2024-03-18,QCASH,2024-03-18T21:00:00Z,2024-03-18T21:02:00Z,101.581627,101.620417,101.543066,101.581856,522908,USD,1d,correlation_breakdown,quantops_deterministic_synthetic_generator,True
1.0.0,dfd7f946-67aa-5749-8b7f-77fd88a59837,synthetic:1.0.0:QTECH:2024-03-19,QTECH,2024-03-19T21:00:00Z,2024-03-19T21:02:00Z,106.303770,106.952489,105.434876,106.082243,1791624,USD,1d,correlation_breakdown,quantops_deterministic_synthetic_generator,True
1.0.0,e879e06c-70d2-5c29-9dba-f1ac3b2bbab5,synthetic:1.0.0:QGOLD:2024-03-19,QGOLD,2024-03-19T21:00:00Z,2024-03-19T21:02:00Z,179.951496,182.171279,179.358153,181.572591,1747442,USD,1d,correlation_breakdown,quantops_deterministic_synthetic_generator,True
1.0.0,cff98215-9449-50b5-9326-1fa93422e5cc,synthetic:1.0.0:QWTI:2024-03-19,QWTI,2024-03-19T21:00:00Z,2024-03-19T21:02:00Z,38.898472,39.678757,38.481222,39.257653,1438066,USD,1d,correlation_breakdown,quantops_deterministic_synthetic_generator,True
1.0.0,6ae79597-6a5c-53e2-9a5e-690add7a9445,synthetic:1.0.0:QCASH:2024-03-19,QCASH,2024-03-19T21:00:00Z,2024-03-19T21:02:00Z,101.579368,101.626906,101.540578,101.588113,743673,USD,1d,correlation_breakdown,quantops_deterministic_synthetic_generator,True
1.0.0,847c2467-2bf4-5b95-b7c3-4e9a20beee63,synthetic:1.0.0:QTECH:2024-03-20,QTECH,2024-03-20T21:00:00Z,2024-03-20T21:02:00Z,106.106638,106.941447,102.123608,102.933451,4235658,USD,1d,correlation_breakdown,quantops_deterministic_synthetic_generator,True
1.0.0,24c5f14f-6bed-5902-bb6d-66ea5ec7ed28,synthetic:1.0.0:QGOLD:2024-03-20,QGOLD,2024-03-20T21:00:00Z,2024-03-20T21:02:00Z,181.445305,182.204370,177.856927,178.604106,1755957,USD,1d,correlation_breakdown,quantops_deterministic_synthetic_generator,True
1.0.0,e699e0d2-79d3-508f-b188-f78bf26e9ede,synthetic:1.0.0:QWTI:2024-03-20,QWTI,2024-03-20T21:00:00Z,2024-03-20T21:02:00Z,39.244897,39.524193,36.534142,36.796009,4748159,USD,1d,correlation_breakdown,quantops_deterministic_synthetic_generator,True
1.0.0,1de230c3-c2b4-529d-96c2-24bc55673af3,synthetic:1.0.0:QCASH:2024-03-20,QCASH,2024-03-20T21:00:00Z,2024-03-20T21:02:00Z,101.587288,101.627666,101.549444,101.589821,552179,USD,1d,correlation_breakdown,quantops_deterministic_synthetic_generator,True
1.0.0,f2b50651-5bbb-5e3b-9d9b-fc6f67626ba4,synthetic:1.0.0:QTECH:2024-03-21,QTECH,2024-03-21T21:00:00Z,2024-03-21T21:02:00Z,103.165838,103.636894,100.142535,100.601885,3895212,USD,1d,correlation_breakdown,quantops_deterministic_synthetic_generator,True
1.0.0,8a74491c-a117-5f76-8ac5-26a200a091c2,synthetic:1.0.0:QGOLD:2024-03-21,QGOLD,2024-03-21T21:00:00Z,2024-03-21T21:02:00Z,178.541446,179.796850,174.972524,176.211545,1848745,USD,1d,correlation_breakdown,quantops_deterministic_synthetic_generator,True
1.0.0,e8017358-27f7-5750-83c5-5ed9c08a4fc6,synthetic:1.0.0:QWTI:2024-03-21,QWTI,2024-03-21T21:00:00Z,2024-03-21T21:02:00Z,36.779641,37.258062,35.549849,36.018367,2352320,USD,1d,correlation_breakdown,quantops_deterministic_synthetic_generator,True
1.0.0,17e75cd7-8dcf-56c4-a94e-c5d48df0520c,synthetic:1.0.0:QCASH:2024-03-21,QCASH,2024-03-21T21:00:00Z,2024-03-21T21:02:00Z,101.591019,101.634853,101.550631,101.594463,745188,USD,1d,correlation_breakdown,quantops_deterministic_synthetic_generator,True
1.0.0,aa174523-c364-54a9-b3e2-5f3ecdf5dbbc,synthetic:1.0.0:QTECH:2024-03-22,QTECH,2024-03-22T21:00:00Z,2024-03-22T21:02:00Z,100.670268,104.477529,99.989364,103.775621,4385770,USD,1d,correlation_breakdown,quantops_deterministic_synthetic_generator,True
1.0.0,82ca68e1-42d5-586d-9442-524e9ea3df1a,synthetic:1.0.0:QGOLD:2024-03-22,QGOLD,2024-03-22T21:00:00Z,2024-03-22T21:02:00Z,176.063317,180.847531,175.263743,180.029943,2251652,USD,1d,correlation_breakdown,quantops_deterministic_synthetic_generator,True
1.0.0,50233282-e677-50c3-a9de-b74d5bd16ccc,synthetic:1.0.0:QWTI:2024-03-22,QWTI,2024-03-22T21:00:00Z,2024-03-22T21:02:00Z,35.828727,37.545597,35.553431,37.259308,2293276,USD,1d,correlation_breakdown,quantops_deterministic_synthetic_generator,True
1.0.0,c36878d0-8eca-5eb0-a72d-ac6393b7f015,synthetic:1.0.0:QCASH:2024-03-22,QCASH,2024-03-22T21:00:00Z,2024-03-22T21:02:00Z,101.593959,101.642193,101.553372,101.601603,719560,USD,1d,correlation_breakdown,quantops_deterministic_synthetic_generator,True
1.0.0,2e5ffe1b-5779-51a3-9d61-5649185831d0,synthetic:1.0.0:QTECH:2024-03-25,QTECH,2024-03-25T21:00:00Z,2024-03-25T21:02:00Z,103.440422,106.100237,102.549460,105.194169,2694803,USD,1d,correlation_breakdown,quantops_deterministic_synthetic_generator,True
1.0.0,896563c3-65ae-5d6e-936f-883bcf9a4274,synthetic:1.0.0:QGOLD:2024-03-25,QGOLD,2024-03-25T21:00:00Z,2024-03-25T21:02:00Z,180.074379,181.865951,179.033955,180.821213,1343873,USD,1d,correlation_breakdown,quantops_deterministic_synthetic_generator,True
1.0.0,95d168e6-a6ca-5a9d-b2a7-0d265b380ff5,synthetic:1.0.0:QWTI:2024-03-25,QWTI,2024-03-25T21:00:00Z,2024-03-25T21:02:00Z,37.345402,37.822004,37.028494,37.503753,1644086,USD,1d,correlation_breakdown,quantops_deterministic_synthetic_generator,True
1.0.0,02d15fe8-d85d-511b-a229-18bf179bed87,synthetic:1.0.0:QCASH:2024-03-25,QCASH,2024-03-25T21:00:00Z,2024-03-25T21:02:00Z,101.599099,101.649186,101.558330,101.608413,790912,USD,1d,correlation_breakdown,quantops_deterministic_synthetic_generator,True
1.0.0,8fb7ddc5-b98d-5728-ad33-e84ef5d46e1d,synthetic:1.0.0:QTECH:2024-03-26,QTECH,2024-03-26T21:00:00Z,2024-03-26T21:02:00Z,105.004012,105.955988,101.863070,102.795018,3702398,USD,1d,correlation_breakdown,quantops_deterministic_synthetic_generator,True
1.0.0,b99c7326-827f-546b-9aa2-408b93ee7243,synthetic:1.0.0:QGOLD:2024-03-26,QGOLD,2024-03-26T21:00:00Z,2024-03-26T21:02:00Z,180.804186,181.612170,176.608443,177.401220,1948803,USD,1d,correlation_breakdown,quantops_deterministic_synthetic_generator,True
1.0.0,8c64b273-dd60-5426-9b10-da58deec2d86,synthetic:1.0.0:QWTI:2024-03-26,QWTI,2024-03-26T21:00:00Z,2024-03-26T21:02:00Z,37.442507,37.870003,35.907062,36.321762,2900243,USD,1d,correlation_breakdown,quantops_deterministic_synthetic_generator,True
1.0.0,701ef81d-9fbf-5349-9efb-ffd00492a241,synthetic:1.0.0:QCASH:2024-03-26,QCASH,2024-03-26T21:00:00Z,2024-03-26T21:02:00Z,101.607689,101.646176,101.569911,101.608398,529704,USD,1d,correlation_breakdown,quantops_deterministic_synthetic_generator,True
1.0.0,ced97a91-5caf-5943-84bf-6784a9841557,synthetic:1.0.0:QTECH:2024-03-27,QTECH,2024-03-27T21:00:00Z,2024-03-27T21:02:00Z,103.288118,106.206406,102.690613,105.595553,5208191,USD,1d,correlation_breakdown,quantops_deterministic_synthetic_generator,True
1.0.0,1d2e863f-991c-513a-b17f-71239fc60478,synthetic:1.0.0:QGOLD:2024-03-27,QGOLD,2024-03-27T21:00:00Z,2024-03-27T21:02:00Z,177.727916,182.257826,177.080942,181.596768,2409888,USD,1d,correlation_breakdown,quantops_deterministic_synthetic_generator,True
1.0.0,cceff848-1b70-5bc5-8be5-4904dd94cc13,synthetic:1.0.0:QWTI:2024-03-27,QWTI,2024-03-27T21:00:00Z,2024-03-27T21:02:00Z,36.180047,38.557930,35.586336,37.935412,4118425,USD,1d,correlation_breakdown,quantops_deterministic_synthetic_generator,True
1.0.0,e0476b1a-1d91-53d6-a991-30b8c0382595,synthetic:1.0.0:QCASH:2024-03-27,QCASH,2024-03-27T21:00:00Z,2024-03-27T21:02:00Z,101.607462,101.656268,101.567835,101.616638,880674,USD,1d,correlation_breakdown,quantops_deterministic_synthetic_generator,True
1.0.0,d7d22470-636f-571f-8351-1611c4934cb1,synthetic:1.0.0:QTECH:2024-03-28,QTECH,2024-03-28T21:00:00Z,2024-03-28T21:02:00Z,105.052179,109.354071,104.525758,108.808826,4544476,USD,1d,correlation_breakdown,quantops_deterministic_synthetic_generator,True
1.0.0,4d23625a-8c82-5ec6-ac06-a8c7eb975e43,synthetic:1.0.0:QGOLD:2024-03-28,QGOLD,2024-03-28T21:00:00Z,2024-03-28T21:02:00Z,181.363711,185.536206,180.603971,184.762230,2219073,USD,1d,correlation_breakdown,quantops_deterministic_synthetic_generator,True
1.0.0,9268ea4c-c703-5fa9-a2f5-588b1e83e66c,synthetic:1.0.0:QWTI:2024-03-28,QWTI,2024-03-28T21:00:00Z,2024-03-28T21:02:00Z,37.941333,40.101044,37.626289,39.770808,4010032,USD,1d,correlation_breakdown,quantops_deterministic_synthetic_generator,True
1.0.0,fea9afcf-937b-5986-af48-8ca047956647,synthetic:1.0.0:QCASH:2024-03-28,QCASH,2024-03-28T21:00:00Z,2024-03-28T21:02:00Z,101.616800,101.657092,101.577931,101.618223,505308,USD,1d,correlation_breakdown,quantops_deterministic_synthetic_generator,True
1.0.0,1fdaf329-7db6-55f8-9504-2ce75cf6f8b0,synthetic:1.0.0:QTECH:2024-03-29,QTECH,2024-03-29T21:00:00Z,2024-03-29T21:02:00Z,108.706248,109.596302,105.571588,106.443112,4098538,USD,1d,correlation_breakdown,quantops_deterministic_synthetic_generator,True
1.0.0,2730ed75-fd00-5c67-95c3-5a241c9b21da,synthetic:1.0.0:QGOLD:2024-03-29,QGOLD,2024-03-29T21:00:00Z,2024-03-29T21:02:00Z,184.849714,186.243082,179.841724,181.207639,2067129,USD,1d,correlation_breakdown,quantops_deterministic_synthetic_generator,True
1.0.0,d0b3182d-bc4d-5f5f-8436-512ca2eb0fb6,synthetic:1.0.0:QWTI:2024-03-29,QWTI,2024-03-29T21:00:00Z,2024-03-29T21:02:00Z,39.922607,40.186666,38.352338,38.607699,2821096,USD,1d,correlation_breakdown,quantops_deterministic_synthetic_generator,True
1.0.0,9822f502-b5e5-569b-9171-cbf7dfbdaaf6,synthetic:1.0.0:QCASH:2024-03-29,QCASH,2024-03-29T21:00:00Z,2024-03-29T21:02:00Z,101.617285,101.661868,101.579239,101.623820,662938,USD,1d,correlation_breakdown,quantops_deterministic_synthetic_generator,True
1.0.0,09d6758f-5d2b-57bd-a14e-eaca12c1ad92,synthetic:1.0.0:QTECH:2024-04-01,QTECH,2024-04-01T21:00:00Z,2024-04-01T21:02:00Z,106.203002,107.404449,103.983015,105.172807,2691355,USD,1d,correlation_breakdown,quantops_deterministic_synthetic_generator,True
1.0.0,448a0d6d-26dc-581d-892f-07b92a03a21d,synthetic:1.0.0:QGOLD:2024-04-01,QGOLD,2024-04-01T21:00:00Z,2024-04-01T21:02:00Z,181.012279,182.327037,177.791864,179.092679,1729861,USD,1d,correlation_breakdown,quantops_deterministic_synthetic_generator,True
1.0.0,33dcae29-cd09-53d2-936e-6fbd95c247ff,synthetic:1.0.0:QWTI:2024-04-01,QWTI,2024-04-01T21:00:00Z,2024-04-01T21:02:00Z,38.682695,38.972348,38.122388,38.409999,1574821,USD,1d,correlation_breakdown,quantops_deterministic_synthetic_generator,True
1.0.0,c1f7e1fa-878b-5a08-9f43-2ef11c6d4431,synthetic:1.0.0:QCASH:2024-04-01,QCASH,2024-04-01T21:00:00Z,2024-04-01T21:02:00Z,101.623856,101.666621,101.585932,101.628696,644648,USD,1d,correlation_breakdown,quantops_deterministic_synthetic_generator,True
1.0.0,d1b1e9f5-8d35-5dad-b4b6-145b08e3e868,synthetic:1.0.0:QTECH:2024-04-02,QTECH,2024-04-02T21:00:00Z,2024-04-02T21:02:00Z,105.089980,108.558693,104.538801,107.992292,3549198,USD,1d,correlation_breakdown,quantops_deterministic_synthetic_generator,True
1.0.0,9731a07a-f392-5917-a0b3-7b30bf623da8,synthetic:1.0.0:QGOLD:2024-04-02,QGOLD,2024-04-02T21:00:00Z,2024-04-02T21:02:00Z,179.311337,182.608688,178.501183,181.787347,1736990,USD,1d,correlation_breakdown,quantops_deterministic_synthetic_generator,True
1.0.0,a441cf17-351c-557a-a8f7-6e26ef1f463d,synthetic:1.0.0:QWTI:2024-04-02,QWTI,2024-04-02T21:00:00Z,2024-04-02T21:02:00Z,38.142242,40.629637,37.590779,40.050584,3084370,USD,1d,correlation_breakdown,quantops_deterministic_synthetic_generator,True
1.0.0,36254a86-8017-5f17-b1f0-8a981f27f451,synthetic:1.0.0:QCASH:2024-04-02,QCASH,2024-04-02T21:00:00Z,2024-04-02T21:02:00Z,101.629799,101.674902,101.591831,101.636931,896301,USD,1d,correlation_breakdown,quantops_deterministic_synthetic_generator,True
1.0.0,53031e1c-aa38-5c1f-ae31-00394ac75247,synthetic:1.0.0:QTECH:2024-04-03,QTECH,2024-04-03T21:00:00Z,2024-04-03T21:02:00Z,107.912400,109.026036,107.253732,108.364609,1949154,USD,1d,correlation_breakdown,quantops_deterministic_synthetic_generator,True
1.0.0,d67760cd-583e-5458-b7c5-5efc5e9a3330,synthetic:1.0.0:QGOLD:2024-04-03,QGOLD,2024-04-03T21:00:00Z,2024-04-03T21:02:00Z,182.622739,183.728010,181.187491,182.290753,1024892,USD,1d,correlation_breakdown,quantops_deterministic_synthetic_generator,True
1.0.0,00335af6-2c21-5312-84c5-bcfba9968fce,synthetic:1.0.0:QWTI:2024-04-03,QWTI,2024-04-03T21:00:00Z,2024-04-03T21:02:00Z,40.069526,40.425569,39.472787,39.826672,1492234,USD,1d,correlation_breakdown,quantops_deterministic_synthetic_generator,True
1.0.0,a5f05edc-5e2f-5b8e-abc3-2fd7b727b37b,synthetic:1.0.0:QCASH:2024-04-03,QCASH,2024-04-03T21:00:00Z,2024-04-03T21:02:00Z,101.637892,101.679971,101.599245,101.641323,655660,USD,1d,correlation_breakdown,quantops_deterministic_synthetic_generator,True
1.0.0,9d3381a1-915c-5e0a-a094-4c65ebd85264,synthetic:1.0.0:QTECH:2024-04-04,QTECH,2024-04-04T21:00:00Z,2024-04-04T21:02:00Z,108.322454,109.116319,106.402244,107.187794,2543485,USD,1d,correlation_breakdown,quantops_deterministic_synthetic_generator,True
1.0.0,376a054b-2800-5508-98a5-48b4c4537d1d,synthetic:1.0.0:QGOLD:2024-04-04,QGOLD,2024-04-04T21:00:00Z,2024-04-04T21:02:00Z,182.134768,182.937668,180.736781,181.537047,1233278,USD,1d,correlation_breakdown,quantops_deterministic_synthetic_generator,True
1.0.0,b4f3595c-55ef-5d5d-b973-1e29dbed9e8a,synthetic:1.0.0:QWTI:2024-04-04,QWTI,2024-04-04T21:00:00Z,2024-04-04T21:02:00Z,39.904477,40.280533,38.568492,38.935416,2751025,USD,1d,correlation_breakdown,quantops_deterministic_synthetic_generator,True
1.0.0,29b2b5c1-15a5-52f1-b1fa-e4d7a4abc73b,synthetic:1.0.0:QCASH:2024-04-04,QCASH,2024-04-04T21:00:00Z,2024-04-04T21:02:00Z,101.640293,101.684841,101.602070,101.646615,776438,USD,1d,correlation_breakdown,quantops_deterministic_synthetic_generator,True
1.0.0,9e33721e-edd6-5836-8de1-889da34b88d0,synthetic:1.0.0:QTECH:2024-04-05,QTECH,2024-04-05T21:00:00Z,2024-04-05T21:02:00Z,106.935384,107.791662,105.640744,106.493484,2298821,USD,1d,correlation_breakdown,quantops_deterministic_synthetic_generator,True
1.0.0,dd3100ba-72e0-5d14-a8fe-f8f26531dcf4,synthetic:1.0.0:QGOLD:2024-04-05,QGOLD,2024-04-05T21:00:00Z,2024-04-05T21:02:00Z,181.205075,182.012868,177.711851,178.507620,2008304,USD,1d,correlation_breakdown,quantops_deterministic_synthetic_generator,True
1.0.0,ce93d8c1-d4a0-56fd-8391-71abd2729f07,synthetic:1.0.0:QWTI:2024-04-05,QWTI,2024-04-05T21:00:00Z,2024-04-05T21:02:00Z,38.866290,39.483642,38.512454,39.127429,1411245,USD,1d,correlation_breakdown,quantops_deterministic_synthetic_generator,True
1.0.0,2fc40c52-9d14-59b3-ad8d-da94b97436de,synthetic:1.0.0:QCASH:2024-04-05,QCASH,2024-04-05T21:00:00Z,2024-04-05T21:02:00Z,101.647091,101.691724,101.609106,101.653736,885590,USD,1d,correlation_breakdown,quantops_deterministic_synthetic_generator,True
1.0.0,9fc7d352-9649-53d7-9e62-f3bddad7f7e9,synthetic:1.0.0:QTECH:2024-04-08,QTECH,2024-04-08T21:00:00Z,2024-04-08T21:02:00Z,106.440263,106.968643,101.797274,102.305127,4966280,USD,1d,correlation_breakdown,quantops_deterministic_synthetic_generator,True
1.0.0,899f0dbf-6aa2-5471-8fa7-1506f9f382f2,synthetic:1.0.0:QGOLD:2024-04-08,QGOLD,2024-04-08T21:00:00Z,2024-04-08T21:02:00Z,178.068907,179.017688,171.682960,172.602616,3429050,USD,1d,correlation_breakdown,quantops_deterministic_synthetic_generator,True
1.0.0,970bbcbf-dccc-5daa-bfaa-743f8b7203bb,synthetic:1.0.0:QWTI:2024-04-08,QWTI,2024-04-08T21:00:00Z,2024-04-08T21:02:00Z,39.012457,39.561557,36.503641,37.024764,3843238,USD,1d,correlation_breakdown,quantops_deterministic_synthetic_generator,True
1.0.0,f592285a-cce7-5044-bec2-2caccdebce7c,synthetic:1.0.0:QCASH:2024-04-08,QCASH,2024-04-08T21:00:00Z,2024-04-08T21:02:00Z,101.652872,101.700762,101.611887,101.659774,733469,USD,1d,correlation_breakdown,quantops_deterministic_synthetic_generator,True
1.0.0,c0bfe8dd-81e8-5889-8cd5-504d17bca31d,synthetic:1.0.0:QTECH:2024-04-09,QTECH,2024-04-09T21:00:00Z,2024-04-09T21:02:00Z,102.379568,102.895915,99.365197,99.868882,3589040,USD,1d,correlation_breakdown,quantops_deterministic_synthetic_generator,True
1.0.0,f54778a1-7f66-5cac-9f68-50438dce24e5,synthetic:1.0.0:QGOLD:2024-04-09,QGOLD,2024-04-09T21:00:00Z,2024-04-09T21:02:00Z,172.671443,174.187699,168.735359,170.230177,1843651,USD,1d,correlation_breakdown,quantops_deterministic_synthetic_generator,True
1.0.0,2d3abb2c-342a-587c-b260-6760b61d5172,synthetic:1.0.0:QWTI:2024-04-09,QWTI,2024-04-09T21:00:00Z,2024-04-09T21:02:00Z,36.823256,37.235742,35.911751,36.318583,2500807,USD,1d,correlation_breakdown,quantops_deterministic_synthetic_generator,True
1.0.0,ff8cd8b3-e568-56ab-9c32-c977cc3bbc85,synthetic:1.0.0:QCASH:2024-04-09,QCASH,2024-04-09T21:00:00Z,2024-04-09T21:02:00Z,101.660960,101.701881,101.622525,101.663445,717623,USD,1d,correlation_breakdown,quantops_deterministic_synthetic_generator,True
1.0.0,4f893975-24ef-5028-90b8-554d2aef93bd,synthetic:1.0.0:QTECH:2024-04-10,QTECH,2024-04-10T21:00:00Z,2024-04-10T21:02:00Z,99.503069,100.443216,98.529590,99.469419,2181208,USD,1d,correlation_breakdown,quantops_deterministic_synthetic_generator,True
1.0.0,fa856512-f1d5-5bd7-934f-187b3f1a0720,synthetic:1.0.0:QGOLD:2024-04-10,QGOLD,2024-04-10T21:00:00Z,2024-04-10T21:02:00Z,169.700051,171.593615,169.030807,170.919561,1273950,USD,1d,correlation_breakdown,quantops_deterministic_synthetic_generator,True
1.0.0,00057835-e69f-544b-b8fb-56f45bd1ec76,synthetic:1.0.0:QWTI:2024-04-10,QWTI,2024-04-10T21:00:00Z,2024-04-10T21:02:00Z,36.326725,36.545604,35.836898,36.054135,1576207,USD,1d,correlation_breakdown,quantops_deterministic_synthetic_generator,True
1.0.0,be6f8ec4-35eb-55c1-8d5e-d91570e16fb1,synthetic:1.0.0:QCASH:2024-04-10,QCASH,2024-04-10T21:00:00Z,2024-04-10T21:02:00Z,101.663637,101.704794,101.624637,101.665793,562411,USD,1d,correlation_breakdown,quantops_deterministic_synthetic_generator,True
1.0.0,e25fb93e-f475-5eb5-bc37-4e0aeb1407f6,synthetic:1.0.0:QTECH:2024-04-11,QTECH,2024-04-11T21:00:00Z,2024-04-11T21:02:00Z,98.992256,100.985156,98.486052,100.471388,2513454,USD,1d,correlation_breakdown,quantops_deterministic_synthetic_generator,True
1.0.0,d0cbee41-fadf-5213-a357-1f040cd456c0,synthetic:1.0.0:QGOLD:2024-04-11,QGOLD,2024-04-11T21:00:00Z,2024-04-11T21:02:00Z,170.858473,172.769277,169.973809,171.879328,1358118,USD,1d,correlation_breakdown,quantops_deterministic_synthetic_generator,True
1.0.0,47e5a2e8-36cd-5639-9ae1-a7cd5619efb3,synthetic:1.0.0:QWTI:2024-04-11,QWTI,2024-04-11T21:00:00Z,2024-04-11T21:02:00Z,36.044203,37.045569,35.790833,36.786977,2368771,USD,1d,correlation_breakdown,quantops_deterministic_synthetic_generator,True
1.0.0,22bffcf9-94c2-54d3-8184-8e50803dc795,synthetic:1.0.0:QCASH:2024-04-11,QCASH,2024-04-11T21:00:00Z,2024-04-11T21:02:00Z,101.666277,101.709688,101.627684,101.671093,671644,USD,1d,correlation_breakdown,quantops_deterministic_synthetic_generator,True
1.0.0,6b2f8658-229a-5fb8-a342-9ea6e6a979b8,synthetic:1.0.0:QTECH:2024-04-12,QTECH,2024-04-12T21:00:00Z,2024-04-12T21:02:00Z,99.988928,103.226868,99.214858,102.433870,3396875,USD,1d,correlation_breakdown,quantops_deterministic_synthetic_generator,True
1.0.0,b365fea7-0859-5db1-8957-1456de57356f,synthetic:1.0.0:QGOLD:2024-04-12,QGOLD,2024-04-12T21:00:00Z,2024-04-12T21:02:00Z,172.204022,174.415266,171.468088,173.673054,1310210,USD,1d,correlation_breakdown,quantops_deterministic_synthetic_generator,True
1.0.0,a6df7e20-7f3b-5593-8cce-4f565655f5fa,synthetic:1.0.0:QWTI:2024-04-12,QWTI,2024-04-12T21:00:00Z,2024-04-12T21:02:00Z,36.956968,39.215828,36.399117,38.632683,4675455,USD,1d,correlation_breakdown,quantops_deterministic_synthetic_generator,True
1.0.0,0a38c0d4-6a57-5edb-9e5c-dff147ac5d6c,synthetic:1.0.0:QCASH:2024-04-12,QCASH,2024-04-12T21:00:00Z,2024-04-12T21:02:00Z,101.670865,101.712892,101.633080,101.675106,744832,USD,1d,correlation_breakdown,quantops_deterministic_synthetic_generator,True
1.0.0,d0c16310-edf4-55f4-97fb-07a249802cbc,synthetic:1.0.0:QTECH:2024-04-15,QTECH,2024-04-15T21:00:00Z,2024-04-15T21:02:00Z,102.350792,102.904468,100.735589,101.283491,2694491,USD,1d,correlation_breakdown,quantops_deterministic_synthetic_generator,True
1.0.0,eb59dfae-388d-5402-b877-9c81c10e1b8b,synthetic:1.0.0:QGOLD:2024-04-15,QGOLD,2024-04-15T21:00:00Z,2024-04-15T21:02:00Z,173.701831,174.627157,170.012809,170.923333,1806722,USD,1d,correlation_breakdown,quantops_deterministic_synthetic_generator,True
1.0.0,402ae5c1-236e-53d8-800b-4a899d6b06cd,synthetic:1.0.0:QWTI:2024-04-15,QWTI,2024-04-15T21:00:00Z,2024-04-15T21:02:00Z,38.595338,39.103667,37.503250,38.003788,1789658,USD,1d,correlation_breakdown,quantops_deterministic_synthetic_generator,True
1.0.0,552f1a0a-880d-539e-a9e0-0872ff4d5083,synthetic:1.0.0:QCASH:2024-04-15,QCASH,2024-04-15T21:00:00Z,2024-04-15T21:02:00Z,101.675515,101.719791,101.637234,101.681508,729074,USD,1d,correlation_breakdown,quantops_deterministic_synthetic_generator,True
1.0.0,f4b20406-b13e-589b-94a9-dcbec5f99957,synthetic:1.0.0:QTECH:2024-04-16,QTECH,2024-04-16T21:00:00Z,2024-04-16T21:02:00Z,101.861616,103.185782,101.232393,102.552292,3076220,USD,1d,correlation_breakdown,quantops_deterministic_synthetic_generator,True
1.0.0,e46cc2da-82da-5fb3-b55c-b7ab03f30d82,synthetic:1.0.0:QGOLD:2024-04-16,QGOLD,2024-04-16T21:00:00Z,2024-04-16T21:02:00Z,171.651469,172.252751,168.650824,169.243672,1590068,USD,1d,correlation_breakdown,quantops_deterministic_synthetic_generator,True
1.0.0,f5c49510-3370-5d69-a79a-f5db6945810c,synthetic:1.0.0:QWTI:2024-04-16,QWTI,2024-04-16T21:00:00Z,2024-04-16T21:02:00Z,38.101244,38.617293,37.186049,37.696617,1654785,USD,1d,correlation_breakdown,quantops_deterministic_synthetic_generator,True
1.0.0,39864505-99e9-5419-9f1f-5b5387bea3c2,synthetic:1.0.0:QCASH:2024-04-16,QCASH,2024-04-16T21:00:00Z,2024-04-16T21:02:00Z,101.681826,101.728537,101.641384,101.688093,850000,USD,1d,correlation_breakdown,quantops_deterministic_synthetic_generator,True
1.0.0,4e073866-d7f9-5b94-8ab8-4d43c5b4ffc1,synthetic:1.0.0:QTECH:2024-04-17,QTECH,2024-04-17T21:00:00Z,2024-04-17T21:02:00Z,102.576226,103.325399,101.646065,102.393906,2056071,USD,1d,correlation_breakdown,quantops_deterministic_synthetic_generator,True
1.0.0,4be7392b-cd58-54fa-8e75-42d50e1cd9ac,synthetic:1.0.0:QGOLD:2024-04-17,QGOLD,2024-04-17T21:00:00Z,2024-04-17T21:02:00Z,169.005301,170.825082,168.160317,169.975248,1170422,USD,1d,correlation_breakdown,quantops_deterministic_synthetic_generator,True
1.0.0,32136811-325c-5fe0-a971-1d204b70c9c0,synthetic:1.0.0:QWTI:2024-04-17,QWTI,2024-04-17T21:00:00Z,2024-04-17T21:02:00Z,37.831875,38.125159,36.644513,36.930812,2212619,USD,1d,correlation_breakdown,quantops_deterministic_synthetic_generator,True
1.0.0,5593b930-67ad-5b4a-b089-c01fc3046de8,synthetic:1.0.0:QCASH:2024-04-17,QCASH,2024-04-17T21:00:00Z,2024-04-17T21:02:00Z,101.689027,101.733613,101.648184,101.692769,783799,USD,1d,correlation_breakdown,quantops_deterministic_synthetic_generator,True
1.0.0,10f6ff4c-e789-5c4c-bfd9-d76622b5b4a9,synthetic:1.0.0:QTECH:2024-04-18,QTECH,2024-04-18T21:00:00Z,2024-04-18T21:02:00Z,102.479506,103.349658,101.627097,102.497103,2141642,USD,1d,correlation_breakdown,quantops_deterministic_synthetic_generator,True
1.0.0,bd796bae-a969-57cd-910a-b292b8267233,synthetic:1.0.0:QGOLD:2024-04-18,QGOLD,2024-04-18T21:00:00Z,2024-04-18T21:02:00Z,169.775074,170.672756,168.136738,169.030482,1521383,USD,1d,correlation_breakdown,quantops_deterministic_synthetic_generator,True
1.0.0,ad97f4b4-e7c7-587d-bc7c-2189c4ebdb55,synthetic:1.0.0:QWTI:2024-04-18,QWTI,2024-04-18T21:00:00Z,2024-04-18T21:02:00Z,36.920757,37.496670,36.629728,37.203414,1659152,USD,1d,correlation_breakdown,quantops_deterministic_synthetic_generator,True
1.0.0,fecc51e4-7b4b-50b3-a988-5cfb09a7cc89,synthetic:1.0.0:QCASH:2024-04-18,QCASH,2024-04-18T21:00:00Z,2024-04-18T21:02:00Z,101.691563,101.739590,101.652698,101.700721,950409,USD,1d,correlation_breakdown,quantops_deterministic_synthetic_generator,True
1.0.0,ca0ff4cd-0267-5558-aee4-f9e9d83105b2,synthetic:1.0.0:QTECH:2024-04-19,QTECH,2024-04-19T21:00:00Z,2024-04-19T21:02:00Z,102.664721,103.554367,101.059038,101.942424,1954679,USD,1d,correlation_breakdown,quantops_deterministic_synthetic_generator,True
1.0.0,fcc34f0a-5c04-511f-bf9a-d7e8f5a47f1d,synthetic:1.0.0:QGOLD:2024-04-19,QGOLD,2024-04-19T21:00:00Z,2024-04-19T21:02:00Z,168.700881,170.814790,167.320968,169.428923,1064632,USD,1d,correlation_breakdown,quantops_deterministic_synthetic_generator,True
1.0.0,6bf573f1-7426-50c8-b196-c1ce20c6dca9,synthetic:1.0.0:QWTI:2024-04-19,QWTI,2024-04-19T21:00:00Z,2024-04-19T21:02:00Z,37.183732,37.466888,36.114280,36.391403,2398570,USD,1d,correlation_breakdown,quantops_deterministic_synthetic_generator,True
1.0.0,a503f80f-1484-5d00-9077-28e826424227,synthetic:1.0.0:QCASH:2024-04-19,QCASH,2024-04-19T21:00:00Z,2024-04-19T21:02:00Z,101.699081,101.746295,101.659374,101.706585,771005,USD,1d,correlation_breakdown,quantops_deterministic_synthetic_generator,True
1.0.0,21ea15ef-3116-5090-94e3-dfaf52b821ae,synthetic:1.0.0:QTECH:2024-04-22,QTECH,2024-04-22T21:00:00Z,2024-04-22T21:02:00Z,102.247246,102.966761,101.652321,102.371116,1944418,USD,1d,correlation_breakdown,quantops_deterministic_synthetic_generator,True
1.0.0,8607da49-09bc-551f-a006-cdc7267a6f29,synthetic:1.0.0:QGOLD:2024-04-22,QGOLD,2024-04-22T21:00:00Z,2024-04-22T21:02:00Z,168.963632,171.473570,167.926838,170.427792,1204171,USD,1d,correlation_breakdown,quantops_deterministic_synthetic_generator,True
1.0.0,644be832-6e37-5e61-9297-b6fa34d4bba6,synthetic:1.0.0:QWTI:2024-04-22,QWTI,2024-04-22T21:00:00Z,2024-04-22T21:02:00Z,36.440871,36.986567,35.943252,36.488300,1338376,USD,1d,correlation_breakdown,quantops_deterministic_synthetic_generator,True
1.0.0,c63a621f-e20a-521d-9c38-f556a9dbaa07,synthetic:1.0.0:QCASH:2024-04-22,QCASH,2024-04-22T21:00:00Z,2024-04-22T21:02:00Z,101.709621,101.747546,101.670393,101.708318,538695,USD,1d,correlation_breakdown,quantops_deterministic_synthetic_generator,True
1.0.0,8d8b1e3a-d9cd-5c46-8f04-3907187df7d5,synthetic:1.0.0:QTECH:2024-04-23,QTECH,2024-04-23T21:00:00Z,2024-04-23T21:02:00Z,102.878873,104.788480,101.880214,103.781064,3249937,USD,1d,correlation_breakdown,quantops_deterministic_synthetic_generator,True
1.0.0,672f4786-7ece-5b33-8854-ade0dfe46249,synthetic:1.0.0:QGOLD:2024-04-23,QGOLD,2024-04-23T21:00:00Z,2024-04-23T21:02:00Z,170.730560,174.692852,169.656930,173.601170,2335096,USD,1d,correlation_breakdown,quantops_deterministic_synthetic_generator,True
1.0.0,cf598e5f-681a-5a2a-ab46-bc07be9d3139,synthetic:1.0.0:QWTI:2024-04-23,QWTI,2024-04-23T21:00:00Z,2024-04-23T21:02:00Z,36.305058,37.547893,36.086077,37.322773,2078917,USD,1d,correlation_breakdown,quantops_deterministic_synthetic_generator,True
1.0.0,621c53e6-5504-5e29-aed0-1f8e0d68af58,synthetic:1.0.0:QCASH:2024-04-23,QCASH,2024-04-23T21:00:00Z,2024-04-23T21:02:00Z,101.709326,101.748842,101.671426,101.710941,658232,USD,1d,correlation_breakdown,quantops_deterministic_synthetic_generator,True
1.0.0,4508125c-89c6-5890-9f3e-2678c25b7b46,synthetic:1.0.0:QTECH:2024-04-24,QTECH,2024-04-24T21:00:00Z,2024-04-24T21:02:00Z,103.481682,104.899723,101.323324,102.731078,2508796,USD,1d,correlation_breakdown,quantops_deterministic_synthetic_generator,True
1.0.0,b4000577-aa28-5274-90e7-f610c96aefe5,synthetic:1.0.0:QGOLD:2024-04-24,QGOLD,2024-04-24T21:00:00Z,2024-04-24T21:02:00Z,173.630110,175.375029,170.788164,172.521946,1380719,USD,1d,correlation_breakdown,quantops_deterministic_synthetic_generator,True
1.0.0,4af1e1cc-a17d-55f4-a915-ee3e3f4beed6,synthetic:1.0.0:QWTI:2024-04-24,QWTI,2024-04-24T21:00:00Z,2024-04-24T21:02:00Z,37.261754,37.592515,36.500055,36.826956,1647945,USD,1d,correlation_breakdown,quantops_deterministic_synthetic_generator,True
1.0.0,7e418964-d9a9-564e-89ba-6a15de698ee2,synthetic:1.0.0:QCASH:2024-04-24,QCASH,2024-04-24T21:00:00Z,2024-04-24T21:02:00Z,101.711642,101.755477,101.670888,101.714721,672165,USD,1d,correlation_breakdown,quantops_deterministic_synthetic_generator,True
1.0.0,057c0b3c-f786-5159-a456-739811359292,synthetic:1.0.0:QTECH:2024-04-25,QTECH,2024-04-25T21:00:00Z,2024-04-25T21:02:00Z,103.244036,104.332682,100.489222,101.560113,2956668,USD,1d,correlation_breakdown,quantops_deterministic_synthetic_generator,True
1.0.0,33bb0026-4619-5153-b79a-0b7198c389c8,synthetic:1.0.0:QGOLD:2024-04-25,QGOLD,2024-04-25T21:00:00Z,2024-04-25T21:02:00Z,173.012996,173.833093,166.410723,167.203282,3103030,USD,1d,correlation_breakdown,quantops_deterministic_synthetic_generator,True
1.0.0,f1eac661-d29d-531d-9748-9747f9873cd9,synthetic:1.0.0:QWTI:2024-04-25,QWTI,2024-04-25T21:00:00Z,2024-04-25T21:02:00Z,36.874329,37.100022,35.998208,36.219895,2227684,USD,1d,correlation_breakdown,quantops_deterministic_synthetic_generator,True
1.0.0,1ea883c5-cedf-5a4a-924a-0b4e99e02f4b,synthetic:1.0.0:QCASH:2024-04-25,QCASH,2024-04-25T21:00:00Z,2024-04-25T21:02:00Z,101.715217,101.758971,101.675221,101.718973,691945,USD,1d,correlation_breakdown,quantops_deterministic_synthetic_generator,True
1.0.0,678b5a52-eff1-59fb-9dec-2e4d9d49d331,synthetic:1.0.0:QTECH:2024-04-26,QTECH,2024-04-26T21:00:00Z,2024-04-26T21:02:00Z,101.962283,102.776466,98.028771,98.817846,4171065,USD,1d,correlation_breakdown,quantops_deterministic_synthetic_generator,True
1.0.0,b9d7336d-88b5-5a36-90ef-273c1931ebb7,synthetic:1.0.0:QGOLD:2024-04-26,QGOLD,2024-04-26T21:00:00Z,2024-04-26T21:02:00Z,167.452488,168.617531,162.811480,163.952169,2181485,USD,1d,correlation_breakdown,quantops_deterministic_synthetic_generator,True
1.0.0,caf6f70c-8498-57d5-aa1e-0d2127a12416,synthetic:1.0.0:QWTI:2024-04-26,QWTI,2024-04-26T21:00:00Z,2024-04-26T21:02:00Z,36.259283,36.682445,34.220576,34.624661,3047303,USD,1d,correlation_breakdown,quantops_deterministic_synthetic_generator,True
1.0.0,8c89bc65-f030-5212-916b-f563d05ec3d1,synthetic:1.0.0:QCASH:2024-04-26,QCASH,2024-04-26T21:00:00Z,2024-04-26T21:02:00Z,101.719282,101.759621,101.679864,101.720202,657226,USD,1d,correlation_breakdown,quantops_deterministic_synthetic_generator,True
1.0.0,99905e21-cba7-5b64-8975-fd4a7fcb1f62,synthetic:1.0.0:QTECH:2024-04-29,QTECH,2024-04-29T21:00:00Z,2024-04-29T21:02:00Z,99.133496,99.800515,97.300648,97.959769,2549045,USD,1d,correlation_breakdown,quantops_deterministic_synthetic_generator,True
1.0.0,38f4fd37-6bc4-55a3-a79f-3efee418d61d,synthetic:1.0.0:QGOLD:2024-04-29,QGOLD,2024-04-29T21:00:00Z,2024-04-29T21:02:00Z,163.710093,164.235823,162.369040,162.892142,1257734,USD,1d,correlation_breakdown,quantops_deterministic_synthetic_generator,True
1.0.0,0cb4c8ac-d8b2-5fec-a7de-95e5dd6bd5b0,synthetic:1.0.0:QWTI:2024-04-29,QWTI,2024-04-29T21:00:00Z,2024-04-29T21:02:00Z,34.591263,35.023904,33.356419,33.778899,2610412,USD,1d,correlation_breakdown,quantops_deterministic_synthetic_generator,True
1.0.0,0eca2f9c-7b9a-524d-89b1-32371d9c936d,synthetic:1.0.0:QCASH:2024-04-29,QCASH,2024-04-29T21:00:00Z,2024-04-29T21:02:00Z,101.720676,101.765667,101.681441,101.726429,731981,USD,1d,correlation_breakdown,quantops_deterministic_synthetic_generator,True
1.0.0,aadeea9a-ba0a-5cef-a5e8-20e070fff44b,synthetic:1.0.0:QTECH:2024-04-30,QTECH,2024-04-30T21:00:00Z,2024-04-30T21:02:00Z,97.857160,98.399499,95.168980,95.699359,4209613,USD,1d,correlation_breakdown,quantops_deterministic_synthetic_generator,True
1.0.0,430e9e59-8549-5013-bb71-f27e46635aba,synthetic:1.0.0:QGOLD:2024-04-30,QGOLD,2024-04-30T21:00:00Z,2024-04-30T21:02:00Z,162.891947,163.468944,159.476160,160.043066,1998576,USD,1d,correlation_breakdown,quantops_deterministic_synthetic_generator,True
1.0.0,9b74c4e5-b1e2-5db1-ac9a-7e638c2411d3,synthetic:1.0.0:QWTI:2024-04-30,QWTI,2024-04-30T21:00:00Z,2024-04-30T21:02:00Z,33.764728,34.018317,32.941632,33.190911,2200804,USD,1d,correlation_breakdown,quantops_deterministic_synthetic_generator,True
1.0.0,c6a27924-4713-5c1c-ac6c-dc0d99bef8b7,synthetic:1.0.0:QCASH:2024-04-30,QCASH,2024-04-30T21:00:00Z,2024-04-30T21:02:00Z,101.726654,101.771134,101.687826,101.732303,722610,USD,1d,correlation_breakdown,quantops_deterministic_synthetic_generator,True
1.0.0,56df47e3-220d-523e-b5ba-2bdd9d3fb236,synthetic:1.0.0:QTECH:2024-05-01,QTECH,2024-05-01T21:00:00Z,2024-05-01T21:02:00Z,95.867025,100.755755,95.356992,100.222549,6228019,USD,1d,correlation_breakdown,quantops_deterministic_synthetic_generator,True
1.0.0,d4a7916e-f0fc-56b2-b00d-85913bb167be,synthetic:1.0.0:QGOLD:2024-05-01,QGOLD,2024-05-01T21:00:00Z,2024-05-01T21:02:00Z,160.168609,167.167058,158.950129,165.904939,2979858,USD,1d,correlation_breakdown,quantops_deterministic_synthetic_generator,True
1.0.0,b2139503-2ed5-532d-ba23-1779a2590993,synthetic:1.0.0:QWTI:2024-05-01,QWTI,2024-05-01T21:00:00Z,2024-05-01T21:02:00Z,33.147378,36.060993,32.850381,35.740760,4870846,USD,1d,correlation_breakdown,quantops_deterministic_synthetic_generator,True
1.0.0,74f0d213-a9d8-5fe8-ab30-d63a74de9827,synthetic:1.0.0:QCASH:2024-05-01,QCASH,2024-05-01T21:00:00Z,2024-05-01T21:02:00Z,101.734636,101.777804,101.695734,101.738901,868724,USD,1d,correlation_breakdown,quantops_deterministic_synthetic_generator,True
1.0.0,22153b91-8432-5052-90ef-6a5a438823b3,synthetic:1.0.0:QTECH:2024-05-02,QTECH,2024-05-02T21:00:00Z,2024-05-02T21:02:00Z,99.967740,100.640526,98.505617,99.173055,2921104,USD,1d,correlation_breakdown,quantops_deterministic_synthetic_generator,True
1.0.0,af398a55-cf82-5741-9097-abc098f937bc,synthetic:1.0.0:QGOLD:2024-05-02,QGOLD,2024-05-02T21:00:00Z,2024-05-02T21:02:00Z,166.230174,166.846739,164.518072,165.130558,1239318,USD,1d,correlation_breakdown,quantops_deterministic_synthetic_generator,True
1.0.0,55fc4f60-05c9-58a6-ae41-37e46eaf1707,synthetic:1.0.0:QWTI:2024-05-02,QWTI,2024-05-02T21:00:00Z,2024-05-02T21:02:00Z,35.560308,35.821012,34.953526,35.211674,1894889,USD,1d,correlation_breakdown,quantops_deterministic_synthetic_generator,True
1.0.0,ad5aa6ab-2d77-5c2f-9c75-cceb0cc47088,synthetic:1.0.0:QCASH:2024-05-02,QCASH,2024-05-02T21:00:00Z,2024-05-02T21:02:00Z,101.738406,101.782137,101.700493,101.744222,750820,USD,1d,correlation_breakdown,quantops_deterministic_synthetic_generator,True
1.0.0,75adb2b4-a738-50cf-a6a3-c5c8c3969520,synthetic:1.0.0:QTECH:2024-05-03,QTECH,2024-05-03T21:00:00Z,2024-05-03T21:02:00Z,98.985433,102.298943,98.155369,101.448226,3631766,USD,1d,correlation_breakdown,quantops_deterministic_synthetic_generator,True
1.0.0,358a61e4-91c0-5e93-b46a-18a14dcfdb39,synthetic:1.0.0:QGOLD:2024-05-03,QGOLD,2024-05-03T21:00:00Z,2024-05-03T21:02:00Z,165.275338,168.847371,164.127865,167.683180,2109785,USD,1d,correlation_breakdown,quantops_deterministic_synthetic_generator,True
1.0.0,6ece6e35-9e70-57d1-83bc-2042d82df3fd,synthetic:1.0.0:QWTI:2024-05-03,QWTI,2024-05-03T21:00:00Z,2024-05-03T21:02:00Z,35.195670,36.287272,34.960522,36.046439,2105171,USD,1d,correlation_breakdown,quantops_deterministic_synthetic_generator,True
1.0.0,42a187d4-d3ef-5cc3-a9c1-8f406d99af25,synthetic:1.0.0:QCASH:2024-05-03,QCASH,2024-05-03T21:00:00Z,2024-05-03T21:02:00Z,101.745429,101.787367,101.707679,101.749616,849106,USD,1d,correlation_breakdown,quantops_deterministic_synthetic_generator,True
1.0.0,fbc268a6-1a67-59d3-ba8e-8fac0fa9ae2b,synthetic:1.0.0:QTECH:2024-05-06,QTECH,2024-05-06T21:00:00Z,2024-05-06T21:02:00Z,101.478205,102.558559,100.975729,102.053236,2252788,USD,1d,correlation_breakdown,quantops_deterministic_synthetic_generator,True
1.0.0,c06d00f6-c0bf-5acd-87d1-8ef44d9b5939,synthetic:1.0.0:QGOLD:2024-05-06,QGOLD,2024-05-06T21:00:00Z,2024-05-06T21:02:00Z,167.183226,170.072722,166.312179,169.191213,1351496,USD,1d,correlation_breakdown,quantops_deterministic_synthetic_generator,True
1.0.0,f982966c-05a5-5f4c-824e-e46108aca620,synthetic:1.0.0:QWTI:2024-05-06,QWTI,2024-05-06T21:00:00Z,2024-05-06T21:02:00Z,35.927026,36.144164,35.518825,35.734801,1894175,USD,1d,correlation_breakdown,quantops_deterministic_synthetic_generator,True
1.0.0,f7a69622-b46e-5c69-9c26-7e580ab09372,synthetic:1.0.0:QCASH:2024-05-06,QCASH,2024-05-06T21:00:00Z,2024-05-06T21:02:00Z,101.749384,101.796795,101.710439,101.757847,836701,USD,1d,correlation_breakdown,quantops_deterministic_synthetic_generator,True
1.0.0,85a480a0-c61e-55ed-ae1f-f98c5d1ea558,synthetic:1.0.0:QTECH:2024-05-07,QTECH,2024-05-07T21:00:00Z,2024-05-07T21:02:00Z,101.548155,103.100169,100.864541,102.410749,1691083,USD,1d,correlation_breakdown,quantops_deterministic_synthetic_generator,True
1.0.0,d6fa395e-b618-52c4-acc4-9b65898449d3,synthetic:1.0.0:QGOLD:2024-05-07,QGOLD,2024-05-07T21:00:00Z,2024-05-07T21:02:00Z,168.955389,170.821224,168.358042,170.219408,1425695,USD,1d,correlation_breakdown,quantops_deterministic_synthetic_generator,True
1.0.0,9a229810-bb17-5260-a4cb-c9201058632f,synthetic:1.0.0:QWTI:2024-05-07,QWTI,2024-05-07T21:00:00Z,2024-05-07T21:02:00Z,35.800122,36.420296,35.427493,36.045116,1800414,USD,1d,correlation_breakdown,quantops_deterministic_synthetic_generator,True
1.0.0,55abacc5-a710-5440-a1ac-aed236704b65,synthetic:1.0.0:QCASH:2024-05-07,QCASH,2024-05-07T21:00:00Z,2024-05-07T21:02:00Z,101.758488,101.806395,101.720718,101.768621,1169978,USD,1d,correlation_breakdown,quantops_deterministic_synthetic_generator,True
1.0.0,db2c8eb0-3286-5253-b58c-1028b965b03b,synthetic:1.0.0:QTECH:2024-05-08,QTECH,2024-05-08T21:00:00Z,2024-05-08T21:02:00Z,102.499637,106.244308,101.791861,105.515705,4589544,USD,1d,correlation_breakdown,quantops_deterministic_synthetic_generator,True
1.0.0,b3559564-ce52-5746-8995-488a6680d7c8,synthetic:1.0.0:QGOLD:2024-05-08,QGOLD,2024-05-08T21:00:00Z,2024-05-08T21:02:00Z,170.090761,171.248289,168.438510,169.592648,1032377,USD,1d,correlation_breakdown,quantops_deterministic_synthetic_generator,True
1.0.0,7fff9ae0-4085-5fb5-9230-d3fa83ec8b8e,synthetic:1.0.0:QWTI:2024-05-08,QWTI,2024-05-08T21:00:00Z,2024-05-08T21:02:00Z,35.986986,37.166783,35.671955,36.844248,2574353,USD,1d,correlation_breakdown,quantops_deterministic_synthetic_generator,True
1.0.0,3fdb4ada-d701-55c8-a857-4cf9c3e7bf98,synthetic:1.0.0:QCASH:2024-05-08,QCASH,2024-05-08T21:00:00Z,2024-05-08T21:02:00Z,101.767588,101.816499,101.727430,101.776338,786911,USD,1d,correlation_breakdown,quantops_deterministic_synthetic_generator,True
1.0.0,95022603-62da-5fe4-8f3f-5a40a0443da7,synthetic:1.0.0:QTECH:2024-05-09,QTECH,2024-05-09T21:00:00Z,2024-05-09T21:02:00Z,105.601872,109.360494,104.721569,108.456395,4510373,USD,1d,correlation_breakdown,quantops_deterministic_synthetic_generator,True
1.0.0,e067b92e-1475-52cd-afbf-bae4f65ae3f0,synthetic:1.0.0:QGOLD:2024-05-09,QGOLD,2024-05-09T21:00:00Z,2024-05-09T21:02:00Z,169.500644,172.143594,168.692737,171.326983,1724572,USD,1d,correlation_breakdown,quantops_deterministic_synthetic_generator,True
1.0.0,7f71f7aa-1f59-55ab-95bf-989aca41e38b,synthetic:1.0.0:QWTI:2024-05-09,QWTI,2024-05-09T21:00:00Z,2024-05-09T21:02:00Z,36.869166,37.874653,36.613867,37.614195,2222416,USD,1d,correlation_breakdown,quantops_deterministic_synthetic_generator,True
1.0.0,9ca9c062-f4a8-5ec1-9d13-41f7defd9068,synthetic:1.0.0:QCASH:2024-05-09,QCASH,2024-05-09T21:00:00Z,2024-05-09T21:02:00Z,101.778602,101.818504,101.740737,101.780638,703372,USD,1d,correlation_breakdown,quantops_deterministic_synthetic_generator,True
1.0.0,1b856014-2a55-5213-8a00-eda829639f8b,synthetic:1.0.0:QTECH:2024-05-10,QTECH,2024-05-10T21:00:00Z,2024-05-10T21:02:00Z,108.065062,109.363860,107.331892,108.626878,1802412,USD,1d,correlation_breakdown,quantops_deterministic_synthetic_generator,True
1.0.0,0eb3e6bf-6ae0-5351-acdd-126c006d8cf8,synthetic:1.0.0:QGOLD:2024-05-10,QGOLD,2024-05-10T21:00:00Z,2024-05-10T21:02:00Z,171.375002,173.896133,170.410724,172.923145,1447275,USD,1d,correlation_breakdown,quantops_deterministic_synthetic_generator,True
1.0.0,6dc9d955-c060-5317-9880-eed29dbe25af,synthetic:1.0.0:QWTI:2024-05-10,QWTI,2024-05-10T21:00:00Z,2024-05-10T21:02:00Z,37.668686,38.253237,37.370503,37.952805,1923838,USD,1d,correlation_breakdown,quantops_deterministic_synthetic_generator,True
1.0.0,d47ff631-9f37-5223-bcdd-a96197353718,synthetic:1.0.0:QCASH:2024-05-10,QCASH,2024-05-10T21:00:00Z,2024-05-10T21:02:00Z,101.781203,101.825278,101.741788,101.785862,872649,USD,1d,correlation_breakdown,quantops_deterministic_synthetic_generator,True
1.0.0,a653f42d-8951-55e6-8628-131ca1f2aa38,synthetic:1.0.0:QTECH:2024-05-13,QTECH,2024-05-13T21:00:00Z,2024-05-13T21:02:00Z,108.740211,109.605097,106.338433,107.190997,3076877,USD,1d,correlation_breakdown,quantops_deterministic_synthetic_generator,True
1.0.0,b6cf6abe-59b9-5075-8859-d445cf7a45fb,synthetic:1.0.0:QGOLD:2024-05-13,QGOLD,2024-05-13T21:00:00Z,2024-05-13T21:02:00Z,173.204821,175.066451,172.066620,173.923527,1215242,USD,1d,correlation_breakdown,quantops_deterministic_synthetic_generator,True
1.0.0,ee6ee16c-e6f8-5189-89e4-09ac3f4a78a1,synthetic:1.0.0:QWTI:2024-05-13,QWTI,2024-05-13T21:00:00Z,2024-05-13T21:02:00Z,38.060925,38.497108,37.115264,37.545540,1742273,USD,1d,correlation_breakdown,quantops_deterministic_synthetic_generator,True
1.0.0,4cf092e6-2b1a-5239-a587-e0d41463578f,synthetic:1.0.0:QCASH:2024-05-13,QCASH,2024-05-13T21:00:00Z,2024-05-13T21:02:00Z,101.787845,101.832544,101.749336,101.794032,820390,USD,1d,correlation_breakdown,quantops_deterministic_synthetic_generator,True
1.0.0,8ebe3725-b8d7-5e38-8d75-4c22579a8cd9,synthetic:1.0.0:QTECH:2024-05-14,QTECH,2024-05-14T21:00:00Z,2024-05-14T21:02:00Z,107.245836,107.792505,106.081734,106.625240,1845851,USD,1d,correlation_breakdown,quantops_deterministic_synthetic_generator,True
1.0.0,ba144772-f375-5fec-b539-d8aaa8d6d3ca,synthetic:1.0.0:QGOLD:2024-05-14,QGOLD,2024-05-14T21:00:00Z,2024-05-14T21:02:00Z,173.922405,174.491707,171.874320,172.438765,1555598,USD,1d,correlation_breakdown,quantops_deterministic_synthetic_generator,True
1.0.0,86af2d3d-be85-5bde-b94f-862a5e3d31ae,synthetic:1.0.0:QWTI:2024-05-14,QWTI,2024-05-14T21:00:00Z,2024-05-14T21:02:00Z,37.501100,38.583499,36.786478,37.862000,1615504,USD,1d,correlation_breakdown,quantops_deterministic_synthetic_generator,True
1.0.0,02b98766-dc25-5b0a-8ce8-a9be3858b5c7,synthetic:1.0.0:QCASH:2024-05-14,QCASH,2024-05-14T21:00:00Z,2024-05-14T21:02:00Z,101.794340,101.842027,101.754656,101.802340,956103,USD,1d,correlation_breakdown,quantops_deterministic_synthetic_generator,True
1.0.0,c244baa0-30ee-5061-877a-44cfc914959c,synthetic:1.0.0:QTECH:2024-05-15,QTECH,2024-05-15T21:00:00Z,2024-05-15T21:02:00Z,106.232823,108.049499,105.302471,107.111452,2101162,USD,1d,correlation_breakdown,quantops_deterministic_synthetic_generator,True
1.0.0,b486470c-b390-5de8-adeb-5fda9870c894,synthetic:1.0.0:QGOLD:2024-05-15,QGOLD,2024-05-15T21:00:00Z,2024-05-15T21:02:00Z,172.183325,172.749294,171.509988,172.075603,1031910,USD,1d,correlation_breakdown,quantops_deterministic_synthetic_generator,True
1.0.0,35885949-08ba-5aa1-9509-2b00e2631d36,synthetic:1.0.0:QWTI:2024-05-15,QWTI,2024-05-15T21:00:00Z,2024-05-15T21:02:00Z,37.833327,38.361273,37.520726,38.046907,1402548,USD,1d,correlation_breakdown,quantops_deterministic_synthetic_generator,True
1.0.0,8f5e5508-f756-53b6-8c0d-07407bc5823f,synthetic:1.0.0:QCASH:2024-05-15,QCASH,2024-05-15T21:00:00Z,2024-05-15T21:02:00Z,101.802665,101.846286,101.764623,101.808241,754227,USD,1d,correlation_breakdown,quantops_deterministic_synthetic_generator,True
1.0.0,c08dca05-d941-5886-a75b-de81184a2348,synthetic:1.0.0:QTECH:2024-05-16,QTECH,2024-05-16T21:00:00Z,2024-05-16T21:02:00Z,107.334863,112.757914,106.817027,112.216526,6663706,USD,1d,correlation_breakdown,quantops_deterministic_synthetic_generator,True
1.0.0,6a0b732f-0435-5465-bdf4-ca3e29118955,synthetic:1.0.0:QGOLD:2024-05-16,QGOLD,2024-05-16T21:00:00Z,2024-05-16T21:02:00Z,171.950199,179.113319,171.296759,178.435234,3339033,USD,1d,correlation_breakdown,quantops_deterministic_synthetic_generator,True
1.0.0,63c6c05f-759d-576f-a09c-0fa64a6a6fa5,synthetic:1.0.0:QWTI:2024-05-16,QWTI,2024-05-16T21:00:00Z,2024-05-16T21:02:00Z,37.994338,41.168347,37.587768,40.732477,3835873,USD,1d,correlation_breakdown,quantops_deterministic_synthetic_generator,True
1.0.0,689ebac4-9f7a-546a-99b2-32cc5c8cc6c8,synthetic:1.0.0:QCASH:2024-05-16,QCASH,2024-05-16T21:00:00Z,2024-05-16T21:02:00Z,101.808397,101.850350,101.770535,101.812486,816428,USD,1d,correlation_breakdown,quantops_deterministic_synthetic_generator,True
1.0.0,32317c7d-cdc9-53cf-a7c7-7da9b1e2b552,synthetic:1.0.0:QTECH:2024-05-17,QTECH,2024-05-17T21:00:00Z,2024-05-17T21:02:00Z,112.184627,112.829778,110.880785,111.522127,2306416,USD,1d,correlation_breakdown,quantops_deterministic_synthetic_generator,True
1.0.0,ba1e09cc-11d8-53d1-b060-f32f1f992f49,synthetic:1.0.0:QGOLD:2024-05-17,QGOLD,2024-05-17T21:00:00Z,2024-05-17T21:02:00Z,178.510523,179.390429,175.602861,176.472723,1688716,USD,1d,correlation_breakdown,quantops_deterministic_synthetic_generator,True
1.0.0,1336a969-0fde-5fe3-b05f-a224b5861216,synthetic:1.0.0:QWTI:2024-05-17,QWTI,2024-05-17T21:00:00Z,2024-05-17T21:02:00Z,40.555149,41.109514,40.011694,40.565915,1477606,USD,1d,correlation_breakdown,quantops_deterministic_synthetic_generator,True
1.0.0,dbe0d3e7-5423-58d3-959e-2369b1a4ef0b,synthetic:1.0.0:QCASH:2024-05-17,QCASH,2024-05-17T21:00:00Z,2024-05-17T21:02:00Z,101.813014,101.854207,101.774445,101.815637,619151,USD,1d,correlation_breakdown,quantops_deterministic_synthetic_generator,True
1.0.0,3643b8dc-a54d-57ae-9fb1-c683fc159a21,synthetic:1.0.0:QTECH:2024-05-20,QTECH,2024-05-20T21:00:00Z,2024-05-20T21:02:00Z,111.299588,115.347957,110.417057,114.440520,4391303,USD,1d,correlation_breakdown,quantops_deterministic_synthetic_generator,True
1.0.0,b2d684bf-a9bd-5e9c-9e48-2004a23d8eeb,synthetic:1.0.0:QGOLD:2024-05-20,QGOLD,2024-05-20T21:00:00Z,2024-05-20T21:02:00Z,176.626807,177.778102,175.868559,177.018173,1222831,USD,1d,correlation_breakdown,quantops_deterministic_synthetic_generator,True
1.0.0,5b7b31d4-f34e-553a-8609-7fc40e12cb79,synthetic:1.0.0:QWTI:2024-05-20,QWTI,2024-05-20T21:00:00Z,2024-05-20T21:02:00Z,40.672354,41.619568,40.339228,41.281453,2022443,USD,1d,correlation_breakdown,quantops_deterministic_synthetic_generator,True
1.0.0,fa9e2594-70e4-56d2-84dc-cb51c448dba6,synthetic:1.0.0:QCASH:2024-05-20,QCASH,2024-05-20T21:00:00Z,2024-05-20T21:02:00Z,101.813430,101.861104,101.775018,101.822689,937154,USD,1d,correlation_breakdown,quantops_deterministic_synthetic_generator,True
1.0.0,acea15b8-efe6-5db9-ac23-48e29aac76a8,synthetic:1.0.0:QTECH:2024-05-21,QTECH,2024-05-21T21:00:00Z,2024-05-21T21:02:00Z,113.792590,114.458936,113.104322,113.770539,2161284,USD,1d,correlation_breakdown,quantops_deterministic_synthetic_generator,True
1.0.0,a4c1a75f-78ff-5e1d-9a08-f06bc0b01385,synthetic:1.0.0:QGOLD:2024-05-21,QGOLD,2024-05-21T21:00:00Z,2024-05-21T21:02:00Z,176.781533,177.676729,175.433046,176.325935,1199726,USD,1d,correlation_breakdown,quantops_deterministic_synthetic_generator,True
1.0.0,6d85e432-04c1-531d-945e-06c8c55a3ecc,synthetic:1.0.0:QWTI:2024-05-21,QWTI,2024-05-21T21:00:00Z,2024-05-21T21:02:00Z,41.451948,41.910881,40.780960,41.237519,1492349,USD,1d,correlation_breakdown,quantops_deterministic_synthetic_generator,True
1.0.0,d7943f0b-067f-516f-985f-07c60ef6dd58,synthetic:1.0.0:QCASH:2024-05-21,QCASH,2024-05-21T21:00:00Z,2024-05-21T21:02:00Z,101.822520,101.865728,101.783486,101.826692,619076,USD,1d,correlation_breakdown,quantops_deterministic_synthetic_generator,True
1.0.0,1bf2ed43-10e2-5bc4-88ef-a95e57c48aa2,synthetic:1.0.0:QTECH:2024-05-22,QTECH,2024-05-22T21:00:00Z,2024-05-22T21:02:00Z,114.075580,114.858200,112.037818,112.811767,2442882,USD,1d,correlation_breakdown,quantops_deterministic_synthetic_generator,True
1.0.0,dfde41f2-41f3-5794-a323-23069c3b6b79,synthetic:1.0.0:QGOLD:2024-05-22,QGOLD,2024-05-22T21:00:00Z,2024-05-22T21:02:00Z,176.796840,177.921424,174.888125,176.007689,1167825,USD,1d,correlation_breakdown,quantops_deterministic_synthetic_generator,True
1.0.0,1148383b-0f10-546f-af9b-1918f6d02872,synthetic:1.0.0:QWTI:2024-05-22,QWTI,2024-05-22T21:00:00Z,2024-05-22T21:02:00Z,41.378421,41.654833,40.895571,41.170595,1261856,USD,1d,correlation_breakdown,quantops_deterministic_synthetic_generator,True
1.0.0,f2f6f64e-f936-5503-831a-e00d691ccf6b,synthetic:1.0.0:QCASH:2024-05-22,QCASH,2024-05-22T21:00:00Z,2024-05-22T21:02:00Z,101.826509,101.868418,101.787253,101.829160,671665,USD,1d,correlation_breakdown,quantops_deterministic_synthetic_generator,True
1.0.0,53530822-0a1d-5b1f-8aab-908d787ec254,synthetic:1.0.0:QTECH:2024-05-23,QTECH,2024-05-23T21:00:00Z,2024-05-23T21:02:00Z,112.657279,115.477744,111.864055,114.670346,3019900,USD,1d,correlation_breakdown,quantops_deterministic_synthetic_generator,True
1.0.0,c60a2962-ac97-5b86-ba9b-66e7ba31dff5,synthetic:1.0.0:QGOLD:2024-05-23,QGOLD,2024-05-23T21:00:00Z,2024-05-23T21:02:00Z,176.152165,179.351429,175.381917,178.570605,1980258,USD,1d,correlation_breakdown,quantops_deterministic_synthetic_generator,True
1.0.0,3446fa74-a960-5f8e-adc6-8a18108661ac,synthetic:1.0.0:QWTI:2024-05-23,QWTI,2024-05-23T21:00:00Z,2024-05-23T21:02:00Z,41.225002,42.808626,40.929346,42.503799,3028537,USD,1d,correlation_breakdown,quantops_deterministic_synthetic_generator,True
1.0.0,3045cc02-c317-53af-88b7-141c7be705ca,synthetic:1.0.0:QCASH:2024-05-23,QCASH,2024-05-23T21:00:00Z,2024-05-23T21:02:00Z,101.829206,101.878165,101.788692,101.837648,966452,USD,1d,correlation_breakdown,quantops_deterministic_synthetic_generator,True
1.0.0,5492aa61-3ab0-5abb-91a9-79f9263c94f7,synthetic:1.0.0:QTECH:2024-05-24,QTECH,2024-05-24T21:00:00Z,2024-05-24T21:02:00Z,114.866729,116.669863,111.070436,112.841783,3215558,USD,1d,correlation_breakdown,quantops_deterministic_synthetic_generator,True
1.0.0,e78a5171-70c0-5f7b-b38f-2c8e92114625,synthetic:1.0.0:QGOLD:2024-05-24,QGOLD,2024-05-24T21:00:00Z,2024-05-24T21:02:00Z,178.208201,179.744492,176.163019,177.694885,1347278,USD,1d,correlation_breakdown,quantops_deterministic_synthetic_generator,True
1.0.0,99414837-be0c-5806-b897-0ce23751e2ef,synthetic:1.0.0:QWTI:2024-05-24,QWTI,2024-05-24T21:00:00Z,2024-05-24T21:02:00Z,42.492390,43.745610,42.160654,43.406736,1991904,USD,1d,correlation_breakdown,quantops_deterministic_synthetic_generator,True
1.0.0,03b27e89-6448-564e-a4ad-1191d98ed4f3,synthetic:1.0.0:QCASH:2024-05-24,QCASH,2024-05-24T21:00:00Z,2024-05-24T21:02:00Z,101.838826,101.880741,101.801060,101.842974,677833,USD,1d,correlation_breakdown,quantops_deterministic_synthetic_generator,True
1.0.0,1532d152-8fd8-5a4c-90f3-ff6c9fb88189,synthetic:1.0.0:QTECH:2024-05-27,QTECH,2024-05-27T21:00:00Z,2024-05-27T21:02:00Z,113.457612,114.186133,109.563163,110.271224,3232389,USD,1d,correlation_breakdown,quantops_deterministic_synthetic_generator,True
1.0.0,99ef8723-1b2f-537d-adb1-9374f9f876b5,synthetic:1.0.0:QGOLD:2024-05-27,QGOLD,2024-05-27T21:00:00Z,2024-05-27T21:02:00Z,177.476844,178.048882,175.521683,176.089249,1466683,USD,1d,correlation_breakdown,quantops_deterministic_synthetic_generator,True
1.0.0,00dbd7bb-d7c9-556f-a920-40eb1d1595f3,synthetic:1.0.0:QWTI:2024-05-27,QWTI,2024-05-27T21:00:00Z,2024-05-27T21:02:00Z,43.346065,43.675467,41.541554,41.859660,3244587,USD,1d,correlation_breakdown,quantops_deterministic_synthetic_generator,True
1.0.0,02146000-04da-52fa-a759-e4879c3fb553,synthetic:1.0.0:QCASH:2024-05-27,QCASH,2024-05-27T21:00:00Z,2024-05-27T21:02:00Z,101.844056,101.885670,101.804286,101.845899,623969,USD,1d,correlation_breakdown,quantops_deterministic_synthetic_generator,True
1.0.0,257d07c3-740d-540d-9d15-4fa9a615c8c0,synthetic:1.0.0:QTECH:2024-05-28,QTECH,2024-05-28T21:00:00Z,2024-05-28T21:02:00Z,110.381746,113.180606,109.840838,112.628687,3954113,USD,1d,correlation_breakdown,quantops_deterministic_synthetic_generator,True
1.0.0,29238259-05c6-5de4-82bc-b8bdad937fe0,synthetic:1.0.0:QGOLD:2024-05-28,QGOLD,2024-05-28T21:00:00Z,2024-05-28T21:02:00Z,175.886091,179.915840,174.801768,178.813470,1786466,USD,1d,correlation_breakdown,quantops_deterministic_synthetic_generator,True
1.0.0,adee5040-7dc3-571f-9b77-39258cbf22f0,synthetic:1.0.0:QWTI:2024-05-28,QWTI,2024-05-28T21:00:00Z,2024-05-28T21:02:00Z,42.069709,43.605183,41.785501,43.312579,2936745,USD,1d,correlation_breakdown,quantops_deterministic_synthetic_generator,True
1.0.0,d8edeabe-72bd-5e1d-b38b-1654ac36820e,synthetic:1.0.0:QCASH:2024-05-28,QCASH,2024-05-28T21:00:00Z,2024-05-28T21:02:00Z,101.846694,101.891082,101.807775,101.852160,865965,USD,1d,correlation_breakdown,quantops_deterministic_synthetic_generator,True
1.0.0,be582eb3-0c50-5e45-b4a5-d66c36d4749c,synthetic:1.0.0:QTECH:2024-05-29,QTECH,2024-05-29T21:00:00Z,2024-05-29T21:02:00Z,112.459442,113.031515,111.289503,111.858520,2193175,USD,1d,correlation_breakdown,quantops_deterministic_synthetic_generator,True
1.0.0,267b904d-f88a-503b-b3d9-b6e0383f4e40,synthetic:1.0.0:QGOLD:2024-05-29,QGOLD,2024-05-29T21:00:00Z,2024-05-29T21:02:00Z,178.683126,180.009291,177.156501,178.481167,1085324,USD,1d,correlation_breakdown,quantops_deterministic_synthetic_generator,True
1.0.0,99cdea14-a322-581e-a89e-b8f3cf1d37f1,synthetic:1.0.0:QWTI:2024-05-29,QWTI,2024-05-29T21:00:00Z,2024-05-29T21:02:00Z,43.594319,43.855373,43.088859,43.348440,1194153,USD,1d,correlation_breakdown,quantops_deterministic_synthetic_generator,True
1.0.0,cc677179-f550-5e17-a30b-6414f095e37b,synthetic:1.0.0:QCASH:2024-05-29,QCASH,2024-05-29T21:00:00Z,2024-05-29T21:02:00Z,101.852481,101.897808,101.813709,101.859034,786954,USD,1d,correlation_breakdown,quantops_deterministic_synthetic_generator,True
1.0.0,c588573b-8c43-5b22-a5fd-4f500338d876,synthetic:1.0.0:QTECH:2024-05-30,QTECH,2024-05-30T21:00:00Z,2024-05-30T21:02:00Z,111.533913,114.438925,110.002588,112.888995,2462100,USD,1d,correlation_breakdown,quantops_deterministic_synthetic_generator,True
1.0.0,93ec3a43-6fac-5633-addf-1bba4c77b0d8,synthetic:1.0.0:QGOLD:2024-05-30,QGOLD,2024-05-30T21:00:00Z,2024-05-30T21:02:00Z,178.822498,179.531622,177.297010,178.002884,984303,USD,1d,correlation_breakdown,quantops_deterministic_synthetic_generator,True
1.0.0,ba8345de-e51f-502b-8de2-f5480e49e726,synthetic:1.0.0:QWTI:2024-05-30,QWTI,2024-05-30T21:00:00Z,2024-05-30T21:02:00Z,43.455923,45.261457,42.670062,44.457484,2606220,USD,1d,correlation_breakdown,quantops_deterministic_synthetic_generator,True
1.0.0,7d10a03a-7a49-5116-9188-ba5740429ac4,synthetic:1.0.0:QCASH:2024-05-30,QCASH,2024-05-30T21:00:00Z,2024-05-30T21:02:00Z,101.860263,101.901599,101.821967,101.863303,715665,USD,1d,correlation_breakdown,quantops_deterministic_synthetic_generator,True
1.0.0,06c133e3-ce52-5760-a1cc-1c02fc85d219,synthetic:1.0.0:QTECH:2024-05-31,QTECH,2024-05-31T21:00:00Z,2024-05-31T21:02:00Z,113.286355,117.772617,111.434996,115.878890,3738122,USD,1d,correlation_breakdown,quantops_deterministic_synthetic_generator,True
1.0.0,895ef047-f46d-5b10-b575-1469e3e42bee,synthetic:1.0.0:QGOLD:2024-05-31,QGOLD,2024-05-31T21:00:00Z,2024-05-31T21:02:00Z,177.922002,182.378808,176.996864,181.435401,1975700,USD,1d,correlation_breakdown,quantops_deterministic_synthetic_generator,True
1.0.0,504fa3df-4dcd-5f99-87bd-18ac3f9c12ed,synthetic:1.0.0:QWTI:2024-05-31,QWTI,2024-05-31T21:00:00Z,2024-05-31T21:02:00Z,44.496384,47.179986,43.802123,46.455163,3308440,USD,1d,correlation_breakdown,quantops_deterministic_synthetic_generator,True
1.0.0,7a6de7de-5039-5f0e-b078-da2ab5eba55f,synthetic:1.0.0:QCASH:2024-05-31,QCASH,2024-05-31T21:00:00Z,2024-05-31T21:02:00Z,101.863668,101.908305,101.825171,101.869806,879220,USD,1d,correlation_breakdown,quantops_deterministic_synthetic_generator,True
1.0.0,432d0553-e7b0-59ac-bb8c-513b90cc24e7,synthetic:1.0.0:QTECH:2024-06-03,QTECH,2024-06-03T21:00:00Z,2024-06-03T21:02:00Z,115.552175,116.772866,111.224303,112.411819,4603762,USD,1d,correlation_breakdown,quantops_deterministic_synthetic_generator,True
1.0.0,39a3a72c-c7e3-5797-a864-37940a2fe8c7,synthetic:1.0.0:QGOLD:2024-06-03,QGOLD,2024-06-03T21:00:00Z,2024-06-03T21:02:00Z,181.632952,182.568181,178.339624,179.262648,1693850,USD,1d,correlation_breakdown,quantops_deterministic_synthetic_generator,True
1.0.0,fb5a27e1-6b45-5cdd-a1ce-7f6cc511eb8e,synthetic:1.0.0:QWTI:2024-06-03,QWTI,2024-06-03T21:00:00Z,2024-06-03T21:02:00Z,46.689678,47.426637,44.407588,45.119768,2601945,USD,1d,correlation_breakdown,quantops_deterministic_synthetic_generator,True
1.0.0,42082eef-2aff-5a41-bc11-e168d35880dd,synthetic:1.0.0:QCASH:2024-06-03,QCASH,2024-06-03T21:00:00Z,2024-06-03T21:02:00Z,101.870065,101.915447,101.832121,101.877501,839924,USD,1d,correlation_breakdown,quantops_deterministic_synthetic_generator,True
1.0.0,ecf4940c-c5e6-551d-ade6-692da6a23794,synthetic:1.0.0:QTECH:2024-06-04,QTECH,2024-06-04T21:00:00Z,2024-06-04T21:02:00Z,112.497186,116.043986,111.071185,114.591438,3243615,USD,1d,correlation_breakdown,quantops_deterministic_synthetic_generator,True
1.0.0,b0bbd20b-9119-5651-80fa-586cc75ff2f1,synthetic:1.0.0:QGOLD:2024-06-04,QGOLD,2024-06-04T21:00:00Z,2024-06-04T21:02:00Z,179.554075,184.691952,178.987183,184.110674,2579999,USD,1d,correlation_breakdown,quantops_deterministic_synthetic_generator,True
1.0.0,42dfba13-0271-546f-9a35-90f65228f856,synthetic:1.0.0:QWTI:2024-06-04,QWTI,2024-06-04T21:00:00Z,2024-06-04T21:02:00Z,45.387148,48.269520,45.021704,47.883971,4232790,USD,1d,correlation_breakdown,quantops_deterministic_synthetic_generator,True
1.0.0,0c80e316-939a-55ff-8d1e-7c7cb50e97f5,synthetic:1.0.0:QCASH:2024-06-04,QCASH,2024-06-04T21:00:00Z,2024-06-04T21:02:00Z,101.877357,101.921625,101.838684,101.882950,742066,USD,1d,correlation_breakdown,quantops_deterministic_synthetic_generator,True
1.0.0,a1a55e4d-e5e5-5afe-bfab-9d5b9f79441a,synthetic:1.0.0:QTECH:2024-06-05,QTECH,2024-06-05T21:00:00Z,2024-06-05T21:02:00Z,114.409036,117.602015,112.921059,116.092148,3410836,USD,1d,correlation_breakdown,quantops_deterministic_synthetic_generator,True
1.0.0,a4aa9b7d-84e4-59ad-97a3-1376ddef1cf7,synthetic:1.0.0:QGOLD:2024-06-05,QGOLD,2024-06-05T21:00:00Z,2024-06-05T21:02:00Z,184.034902,186.267056,182.845847,185.071305,1244018,USD,1d,correlation_breakdown,quantops_deterministic_synthetic_generator,True
1.0.0,b89e78bb-663a-5f9c-a875-528f01ae09c8,synthetic:1.0.0:QWTI:2024-06-05,QWTI,2024-06-05T21:00:00Z,2024-06-05T21:02:00Z,48.222920,49.489928,47.527755,48.786637,2229856,USD,1d,correlation_breakdown,quantops_deterministic_synthetic_generator,True
1.0.0,948a9dd4-cd7e-5a33-b792-03d005abc7f0,synthetic:1.0.0:QCASH:2024-06-05,QCASH,2024-06-05T21:00:00Z,2024-06-05T21:02:00Z,101.884325,101.929700,101.845758,101.891130,781953,USD,1d,correlation_breakdown,quantops_deterministic_synthetic_generator,True
1.0.0,9756d60f-25ee-5a57-b7a5-81cc7bbf6684,synthetic:1.0.0:QTECH:2024-06-06,QTECH,2024-06-06T21:00:00Z,2024-06-06T21:02:00Z,116.467074,117.471191,112.186386,113.162008,4538722,USD,1d,correlation_breakdown,quantops_deterministic_synthetic_generator,True
1.0.0,9a416b35-de3d-5697-9535-c4750cd3c35d,synthetic:1.0.0:QGOLD:2024-06-06,QGOLD,2024-06-06T21:00:00Z,2024-06-06T21:02:00Z,184.575574,185.483488,182.943193,183.847525,1407628,USD,1d,correlation_breakdown,quantops_deterministic_synthetic_generator,True
1.0.0,8d50b447-bf1a-5c57-93b6-2a8cec084668,synthetic:1.0.0:QWTI:2024-06-06,QWTI,2024-06-06T21:00:00Z,2024-06-06T21:02:00Z,48.613369,49.015821,47.235493,47.629802,2543537,USD,1d,correlation_breakdown,quantops_deterministic_synthetic_generator,True
1.0.0,f4862e82-fad6-5864-af5e-2960757ed8dd,synthetic:1.0.0:QCASH:2024-06-06,QCASH,2024-06-06T21:00:00Z,2024-06-06T21:02:00Z,101.889430,101.940505,101.848299,101.899370,966765,USD,1d,correlation_breakdown,quantops_deterministic_synthetic_generator,True
1.0.0,2c49ec46-ee1f-518a-a8e9-a335770c24c0,synthetic:1.0.0:QTECH:2024-06-07,QTECH,2024-06-07T21:00:00Z,2024-06-07T21:02:00Z,113.206033,114.366871,112.419888,113.578142,2227393,USD,1d,correlation_breakdown,quantops_deterministic_synthetic_generator,True
1.0.0,9515a319-70b6-5caf-9c0d-2b666c939e52,synthetic:1.0.0:QGOLD:2024-06-07,QGOLD,2024-06-07T21:00:00Z,2024-06-07T21:02:00Z,183.775590,184.856366,181.284872,182.357306,1361488,USD,1d,correlation_breakdown,quantops_deterministic_synthetic_generator,True
1.0.0,32e2a26b-7ce0-5369-ac82-fd069673a92c,synthetic:1.0.0:QWTI:2024-06-07,QWTI,2024-06-07T21:00:00Z,2024-06-07T21:02:00Z,47.824658,48.166892,47.209939,47.550209,1564153,USD,1d,correlation_breakdown,quantops_deterministic_synthetic_generator,True
1.0.0,1812ebd7-1dc7-5de9-91c1-497fdbdf952d,synthetic:1.0.0:QCASH:2024-06-07,QCASH,2024-06-07T21:00:00Z,2024-06-07T21:02:00Z,101.898577,101.940443,101.860569,101.902434,549062,USD,1d,correlation_breakdown,quantops_deterministic_synthetic_generator,True
1.0.0,dbb669b9-c53f-5afd-884a-97369eefb377,synthetic:1.0.0:QTECH:2024-06-10,QTECH,2024-06-10T21:00:00Z,2024-06-10T21:02:00Z,114.372059,115.073360,112.497512,113.191575,2043968,USD,1d,correlation_breakdown,quantops_deterministic_synthetic_generator,True
1.0.0,7756202e-603e-5487-a3c8-6f2627d94b66,synthetic:1.0.0:QGOLD:2024-06-10,QGOLD,2024-06-10T21:00:00Z,2024-06-10T21:02:00Z,181.874705,182.963963,180.351601,181.438244,1463368,USD,1d,correlation_breakdown,quantops_deterministic_synthetic_generator,True
1.0.0,b3ac6fbd-632f-5c1c-8e9f-6f91fbfaf349,synthetic:1.0.0:QWTI:2024-06-10,QWTI,2024-06-10T21:00:00Z,2024-06-10T21:02:00Z,47.681608,48.001764,46.604055,46.919092,1680077,USD,1d,correlation_breakdown,quantops_deterministic_synthetic_generator,True
1.0.0,116c228a-e23b-544a-8d4b-614afe8df848,synthetic:1.0.0:QCASH:2024-06-10,QCASH,2024-06-10T21:00:00Z,2024-06-10T21:02:00Z,101.902667,101.942370,101.863373,101.903076,528339,USD,1d,correlation_breakdown,quantops_deterministic_synthetic_generator,True
1.0.0,8f5177ef-fe45-50d5-abe4-24e7eff9112b,synthetic:1.0.0:QTECH:2024-06-11,QTECH,2024-06-11T21:00:00Z,2024-06-11T21:02:00Z,113.159691,115.305431,112.005026,114.140754,2597204,USD,1d,correlation_breakdown,quantops_deterministic_synthetic_generator,True
1.0.0,cec099ac-07d1-5a89-8d9a-beabcaa6f169,synthetic:1.0.0:QGOLD:2024-06-11,QGOLD,2024-06-11T21:00:00Z,2024-06-11T21:02:00Z,180.920565,183.547873,179.911749,182.530083,1491343,USD,1d,correlation_breakdown,quantops_deterministic_synthetic_generator,True
1.0.0,73ae1e3d-8e5b-5552-979d-40863784e38d,synthetic:1.0.0:QWTI:2024-06-11,QWTI,2024-06-11T21:00:00Z,2024-06-11T21:02:00Z,46.980902,48.388128,46.577336,47.976013,2213316,USD,1d,correlation_breakdown,quantops_deterministic_synthetic_generator,True
1.0.0,d1d05e85-d39e-57ea-b25b-67f04db27826,synthetic:1.0.0:QCASH:2024-06-11,QCASH,2024-06-11T21:00:00Z,2024-06-11T21:02:00Z,101.900132,101.950264,101.858553,101.908681,709846,USD,1d,correlation_breakdown,quantops_deterministic_synthetic_generator,True
1.0.0,af56a588-796c-5523-ae4d-45865a96d820,synthetic:1.0.0:QTECH:2024-06-12,QTECH,2024-06-12T21:00:00Z,2024-06-12T21:02:00Z,114.461211,115.359417,111.316818,112.197259,3643478,USD,1d,correlation_breakdown,quantops_deterministic_synthetic_generator,True
1.0.0,edfd4778-1313-5ed8-b706-cab22e942a49,synthetic:1.0.0:QGOLD:2024-06-12,QGOLD,2024-06-12T21:00:00Z,2024-06-12T21:02:00Z,182.361387,183.367444,179.730789,180.727834,1454127,USD,1d,correlation_breakdown,quantops_deterministic_synthetic_generator,True
1.0.0,8462a9a1-f49a-5e7d-a3af-541b93306c06,synthetic:1.0.0:QWTI:2024-06-12,QWTI,2024-06-12T21:00:00Z,2024-06-12T21:02:00Z,47.804354,48.193524,47.057596,47.443831,1827987,USD,1d,correlation_breakdown,quantops_deterministic_synthetic_generator,True
1.0.0,ecef03a9-caa7-54f2-a675-813d64ba979d,synthetic:1.0.0:QCASH:2024-06-12,QCASH,2024-06-12T21:00:00Z,2024-06-12T21:02:00Z,101.909068,101.954304,101.869585,101.914818,916713,USD,1d,correlation_breakdown,quantops_deterministic_synthetic_generator,True
1.0.0,eea8ba54-e4fb-5b4e-91ed-1533da9efe51,synthetic:1.0.0:QTECH:2024-06-13,QTECH,2024-06-13T21:00:00Z,2024-06-13T21:02:00Z,112.390634,113.169227,106.563787,107.307164,5875626,USD,1d,correlation_breakdown,quantops_deterministic_synthetic_generator,True
1.0.0,e7c02a37-4f7a-5383-b5d3-d0f9481a7586,synthetic:1.0.0:QGOLD:2024-06-13,QGOLD,2024-06-13T21:00:00Z,2024-06-13T21:02:00Z,180.883879,181.462633,176.856187,177.423871,2387280,USD,1d,correlation_breakdown,quantops_deterministic_synthetic_generator,True
1.0.0,f7034d03-7cc4-596c-b35e-f2a3f9e42e83,synthetic:1.0.0:QWTI:2024-06-13,QWTI,2024-06-13T21:00:00Z,2024-06-13T21:02:00Z,47.529134,47.968598,44.299096,44.712518,3869914,USD,1d,correlation_breakdown,quantops_deterministic_synthetic_generator,True
1.0.0,6fc7e0a6-3e94-5661-bcee-95abe878090b,synthetic:1.0.0:QCASH:2024-06-13,QCASH,2024-06-13T21:00:00Z,2024-06-13T21:02:00Z,101.914698,101.958460,101.876081,101.919841,688675,USD,1d,correlation_breakdown,quantops_deterministic_synthetic_generator,True
1.0.0,1c50da41-e196-5dc3-8191-e24085641196,synthetic:1.0.0:QTECH:2024-06-14,QTECH,2024-06-14T21:00:00Z,2024-06-14T21:02:00Z,107.776451,108.422131,106.816041,107.459824,2082435,USD,1d,correlation_breakdown,quantops_deterministic_synthetic_generator,True
1.0.0,4f6762dd-acdf-5781-9b8a-7eaf8239c79a,synthetic:1.0.0:QGOLD:2024-06-14,QGOLD,2024-06-14T21:00:00Z,2024-06-14T21:02:00Z,177.386871,179.219026,176.474158,178.301606,1306633,USD,1d,correlation_breakdown,quantops_deterministic_synthetic_generator,True
1.0.0,2aeea16c-e849-552a-b157-c267cb32196c,synthetic:1.0.0:QWTI:2024-06-14,QWTI,2024-06-14T21:00:00Z,2024-06-14T21:02:00Z,44.710376,45.519434,44.249782,45.055286,1698047,USD,1d,correlation_breakdown,quantops_deterministic_synthetic_generator,True
1.0.0,b8624ec3-41a5-5a2f-b851-5946f9e0ffc6,synthetic:1.0.0:QCASH:2024-06-14,QCASH,2024-06-14T21:00:00Z,2024-06-14T21:02:00Z,101.922000,101.964840,101.883346,101.926184,938032,USD,1d,correlation_breakdown,quantops_deterministic_synthetic_generator,True
1.0.0,30ff0417-883f-52fb-a0df-750f062657c3,synthetic:1.0.0:QTECH:2024-06-17,QTECH,2024-06-17T21:00:00Z,2024-06-17T21:02:00Z,107.472151,108.053099,103.888770,104.453399,4833414,USD,1d,correlation_breakdown,quantops_deterministic_synthetic_generator,True
1.0.0,4f6f2bbb-5bee-5657-bca6-3abe94dd20eb,synthetic:1.0.0:QGOLD:2024-06-17,QGOLD,2024-06-17T21:00:00Z,2024-06-17T21:02:00Z,177.710757,178.537090,174.601976,175.417645,2022283,USD,1d,correlation_breakdown,quantops_deterministic_synthetic_generator,True
1.0.0,83596096-7091-5726-b12d-5c4befeeaad9,synthetic:1.0.0:QWTI:2024-06-17,QWTI,2024-06-17T21:00:00Z,2024-06-17T21:02:00Z,45.010810,45.311551,43.405182,43.697145,2876666,USD,1d,correlation_breakdown,quantops_deterministic_synthetic_generator,True
1.0.0,ab1d770f-7ced-5c07-8f89-a443e58e0d27,synthetic:1.0.0:QCASH:2024-06-17,QCASH,2024-06-17T21:00:00Z,2024-06-17T21:02:00Z,101.926165,101.974247,101.884981,101.933060,763536,USD,1d,correlation_breakdown,quantops_deterministic_synthetic_generator,True
1.0.0,990765a3-1a67-5caf-ad11-08fce3b6d66d,synthetic:1.0.0:QTECH:2024-06-18,QTECH,2024-06-18T21:00:00Z,2024-06-18T21:02:00Z,103.730682,104.978506,103.210851,104.455045,1661755,USD,1d,correlation_breakdown,quantops_deterministic_synthetic_generator,True
1.0.0,57a3a0c6-46d4-5ace-9503-197be872b471,synthetic:1.0.0:QGOLD:2024-06-18,QGOLD,2024-06-18T21:00:00Z,2024-06-18T21:02:00Z,175.613590,177.032884,173.507803,174.921505,1055797,USD,1d,correlation_breakdown,quantops_deterministic_synthetic_generator,True
1.0.0,2458edc2-8767-5795-9bf1-986b4ce53633,synthetic:1.0.0:QWTI:2024-06-18,QWTI,2024-06-18T21:00:00Z,2024-06-18T21:02:00Z,43.810514,44.306051,42.873877,43.364367,1720440,USD,1d,correlation_breakdown,quantops_deterministic_synthetic_generator,True
1.0.0,01684989-abb7-53af-ad39-4258ba229c5c,synthetic:1.0.0:QCASH:2024-06-18,QCASH,2024-06-18T21:00:00Z,2024-06-18T21:02:00Z,101.932909,101.973502,101.894567,101.935159,538397,USD,1d,correlation_breakdown,quantops_deterministic_synthetic_generator,True
1.0.0,70315475-ee64-59c8-a738-819fd50317f5,synthetic:1.0.0:QTECH:2024-06-19,QTECH,2024-06-19T21:00:00Z,2024-06-19T21:02:00Z,104.544259,107.280467,103.699723,106.420772,4029852,USD,1d,correlation_breakdown,quantops_deterministic_synthetic_generator,True
1.0.0,75c5400a-7689-59e2-9990-acd7e9e1c0b7,synthetic:1.0.0:QGOLD:2024-06-19,QGOLD,2024-06-19T21:00:00Z,2024-06-19T21:02:00Z,175.182410,177.724457,174.510483,177.045384,1687092,USD,1d,correlation_breakdown,quantops_deterministic_synthetic_generator,True
1.0.0,b9d29a99-61ff-5b51-81ca-58571620453c,synthetic:1.0.0:QWTI:2024-06-19,QWTI,2024-06-19T21:00:00Z,2024-06-19T21:02:00Z,43.418039,44.601644,43.055627,44.232434,1894666,USD,1d,correlation_breakdown,quantops_deterministic_synthetic_generator,True
1.0.0,bdefb7d5-d42a-5195-b7fa-93dd88dfaea6,synthetic:1.0.0:QCASH:2024-06-19,QCASH,2024-06-19T21:00:00Z,2024-06-19T21:02:00Z,101.935453,101.984207,101.895470,101.944220,1042297,USD,1d,correlation_breakdown,quantops_deterministic_synthetic_generator,True
1.0.0,40b679bf-3e9f-5827-aa77-21351b164634,synthetic:1.0.0:QTECH:2024-06-20,QTECH,2024-06-20T21:00:00Z,2024-06-20T21:02:00Z,106.204241,107.170747,105.084909,106.050012,2065143,USD,1d,correlation_breakdown,quantops_deterministic_synthetic_generator,True
1.0.0,bbaac039-cbd5-56d1-b897-314a0a6a122f,synthetic:1.0.0:QGOLD:2024-06-20,QGOLD,2024-06-20T21:00:00Z,2024-06-20T21:02:00Z,177.190127,179.370681,176.485421,178.660129,1608301,USD,1d,correlation_breakdown,quantops_deterministic_synthetic_generator,True
1.0.0,edb63717-099a-5258-84f4-5b20f119e4b4,synthetic:1.0.0:QWTI:2024-06-20,QWTI,2024-06-20T21:00:00Z,2024-06-20T21:02:00Z,43.915206,45.700513,43.565729,45.339699,2332563,USD,1d,correlation_breakdown,quantops_deterministic_synthetic_generator,True
1.0.0,79edb114-8673-5716-b3b5-ec3e0aeb8ea5,synthetic:1.0.0:QCASH:2024-06-20,QCASH,2024-06-20T21:00:00Z,2024-06-20T21:02:00Z,101.943467,101.988495,101.904104,101.949130,741117,USD,1d,correlation_breakdown,quantops_deterministic_synthetic_generator,True
1.0.0,aef8789d-a162-5df9-9409-5972e8066e33,synthetic:1.0.0:QTECH:2024-06-21,QTECH,2024-06-21T21:00:00Z,2024-06-21T21:02:00Z,106.329414,107.558753,105.786770,107.012622,2846337,USD,1d,correlation_breakdown,quantops_deterministic_synthetic_generator,True
1.0.0,f76eb52b-3a6c-5dfe-94f0-ee3a8502ad38,synthetic:1.0.0:QGOLD:2024-06-21,QGOLD,2024-06-21T21:00:00Z,2024-06-21T21:02:00Z,178.948746,179.837283,178.347007,179.234584,1076159,USD,1d,correlation_breakdown,quantops_deterministic_synthetic_generator,True
1.0.0,428f17c1-cd79-5cfc-99c8-99d8ecfec0eb,synthetic:1.0.0:QWTI:2024-06-21,QWTI,2024-06-21T21:00:00Z,2024-06-21T21:02:00Z,45.306898,46.475024,44.623047,45.783972,1820548,USD,1d,correlation_breakdown,quantops_deterministic_synthetic_generator,True
1.0.0,47205247-4e91-526f-9968-5059843d9213,synthetic:1.0.0:QCASH:2024-06-21,QCASH,2024-06-21T21:00:00Z,2024-06-21T21:02:00Z,101.948731,101.994354,101.910898,101.956517,826889,USD,1d,correlation_breakdown,quantops_deterministic_synthetic_generator,True
1.0.0,1155d0d3-edb7-50a9-8f7d-7028214af75a,synthetic:1.0.0:QTECH:2024-06-24,QTECH,2024-06-24T21:00:00Z,2024-06-24T21:02:00Z,106.498146,107.065686,102.165122,102.712488,4938740,USD,1d,correlation_breakdown,quantops_deterministic_synthetic_generator,True
1.0.0,6b11bfa6-d213-546b-8840-4c39fd9a857b,synthetic:1.0.0:QGOLD:2024-06-24,QGOLD,2024-06-24T21:00:00Z,2024-06-24T21:02:00Z,178.752441,179.498234,176.744774,177.485280,1665715,USD,1d,correlation_breakdown,quantops_deterministic_synthetic_generator,True
1.0.0,91c0068d-bcee-5c61-a619-66979b47305b,synthetic:1.0.0:QWTI:2024-06-24,QWTI,2024-06-24T21:00:00Z,2024-06-24T21:02:00Z,45.948549,46.399131,43.580844,44.012440,2989966,USD,1d,correlation_breakdown,quantops_deterministic_synthetic_generator,True
1.0.0,d15fd447-8f04-55bc-932f-13dc796a4733,synthetic:1.0.0:QCASH:2024-06-24,QCASH,2024-06-24T21:00:00Z,2024-06-24T21:02:00Z,101.957096,101.999153,101.917688,101.959745,594742,USD,1d,correlation_breakdown,quantops_deterministic_synthetic_generator,True
1.0.0,6d6dc4f1-772a-5911-a41a-6f02a45e76bb,synthetic:1.0.0:QTECH:2024-06-25,QTECH,2024-06-25T21:00:00Z,2024-06-25T21:02:00Z,103.002668,106.225916,101.952446,105.153761,3845723,USD,1d,correlation_breakdown,quantops_deterministic_synthetic_generator,True
1.0.0,70e651f6-d97e-52c9-a044-a2604ef0ab2b,synthetic:1.0.0:QGOLD:2024-06-25,QGOLD,2024-06-25T21:00:00Z,2024-06-25T21:02:00Z,177.451687,181.275341,176.440490,180.248207,1979350,USD,1d,correlation_breakdown,quantops_deterministic_synthetic_generator,True
1.0.0,0567e150-607a-5acd-a0ce-ee93f14efb50,synthetic:1.0.0:QWTI:2024-06-25,QWTI,2024-06-25T21:00:00Z,2024-06-25T21:02:00Z,43.954259,46.184789,43.567494,45.781942,3512891,USD,1d,correlation_breakdown,quantops_deterministic_synthetic_generator,True
1.0.0,4e2a3039-f3cd-5f73-b7db-3f9467d0e848,synthetic:1.0.0:QCASH:2024-06-25,QCASH,2024-06-25T21:00:00Z,2024-06-25T21:02:00Z,101.958243,102.006490,101.918941,101.967185,646390,USD,1d,correlation_breakdown,quantops_deterministic_synthetic_generator,True
1.0.0,4d88a2e8-4fb4-5fb3-8c39-914f67228a86,synthetic:1.0.0:QTECH:2024-06-26,QTECH,2024-06-26T21:00:00Z,2024-06-26T21:02:00Z,105.056290,106.124714,101.811102,102.857162,3424992,USD,1d,correlation_breakdown,quantops_deterministic_synthetic_generator,True
1.0.0,bdbc393d-4db3-5926-8563-95ec58f99380,synthetic:1.0.0:QGOLD:2024-06-26,QGOLD,2024-06-26T21:00:00Z,2024-06-26T21:02:00Z,179.919214,180.777561,177.411792,178.262234,1591832,USD,1d,correlation_breakdown,quantops_deterministic_synthetic_generator,True
1.0.0,350bb125-8dda-55f9-a4da-03b34062866b,synthetic:1.0.0:QWTI:2024-06-26,QWTI,2024-06-26T21:00:00Z,2024-06-26T21:02:00Z,45.439395,45.978306,44.322914,44.854893,2304987,USD,1d,correlation_breakdown,quantops_deterministic_synthetic_generator,True
1.0.0,4bfbd5f2-9f40-5256-b391-1a502da261c3,synthetic:1.0.0:QCASH:2024-06-26,QCASH,2024-06-26T21:00:00Z,2024-06-26T21:02:00Z,101.963535,102.009781,101.925757,101.972000,697654,USD,1d,correlation_breakdown,quantops_deterministic_synthetic_generator,True
1.0.0,b9a25804-873a-5e97-bcdc-5528fc2bcb26,synthetic:1.0.0:QTECH:2024-06-27,QTECH,2024-06-27T21:00:00Z,2024-06-27T21:02:00Z,102.818027,104.698639,102.045682,103.918030,2891897,USD,1d,correlation_breakdown,quantops_deterministic_synthetic_generator,True
1.0.0,c9ee1238-d7a7-5e5b-b8f7-1009b304c93e,synthetic:1.0.0:QGOLD:2024-06-27,QGOLD,2024-06-27T21:00:00Z,2024-06-27T21:02:00Z,178.503464,179.116982,176.682794,177.292149,1220872,USD,1d,correlation_breakdown,quantops_deterministic_synthetic_generator,True
1.0.0,519b1cba-679d-582d-9934-af6445d7b41d,synthetic:1.0.0:QWTI:2024-06-27,QWTI,2024-06-27T21:00:00Z,2024-06-27T21:02:00Z,44.976344,46.443595,44.662774,46.122038,2585071,USD,1d,correlation_breakdown,quantops_deterministic_synthetic_generator,True
1.0.0,72ad716a-2577-54d3-8e94-00127b8b4261,synthetic:1.0.0:QCASH:2024-06-27,QCASH,2024-06-27T21:00:00Z,2024-06-27T21:02:00Z,101.972036,102.015722,101.932046,101.975730,778456,USD,1d,correlation_breakdown,quantops_deterministic_synthetic_generator,True
1.0.0,8fbe180b-1d59-509a-a2c9-ed60916811bb,synthetic:1.0.0:QTECH:2024-06-28,QTECH,2024-06-28T21:00:00Z,2024-06-28T21:02:00Z,103.722537,104.216495,99.500056,99.976172,5150700,USD,1d,correlation_breakdown,quantops_deterministic_synthetic_generator,True
1.0.0,134b2c5f-bfe2-5c14-8ab3-5ebe156ff80a,synthetic:1.0.0:QGOLD:2024-06-28,QGOLD,2024-06-28T21:00:00Z,2024-06-28T21:02:00Z,177.487698,178.381108,173.842210,174.721696,1708642,USD,1d,correlation_breakdown,quantops_deterministic_synthetic_generator,True
1.0.0,9ab3d23f-c6bd-5e0e-99de-47eba8a56975,synthetic:1.0.0:QWTI:2024-06-28,QWTI,2024-06-28T21:00:00Z,2024-06-28T21:02:00Z,45.781856,46.300845,44.308427,44.816473,2751863,USD,1d,correlation_breakdown,quantops_deterministic_synthetic_generator,True
1.0.0,8efbab3c-2f34-50c2-a887-2560aaaa9401,synthetic:1.0.0:QCASH:2024-06-28,QCASH,2024-06-28T21:00:00Z,2024-06-28T21:02:00Z,101.975384,102.020801,101.934811,101.980226,673108,USD,1d,correlation_breakdown,quantops_deterministic_synthetic_generator,True
1.0.0,13261fb1-4ddc-5058-9b19-12066273e85d,synthetic:1.0.0:QTECH:2024-07-01,QTECH,2024-07-01T21:00:00Z,2024-07-01T21:02:00Z,99.878711,100.427858,98.168817,98.711546,3474247,USD,1d,partial_recovery,quantops_deterministic_synthetic_generator,True
1.0.0,6869f3af-985f-5d4b-b30c-6ee480098f0b,synthetic:1.0.0:QGOLD:2024-07-01,QGOLD,2024-07-01T21:00:00Z,2024-07-01T21:02:00Z,174.994568,178.900315,174.363125,178.257099,2608096,USD,1d,partial_recovery,quantops_deterministic_synthetic_generator,True
1.0.0,5f902306-3ddc-5d9b-a1bd-343d6f603070,synthetic:1.0.0:QWTI:2024-07-01,QWTI,2024-07-01T21:00:00Z,2024-07-01T21:02:00Z,44.954010,45.528348,43.824611,44.391766,2040556,USD,1d,partial_recovery,quantops_deterministic_synthetic_generator,True
1.0.0,fc22fc53-fb91-561f-91ab-c95117b4f776,synthetic:1.0.0:QCASH:2024-07-01,QCASH,2024-07-01T21:00:00Z,2024-07-01T21:02:00Z,101.979122,102.024627,101.939013,101.984516,793511,USD,1d,partial_recovery,quantops_deterministic_synthetic_generator,True
1.0.0,cb96b0df-2ece-53cd-a833-798901660dde,synthetic:1.0.0:QTECH:2024-07-02,QTECH,2024-07-02T21:00:00Z,2024-07-02T21:02:00Z,98.687565,99.014383,98.091347,98.417269,2325817,USD,1d,partial_recovery,quantops_deterministic_synthetic_generator,True
1.0.0,0197e2dc-fa3e-5dfb-8c39-bb32ddae802e,synthetic:1.0.0:QGOLD:2024-07-02,QGOLD,2024-07-02T21:00:00Z,2024-07-02T21:02:00Z,178.119497,178.528675,177.193377,177.601364,1276774,USD,1d,partial_recovery,quantops_deterministic_synthetic_generator,True
1.0.0,549ef610-1a70-5182-b3c8-76230badc58c,synthetic:1.0.0:QWTI:2024-07-02,QWTI,2024-07-02T21:00:00Z,2024-07-02T21:02:00Z,44.240542,44.438711,43.425848,43.621243,2471576,USD,1d,partial_recovery,quantops_deterministic_synthetic_generator,True
1.0.0,afeaa48d-3712-5f11-8aac-882790780877,synthetic:1.0.0:QCASH:2024-07-02,QCASH,2024-07-02T21:00:00Z,2024-07-02T21:02:00Z,101.984112,102.026953,101.946285,101.989124,813763,USD,1d,partial_recovery,quantops_deterministic_synthetic_generator,True
1.0.0,9df92f5b-114d-5440-99ae-a97fe7981b2b,synthetic:1.0.0:QTECH:2024-07-03,QTECH,2024-07-03T21:00:00Z,2024-07-03T21:02:00Z,98.256434,98.571443,97.770006,98.084463,2408114,USD,1d,partial_recovery,quantops_deterministic_synthetic_generator,True
1.0.0,d4106236-19c9-5736-8037-f24b797ef3ef,synthetic:1.0.0:QGOLD:2024-07-03,QGOLD,2024-07-03T21:00:00Z,2024-07-03T21:02:00Z,177.539037,178.257623,175.262153,175.974406,1973219,USD,1d,partial_recovery,quantops_deterministic_synthetic_generator,True
1.0.0,30032638-ce2f-5942-a711-d0131f465682,synthetic:1.0.0:QWTI:2024-07-03,QWTI,2024-07-03T21:00:00Z,2024-07-03T21:02:00Z,43.537144,44.196533,43.349489,44.006853,1729777,USD,1d,partial_recovery,quantops_deterministic_synthetic_generator,True
1.0.0,1174e1c1-c550-57ea-9341-f9257964a864,synthetic:1.0.0:QCASH:2024-07-03,QCASH,2024-07-03T21:00:00Z,2024-07-03T21:02:00Z,101.990091,102.033182,101.952291,101.995380,812570,USD,1d,partial_recovery,quantops_deterministic_synthetic_generator,True
1.0.0,fd7c22e8-b8a1-5289-9b1e-f9537e4f2ce5,synthetic:1.0.0:QTECH:2024-07-04,QTECH,2024-07-04T21:00:00Z,2024-07-04T21:02:00Z,97.989510,101.412974,97.551794,100.961979,5241097,USD,1d,partial_recovery,quantops_deterministic_synthetic_generator,True
1.0.0,de847771-9832-524b-b07a-18aebddcb971,synthetic:1.0.0:QGOLD:2024-07-04,QGOLD,2024-07-04T21:00:00Z,2024-07-04T21:02:00Z,176.047063,177.352242,175.296550,176.599374,1298698,USD,1d,partial_recovery,quantops_deterministic_synthetic_generator,True
1.0.0,188f962a-cc0f-55fa-8e32-49596f3bf128,synthetic:1.0.0:QWTI:2024-07-04,QWTI,2024-07-04T21:00:00Z,2024-07-04T21:02:00Z,44.083573,45.049971,43.613305,44.574466,2330565,USD,1d,partial_recovery,quantops_deterministic_synthetic_generator,True
1.0.0,64b9fe1f-241c-54d6-8767-a20ffecdbeb9,synthetic:1.0.0:QCASH:2024-07-04,QCASH,2024-07-04T21:00:00Z,2024-07-04T21:02:00Z,101.994532,102.039579,101.956299,102.001343,921016,USD,1d,partial_recovery,quantops_deterministic_synthetic_generator,True
1.0.0,c2fed1eb-5606-5320-bd5c-53b112e31dd5,synthetic:1.0.0:QTECH:2024-07-05,QTECH,2024-07-05T21:00:00Z,2024-07-05T21:02:00Z,101.040047,101.437306,99.046502,99.437460,3101804,USD,1d,partial_recovery,quantops_deterministic_synthetic_generator,True
1.0.0,b51ffe16-3c20-51b8-9512-ba3ba9e6c4c3,synthetic:1.0.0:QGOLD:2024-07-05,QGOLD,2024-07-05T21:00:00Z,2024-07-05T21:02:00Z,176.804861,177.782288,173.758923,174.724851,1991878,USD,1d,partial_recovery,quantops_deterministic_synthetic_generator,True
1.0.0,56c6c707-b683-5813-8f14-058db1987c26,synthetic:1.0.0:QWTI:2024-07-05,QWTI,2024-07-05T21:00:00Z,2024-07-05T21:02:00Z,44.651823,44.961164,43.817644,44.123324,1899000,USD,1d,partial_recovery,quantops_deterministic_synthetic_generator,True
1.0.0,ece845bc-ea4b-50e5-a1c0-28bd59e17228,synthetic:1.0.0:QCASH:2024-07-05,QCASH,2024-07-05T21:00:00Z,2024-07-05T21:02:00Z,102.002178,102.043554,101.963888,102.005263,680571,USD,1d,partial_recovery,quantops_deterministic_synthetic_generator,True
1.0.0,e9885028-b3e4-562e-bc28-145b2bf333cc,synthetic:1.0.0:QTECH:2024-07-08,QTECH,2024-07-08T21:00:00Z,2024-07-08T21:02:00Z,99.467503,99.893188,98.856403,99.281291,1975885,USD,1d,partial_recovery,quantops_deterministic_synthetic_generator,True
1.0.0,d5789c95-7c61-5e1a-bf10-16bb9cfb9cae,synthetic:1.0.0:QGOLD:2024-07-08,QGOLD,2024-07-08T21:00:00Z,2024-07-08T21:02:00Z,174.875409,176.475706,174.187530,175.784252,1741545,USD,1d,partial_recovery,quantops_deterministic_synthetic_generator,True
1.0.0,62eb93ed-44e4-596f-9e76-5b709c13e54a,synthetic:1.0.0:QWTI:2024-07-08,QWTI,2024-07-08T21:00:00Z,2024-07-08T21:02:00Z,44.158221,44.715627,43.503495,44.059656,1367460,USD,1d,partial_recovery,quantops_deterministic_synthetic_generator,True
1.0.0,5c39214f-25c3-5fba-9775-44689dc99fd7,synthetic:1.0.0:QCASH:2024-07-08,QCASH,2024-07-08T21:00:00Z,2024-07-08T21:02:00Z,102.005506,102.052165,101.965439,102.012096,951848,USD,1d,partial_recovery,quantops_deterministic_synthetic_generator,True
1.0.0,f38505ee-4fc1-5296-b23e-68ed0f549a4b,synthetic:1.0.0:QTECH:2024-07-09,QTECH,2024-07-09T21:00:00Z,2024-07-09T21:02:00Z,99.224726,99.835258,97.939729,98.546085,2788469,USD,1d,partial_recovery,quantops_deterministic_synthetic_generator,True
1.0.0,91076006-b989-531a-a884-8f1b4d81874b,synthetic:1.0.0:QGOLD:2024-07-09,QGOLD,2024-07-09T21:00:00Z,2024-07-09T21:02:00Z,175.954721,176.358857,173.201117,173.599844,2252171,USD,1d,partial_recovery,quantops_deterministic_synthetic_generator,True
1.0.0,8f657645-3a8b-55b8-8541-c23fb243a110,synthetic:1.0.0:QWTI:2024-07-09,QWTI,2024-07-09T21:00:00Z,2024-07-09T21:02:00Z,43.961213,44.349965,42.690301,43.071182,2929166,USD,1d,partial_recovery,quantops_deterministic_synthetic_generator,True
1.0.0,73c09744-a257-574a-b502-1fdfda6ac022,synthetic:1.0.0:QCASH:2024-07-09,QCASH,2024-07-09T21:00:00Z,2024-07-09T21:02:00Z,102.013742,102.053243,101.975119,102.014620,694452,USD,1d,partial_recovery,quantops_deterministic_synthetic_generator,True
1.0.0,7967a3bb-e142-565b-b7e7-c11ea7e4ebc8,synthetic:1.0.0:QTECH:2024-07-10,QTECH,2024-07-10T21:00:00Z,2024-07-10T21:02:00Z,98.593993,100.037036,97.870572,99.308373,3096170,USD,1d,partial_recovery,quantops_deterministic_synthetic_generator,True
1.0.0,c1f45591-69d3-52db-87c2-d714ea5c6faa,synthetic:1.0.0:QGOLD:2024-07-10,QGOLD,2024-07-10T21:00:00Z,2024-07-10T21:02:00Z,173.777867,174.426738,172.304768,172.950549,1483667,USD,1d,partial_recovery,quantops_deterministic_synthetic_generator,True
1.0.0,d3d12b5b-6308-5a19-8749-299eab1d5b00,synthetic:1.0.0:QWTI:2024-07-10,QWTI,2024-07-10T21:00:00Z,2024-07-10T21:02:00Z,43.057026,43.461683,42.552127,42.955832,1326589,USD,1d,partial_recovery,quantops_deterministic_synthetic_generator,True
1.0.0,9671555e-b7ed-51ba-b2ad-ee53446efcb3,synthetic:1.0.0:QCASH:2024-07-10,QCASH,2024-07-10T21:00:00Z,2024-07-10T21:02:00Z,102.016794,102.058511,101.978473,102.020188,771645,USD,1d,partial_recovery,quantops_deterministic_synthetic_generator,True
1.0.0,46e9a475-4325-537d-a1c6-d31c1b064dfb,synthetic:1.0.0:QTECH:2024-07-11,QTECH,2024-07-11T21:00:00Z,2024-07-11T21:02:00Z,99.402729,101.841412,98.843544,101.271713,3729007,USD,1d,partial_recovery,quantops_deterministic_synthetic_generator,True
1.0.0,20be0a42-9075-50c4-9ff4-f40f08955c11,synthetic:1.0.0:QGOLD:2024-07-11,QGOLD,2024-07-11T21:00:00Z,2024-07-11T21:02:00Z,172.611931,173.356280,171.209687,171.951187,1355505,USD,1d,partial_recovery,quantops_deterministic_synthetic_generator,True
1.0.0,3d3c2c37-a435-5782-8cf7-f64847956ac2,synthetic:1.0.0:QWTI:2024-07-11,QWTI,2024-07-11T21:00:00Z,2024-07-11T21:02:00Z,43.086207,45.118481,42.670780,44.687613,3587956,USD,1d,partial_recovery,quantops_deterministic_synthetic_generator,True
1.0.0,b111bc87-3ed9-5538-8d69-49a07adbf502,synthetic:1.0.0:QCASH:2024-07-11,QCASH,2024-07-11T21:00:00Z,2024-07-11T21:02:00Z,102.020514,102.064741,101.982081,102.026306,807550,USD,1d,partial_recovery,quantops_deterministic_synthetic_generator,True
1.0.0,752f4a19-7302-5b4c-b350-fabf95a2480e,synthetic:1.0.0:QTECH:2024-07-12,QTECH,2024-07-12T21:00:00Z,2024-07-12T21:02:00Z,101.496967,102.135353,101.150006,101.787400,2237089,USD,1d,partial_recovery,quantops_deterministic_synthetic_generator,True
1.0.0,54e73f17-5404-584e-8f16-036a0a3d4517,synthetic:1.0.0:QGOLD:2024-07-12,QGOLD,2024-07-12T21:00:00Z,2024-07-12T21:02:00Z,171.897880,172.532234,168.461212,169.085185,2722751,USD,1d,partial_recovery,quantops_deterministic_synthetic_generator,True
1.0.0,24959e8d-3e4f-5594-9794-1a1ae40ee3a3,synthetic:1.0.0:QWTI:2024-07-12,QWTI,2024-07-12T21:00:00Z,2024-07-12T21:02:00Z,44.674885,45.092184,43.743904,44.156359,2263292,USD,1d,partial_recovery,quantops_deterministic_synthetic_generator,True
1.0.0,09943406-3223-51ca-8434-17be49ec2f59,synthetic:1.0.0:QCASH:2024-07-12,QCASH,2024-07-12T21:00:00Z,2024-07-12T21:02:00Z,102.026415,102.072184,101.987253,102.033019,890382,USD,1d,partial_recovery,quantops_deterministic_synthetic_generator,True
1.0.0,892a2595-3267-5c10-9d25-8ee8ad9deb1d,synthetic:1.0.0:QTECH:2024-07-15,QTECH,2024-07-15T21:00:00Z,2024-07-15T21:02:00Z,101.913508,102.536389,100.377322,100.994587,2649732,USD,1d,partial_recovery,quantops_deterministic_synthetic_generator,True
1.0.0,a5013fca-8380-5a5d-bb21-1b85f54fbdd5,synthetic:1.0.0:QGOLD:2024-07-15,QGOLD,2024-07-15T21:00:00Z,2024-07-15T21:02:00Z,169.034420,169.507435,168.576314,169.049288,937161,USD,1d,partial_recovery,quantops_deterministic_synthetic_generator,True
1.0.0,a68332ae-3511-5e53-aee9-09a260f23f3c,synthetic:1.0.0:QWTI:2024-07-15,QWTI,2024-07-15T21:00:00Z,2024-07-15T21:02:00Z,44.308342,44.620642,43.194273,43.500881,2467011,USD,1d,partial_recovery,quantops_deterministic_synthetic_generator,True
1.0.0,3eb4c5e0-4624-5bd7-bad5-ecaf88669579,synthetic:1.0.0:QCASH:2024-07-15,QCASH,2024-07-15T21:00:00Z,2024-07-15T21:02:00Z,102.033528,102.075518,101.994091,102.036081,594679,USD,1d,partial_recovery,quantops_deterministic_synthetic_generator,True
1.0.0,b5e560c5-1c46-5410-a1e3-41bdecf67b54,synthetic:1.0.0:QTECH:2024-07-16,QTECH,2024-07-16T21:00:00Z,2024-07-16T21:02:00Z,101.130424,101.850823,98.461847,99.168269,4382858,USD,1d,partial_recovery,quantops_deterministic_synthetic_generator,True
1.0.0,7eee1a48-1e85-5a6d-a7f9-152d43acec20,synthetic:1.0.0:QGOLD:2024-07-16,QGOLD,2024-07-16T21:00:00Z,2024-07-16T21:02:00Z,168.842745,170.152884,168.389359,169.697205,1317782,USD,1d,partial_recovery,quantops_deterministic_synthetic_generator,True
1.0.0,20c31a45-d6d8-5bb2-8b30-b05b6dc8893d,synthetic:1.0.0:QWTI:2024-07-16,QWTI,2024-07-16T21:00:00Z,2024-07-16T21:02:00Z,43.659828,44.055930,42.458665,42.847396,2189800,USD,1d,partial_recovery,quantops_deterministic_synthetic_generator,True
1.0.0,c311bdf4-3d11-587f-a7df-6562d1c82bd4,synthetic:1.0.0:QCASH:2024-07-16,QCASH,2024-07-16T21:00:00Z,2024-07-16T21:02:00Z,102.037103,102.080477,101.999232,102.042604,860174,USD,1d,partial_recovery,quantops_deterministic_synthetic_generator,True
1.0.0,bb02af13-f043-5a51-b309-a35abbad7617,synthetic:1.0.0:QTECH:2024-07-17,QTECH,2024-07-17T21:00:00Z,2024-07-17T21:02:00Z,98.984623,99.763703,98.573334,99.350892,2106737,USD,1d,partial_recovery,quantops_deterministic_synthetic_generator,True
1.0.0,fe625ab2-78ca-5421-978e-1907b7614649,synthetic:1.0.0:QGOLD:2024-07-17,QGOLD,2024-07-17T21:00:00Z,2024-07-17T21:02:00Z,169.863307,170.643515,166.213199,166.980164,2511638,USD,1d,partial_recovery,quantops_deterministic_synthetic_generator,True
1.0.0,b3898b24-5a29-560c-9f3e-4a631e6680a8,synthetic:1.0.0:QWTI:2024-07-17,QWTI,2024-07-17T21:00:00Z,2024-07-17T21:02:00Z,42.694503,43.109761,42.416594,42.830964,1232053,USD,1d,partial_recovery,quantops_deterministic_synthetic_generator,True
1.0.0,2cd3c248-5ff6-5271-bce9-faace0facade,synthetic:1.0.0:QCASH:2024-07-17,QCASH,2024-07-17T21:00:00Z,2024-07-17T21:02:00Z,102.042740,102.085884,102.004089,102.047231,746836,USD,1d,partial_recovery,quantops_deterministic_synthetic_generator,True
1.0.0,8f2ca98c-1cf8-5f7b-aac9-a068e8f320b5,synthetic:1.0.0:QTECH:2024-07-18,QTECH,2024-07-18T21:00:00Z,2024-07-18T21:02:00Z,99.594488,101.026746,99.048637,100.476063,3161663,USD,1d,partial_recovery,quantops_deterministic_synthetic_generator,True
1.0.0,b7d16a79-836e-57e8-8fa2-995f9caa93f6,synthetic:1.0.0:QGOLD:2024-07-18,QGOLD,2024-07-18T21:00:00Z,2024-07-18T21:02:00Z,166.720899,167.409620,164.796614,165.480211,1691361,USD,1d,partial_recovery,quantops_deterministic_synthetic_generator,True
1.0.0,e0719935-222a-5db4-8e95-35f66bb1769b,synthetic:1.0.0:QWTI:2024-07-18,QWTI,2024-07-18T21:00:00Z,2024-07-18T21:02:00Z,42.879766,44.587337,42.685718,44.386470,3839510,USD,1d,partial_recovery,quantops_deterministic_synthetic_generator,True
1.0.0,cffe1429-2111-58ce-a38f-245bcc4bdceb,synthetic:1.0.0:QCASH:2024-07-18,QCASH,2024-07-18T21:00:00Z,2024-07-18T21:02:00Z,102.046619,102.089013,102.008679,102.051072,672804,USD,1d,partial_recovery,quantops_deterministic_synthetic_generator,True
1.0.0,9890b8db-e927-5413-a3df-0277ea14ae05,synthetic:1.0.0:QTECH:2024-07-19,QTECH,2024-07-19T21:00:00Z,2024-07-19T21:02:00Z,100.516878,101.074923,98.663496,99.214310,3414135,USD,1d,partial_recovery,quantops_deterministic_synthetic_generator,True
1.0.0,512fa2a8-7189-5a9e-951a-2c5a15c91aee,synthetic:1.0.0:QGOLD:2024-07-19,QGOLD,2024-07-19T21:00:00Z,2024-07-19T21:02:00Z,165.412236,165.887432,164.698864,165.173374,920185,USD,1d,partial_recovery,quantops_deterministic_synthetic_generator,True
1.0.0,08b99ff4-f350-5864-8a28-61eea577605b,synthetic:1.0.0:QWTI:2024-07-19,QWTI,2024-07-19T21:00:00Z,2024-07-19T21:02:00Z,44.268884,44.478485,42.684646,42.887707,4055311,USD,1d,partial_recovery,quantops_deterministic_synthetic_generator,True
1.0.0,2700c795-4aba-5e5a-92f5-41bd82edd2f0,synthetic:1.0.0:QCASH:2024-07-19,QCASH,2024-07-19T21:00:00Z,2024-07-19T21:02:00Z,102.051084,102.097181,102.012237,102.058332,817776,USD,1d,partial_recovery,quantops_deterministic_synthetic_generator,True
1.0.0,fe8bba2e-991b-5bdd-b339-3c50845eb4a5,synthetic:1.0.0:QTECH:2024-07-22,QTECH,2024-07-22T21:00:00Z,2024-07-22T21:02:00Z,99.313463,99.765953,96.635716,97.078021,4673363,USD,1d,partial_recovery,quantops_deterministic_synthetic_generator,True
1.0.0,fd091557-66d7-54e1-80bc-1f3dd6b4cc5d,synthetic:1.0.0:QGOLD:2024-07-22,QGOLD,2024-07-22T21:00:00Z,2024-07-22T21:02:00Z,165.315582,168.641933,164.684424,168.000524,2645966,USD,1d,partial_recovery,quantops_deterministic_synthetic_generator,True
1.0.0,50e0d833-2996-508d-bfcd-4674a1d9aaa6,synthetic:1.0.0:QWTI:2024-07-22,QWTI,2024-07-22T21:00:00Z,2024-07-22T21:02:00Z,43.043340,43.398532,41.737394,42.084675,2516860,USD,1d,partial_recovery,quantops_deterministic_synthetic_generator,True
1.0.0,528f7ffc-6cee-5a26-978e-9a56138ef2d2,synthetic:1.0.0:QCASH:2024-07-22,QCASH,2024-07-22T21:00:00Z,2024-07-22T21:02:00Z,102.056655,102.101459,102.015343,102.060145,560483,USD,1d,partial_recovery,quantops_deterministic_synthetic_generator,True
1.0.0,f3a1f2b8-975c-5218-ac97-928757366dba,synthetic:1.0.0:QTECH:2024-07-23,QTECH,2024-07-23T21:00:00Z,2024-07-23T21:02:00Z,97.256738,97.589048,96.341470,96.671781,2482701,USD,1d,partial_recovery,quantops_deterministic_synthetic_generator,True
1.0.0,74dd0d42-e5a9-58e5-8d1e-303854d3b925,synthetic:1.0.0:QGOLD:2024-07-23,QGOLD,2024-07-23T21:00:00Z,2024-07-23T21:02:00Z,167.957612,168.523707,164.071682,164.626550,3617830,USD,1d,partial_recovery,quantops_deterministic_synthetic_generator,True
1.0.0,b320ca63-95f1-515e-8e5f-945e218a3a6f,synthetic:1.0.0:QWTI:2024-07-23,QWTI,2024-07-23T21:00:00Z,2024-07-23T21:02:00Z,41.976048,43.404109,41.714077,43.134906,2560373,USD,1d,partial_recovery,quantops_deterministic_synthetic_generator,True
1.0.0,993d0d00-ffca-5e6d-9483-509a571c967d,synthetic:1.0.0:QCASH:2024-07-23,QCASH,2024-07-23T21:00:00Z,2024-07-23T21:02:00Z,102.061326,102.100000,102.023553,102.062227,558830,USD,1d,partial_recovery,quantops_deterministic_synthetic_generator,True
1.0.0,5d3687be-87d1-56c0-ba8e-c6de255012cc,synthetic:1.0.0:QTECH:2024-07-24,QTECH,2024-07-24T21:00:00Z,2024-07-24T21:02:00Z,96.757755,97.187675,95.768618,96.196042,2348430,USD,1d,partial_recovery,quantops_deterministic_synthetic_generator,True
1.0.0,37c016da-f1d0-5891-9469-ff2d1e1e7985,synthetic:1.0.0:QGOLD:2024-07-24,QGOLD,2024-07-24T21:00:00Z,2024-07-24T21:02:00Z,164.457346,164.892391,162.808199,163.240024,1832896,USD,1d,partial_recovery,quantops_deterministic_synthetic_generator,True
1.0.0,716460cc-944f-5fe7-bb36-ebe68f107324,synthetic:1.0.0:QWTI:2024-07-24,QWTI,2024-07-24T21:00:00Z,2024-07-24T21:02:00Z,43.201645,43.449491,42.184462,42.427868,2309766,USD,1d,partial_recovery,quantops_deterministic_synthetic_generator,True
1.0.0,134a6373-3b0c-51e4-8540-f9c5fd6c4982,synthetic:1.0.0:QCASH:2024-07-24,QCASH,2024-07-24T21:00:00Z,2024-07-24T21:02:00Z,102.061211,102.108852,102.023273,102.070911,886974,USD,1d,partial_recovery,quantops_deterministic_synthetic_generator,True
1.0.0,8e7e62fb-e1f7-5444-b33f-7533fb6cf1d2,synthetic:1.0.0:QTECH:2024-07-25,QTECH,2024-07-25T21:00:00Z,2024-07-25T21:02:00Z,96.072662,96.383821,95.127781,95.436881,3390643,USD,1d,partial_recovery,quantops_deterministic_synthetic_generator,True
1.0.0,5266e43f-e7e5-5c52-a800-8e1eb13b568e,synthetic:1.0.0:QGOLD:2024-07-25,QGOLD,2024-07-25T21:00:00Z,2024-07-25T21:02:00Z,163.035732,163.752009,161.363328,162.075385,1581686,USD,1d,partial_recovery,quantops_deterministic_synthetic_generator,True
1.0.0,06213916-0f31-51c2-97dd-474861123e08,synthetic:1.0.0:QWTI:2024-07-25,QWTI,2024-07-25T21:00:00Z,2024-07-25T21:02:00Z,42.517986,42.769351,42.059923,42.310058,1599787,USD,1d,partial_recovery,quantops_deterministic_synthetic_generator,True
1.0.0,71025407-e041-52c0-8b36-dcb6043361b5,synthetic:1.0.0:QCASH:2024-07-25,QCASH,2024-07-25T21:00:00Z,2024-07-25T21:02:00Z,102.069859,102.114803,102.030533,102.075474,754580,USD,1d,partial_recovery,quantops_deterministic_synthetic_generator,True
1.0.0,78b708f7-554c-5c4c-b814-9120186d3bb6,synthetic:1.0.0:QTECH:2024-07-26,QTECH,2024-07-26T21:00:00Z,2024-07-26T21:02:00Z,95.559478,96.054730,94.004282,94.494013,2887935,USD,1d,partial_recovery,quantops_deterministic_synthetic_generator,True
1.0.0,ba8008a9-421b-5ef2-bd42-9829031ddbec,synthetic:1.0.0:QGOLD:2024-07-26,QGOLD,2024-07-26T21:00:00Z,2024-07-26T21:02:00Z,162.114365,162.657285,159.854612,160.391762,1607418,USD,1d,partial_recovery,quantops_deterministic_synthetic_generator,True
1.0.0,daa31c47-2c27-5594-9438-c89bbca07c82,synthetic:1.0.0:QWTI:2024-07-26,QWTI,2024-07-26T21:00:00Z,2024-07-26T21:02:00Z,42.344474,42.550998,41.815554,42.020498,1773657,USD,1d,partial_recovery,quantops_deterministic_synthetic_generator,True
1.0.0,4076d439-ba02-506a-84c0-844f02d7d732,synthetic:1.0.0:QCASH:2024-07-26,QCASH,2024-07-26T21:00:00Z,2024-07-26T21:02:00Z,102.074761,102.118653,102.035131,102.079021,714645,USD,1d,partial_recovery,quantops_deterministic_synthetic_generator,True
1.0.0,1f2985a4-7858-56ca-ac15-02503d298679,synthetic:1.0.0:QTECH:2024-07-29,QTECH,2024-07-29T21:00:00Z,2024-07-29T21:02:00Z,94.396242,94.999401,94.054067,94.656284,1955695,USD,1d,partial_recovery,quantops_deterministic_synthetic_generator,True
1.0.0,9e577ec4-c784-5512-a8ec-3ec79b46a073,synthetic:1.0.0:QGOLD:2024-07-29,QGOLD,2024-07-29T21:00:00Z,2024-07-29T21:02:00Z,160.274179,162.911927,159.691792,162.322098,2040617,USD,1d,partial_recovery,quantops_deterministic_synthetic_generator,True
1.0.0,66ea3588-ec65-5269-b9ab-c703e5b55dc7,synthetic:1.0.0:QWTI:2024-07-29,QWTI,2024-07-29T21:00:00Z,2024-07-29T21:02:00Z,41.934802,42.137949,41.187933,41.388433,2344499,USD,1d,partial_recovery,quantops_deterministic_synthetic_generator,True
1.0.0,afebc98f-dad1-5769-a6e7-73cdd6dc8fef,synthetic:1.0.0:QCASH:2024-07-29,QCASH,2024-07-29T21:00:00Z,2024-07-29T21:02:00Z,102.078661,102.127138,102.040307,102.088781,1012621,USD,1d,partial_recovery,quantops_deterministic_synthetic_generator,True
1.0.0,8fdfc45a-088c-5acf-8fdf-67354cdc77ca,synthetic:1.0.0:QTECH:2024-07-30,QTECH,2024-07-30T21:00:00Z,2024-07-30T21:02:00Z,94.798862,96.142981,94.433439,95.773800,3564032,USD,1d,partial_recovery,quantops_deterministic_synthetic_generator,True
1.0.0,9263da56-6bca-5ed7-b9de-ac484ee32d4c,synthetic:1.0.0:QGOLD:2024-07-30,QGOLD,2024-07-30T21:00:00Z,2024-07-30T21:02:00Z,162.172036,162.620260,160.018550,160.462048,1836110,USD,1d,partial_recovery,quantops_deterministic_synthetic_generator,True
1.0.0,1b4a1418-94df-59fa-ac98-994c99421c37,synthetic:1.0.0:QWTI:2024-07-30,QWTI,2024-07-30T21:00:00Z,2024-07-30T21:02:00Z,41.242092,41.519481,40.335848,40.608978,2602647,USD,1d,partial_recovery,quantops_deterministic_synthetic_generator,True
1.0.0,dc9ca502-a575-59c4-b7da-bcb352b20321,synthetic:1.0.0:QCASH:2024-07-30,QCASH,2024-07-30T21:00:00Z,2024-07-30T21:02:00Z,102.087883,102.129951,102.049283,102.091349,632392,USD,1d,partial_recovery,quantops_deterministic_synthetic_generator,True
1.0.0,eee6fcbd-40ab-52f4-8e9d-9a08b4f9d95a,synthetic:1.0.0:QTECH:2024-07-31,QTECH,2024-07-31T21:00:00Z,2024-07-31T21:02:00Z,95.727978,96.261612,95.074232,95.607193,1898443,USD,1d,partial_recovery,quantops_deterministic_synthetic_generator,True
1.0.0,fccc2e27-fbcb-5ef8-b496-efad78bd79fe,synthetic:1.0.0:QGOLD:2024-07-31,QGOLD,2024-07-31T21:00:00Z,2024-07-31T21:02:00Z,160.866349,161.736114,160.135064,161.004202,1237814,USD,1d,partial_recovery,quantops_deterministic_synthetic_generator,True
1.0.0,25c0b2bf-08dc-5928-b21e-035ecf1a4ed4,synthetic:1.0.0:QWTI:2024-07-31,QWTI,2024-07-31T21:00:00Z,2024-07-31T21:02:00Z,40.746835,42.095426,40.456544,41.797649,3095549,USD,1d,partial_recovery,quantops_deterministic_synthetic_generator,True
1.0.0,ddb5d9fa-093d-526d-88bc-ea354bc5b596,synthetic:1.0.0:QCASH:2024-07-31,QCASH,2024-07-31T21:00:00Z,2024-07-31T21:02:00Z,102.091809,102.136954,102.053222,102.098364,908318,USD,1d,partial_recovery,quantops_deterministic_synthetic_generator,True
1.0.0,f5d9026c-449c-53bf-ae7f-fdb73a335dfa,synthetic:1.0.0:QTECH:2024-08-01,QTECH,2024-08-01T21:00:00Z,2024-08-01T21:02:00Z,95.685762,96.282664,93.886090,94.475442,3431003,USD,1d,partial_recovery,quantops_deterministic_synthetic_generator,True
1.0.0,b59b1170-c07f-5706-903c-d378bab53b68,synthetic:1.0.0:QGOLD:2024-08-01,QGOLD,2024-08-01T21:00:00Z,2024-08-01T21:02:00Z,161.266422,161.852245,160.788282,161.373787,1179901,USD,1d,partial_recovery,quantops_deterministic_synthetic_generator,True
1.0.0,122864b1-4d65-5be8-b7e4-4682c5bb51ec,synthetic:1.0.0:QWTI:2024-08-01,QWTI,2024-08-01T21:00:00Z,2024-08-01T21:02:00Z,41.774678,42.036218,41.600908,41.862084,1291727,USD,1d,partial_recovery,quantops_deterministic_synthetic_generator,True
1.0.0,f4ac1e8c-6f2a-50c0-ac20-e236aace2941,synthetic:1.0.0:QCASH:2024-08-01,QCASH,2024-08-01T21:00:00Z,2024-08-01T21:02:00Z,102.098617,102.143350,102.060567,102.105297,903819,USD,1d,partial_recovery,quantops_deterministic_synthetic_generator,True
1.0.0,adf1f8c8-8354-53ed-b62f-d66d03ae751b,synthetic:1.0.0:QTECH:2024-08-02,QTECH,2024-08-02T21:00:00Z,2024-08-02T21:02:00Z,94.658491,95.205491,92.530927,93.068740,4048813,USD,1d,partial_recovery,quantops_deterministic_synthetic_generator,True
1.0.0,a5a8b7ef-5c8f-540d-ada3-67a02b1607c2,synthetic:1.0.0:QGOLD:2024-08-02,QGOLD,2024-08-02T21:00:00Z,2024-08-02T21:02:00Z,161.232839,163.385277,160.615958,162.762542,1814864,USD,1d,partial_recovery,quantops_deterministic_synthetic_generator,True
1.0.0,f5a99ed8-72c5-598c-adde-ee81bcd195b6,synthetic:1.0.0:QWTI:2024-08-02,QWTI,2024-08-02T21:00:00Z,2024-08-02T21:02:00Z,41.824267,42.337655,41.608286,42.120146,1879872,USD,1d,partial_recovery,quantops_deterministic_synthetic_generator,True
1.0.0,7387f174-aa34-57ac-a368-b8d22db8ac57,synthetic:1.0.0:QCASH:2024-08-02,QCASH,2024-08-02T21:00:00Z,2024-08-02T21:02:00Z,102.105593,102.151836,102.067554,102.113794,1016440,USD,1d,partial_recovery,quantops_deterministic_synthetic_generator,True
1.0.0,3409550d-6620-5d35-9aaa-bf97f9426ac5,synthetic:1.0.0:QTECH:2024-08-05,QTECH,2024-08-05T21:00:00Z,2024-08-05T21:02:00Z,92.974538,93.712190,92.565076,93.301290,2186609,USD,1d,partial_recovery,quantops_deterministic_synthetic_generator,True
1.0.0,5dbd1d9a-dd16-5fe5-ae99-04bdc784090d,synthetic:1.0.0:QGOLD:2024-08-05,QGOLD,2024-08-05T21:00:00Z,2024-08-05T21:02:00Z,162.632580,163.743433,162.204625,163.313685,1375566,USD,1d,partial_recovery,quantops_deterministic_synthetic_generator,True
1.0.0,02d552a8-eb6b-516c-9172-1524c49e19d7,synthetic:1.0.0:QWTI:2024-08-05,QWTI,2024-08-05T21:00:00Z,2024-08-05T21:02:00Z,42.097960,42.533906,41.852452,42.287293,1549951,USD,1d,partial_recovery,quantops_deterministic_synthetic_generator,True
1.0.0,76027807-888a-5dff-9064-483696af1608,synthetic:1.0.0:QCASH:2024-08-05,QCASH,2024-08-05T21:00:00Z,2024-08-05T21:02:00Z,102.112721,102.161366,102.072783,102.121425,966595,USD,1d,partial_recovery,quantops_deterministic_synthetic_generator,True
1.0.0,67e3abf4-75c5-546e-9959-911af29256ae,synthetic:1.0.0:QTECH:2024-08-06,QTECH,2024-08-06T21:00:00Z,2024-08-06T21:02:00Z,93.309614,93.867472,92.286865,92.841926,2421524,USD,1d,partial_recovery,quantops_deterministic_synthetic_generator,True
1.0.0,2a12b230-3c19-5864-9ff1-99c832e7d7ba,synthetic:1.0.0:QGOLD:2024-08-06,QGOLD,2024-08-06T21:00:00Z,2024-08-06T21:02:00Z,163.357390,164.628413,162.773320,164.041895,1245273,USD,1d,partial_recovery,quantops_deterministic_synthetic_generator,True
1.0.0,e56c5af7-0215-5b79-9971-45a615542bae,synthetic:1.0.0:QWTI:2024-08-06,QWTI,2024-08-06T21:00:00Z,2024-08-06T21:02:00Z,42.295583,42.655387,41.735310,42.093394,1695121,USD,1d,partial_recovery,quantops_deterministic_synthetic_generator,True
1.0.0,761fc028-daa6-5873-a7c2-35e07be580d7,synthetic:1.0.0:QCASH:2024-08-06,QCASH,2024-08-06T21:00:00Z,2024-08-06T21:02:00Z,102.121219,102.165871,102.081948,102.126597,709342,USD,1d,partial_recovery,quantops_deterministic_synthetic_generator,True
1.0.0,2a64618e-daa2-515d-842f-d0ec37000ee8,synthetic:1.0.0:QTECH:2024-08-07,QTECH,2024-08-07T21:00:00Z,2024-08-07T21:02:00Z,92.665498,93.282717,91.696729,92.311591,2108917,USD,1d,partial_recovery,quantops_deterministic_synthetic_generator,True
1.0.0,c60704ad-298d-5119-9ed2-8b6f72edb007,synthetic:1.0.0:QGOLD:2024-08-07,QGOLD,2024-08-07T21:00:00Z,2024-08-07T21:02:00Z,164.230652,166.593037,163.709573,166.066134,1800819,USD,1d,partial_recovery,quantops_deterministic_synthetic_generator,True
1.0.0,38ed1569-c431-567d-9ad3-9ef5c69cbbb0,synthetic:1.0.0:QWTI:2024-08-07,QWTI,2024-08-07T21:00:00Z,2024-08-07T21:02:00Z,42.193573,42.562976,40.630557,40.989417,3111842,USD,1d,partial_recovery,quantops_deterministic_synthetic_generator,True
1.0.0,c5481866-0f98-54bc-8edf-350c593bdd5d,synthetic:1.0.0:QCASH:2024-08-07,QCASH,2024-08-07T21:00:00Z,2024-08-07T21:02:00Z,102.126479,102.168870,102.086004,102.128394,679259,USD,1d,partial_recovery,quantops_deterministic_synthetic_generator,True
1.0.0,41eae338-bfe9-5940-bba9-10a58488a765,synthetic:1.0.0:QTECH:2024-08-08,QTECH,2024-08-08T21:00:00Z,2024-08-08T21:02:00Z,92.146199,92.767359,91.497990,92.118967,2000423,USD,1d,partial_recovery,quantops_deterministic_synthetic_generator,True
1.0.0,dd9e7399-c5d7-5d8b-af2d-2259c2f25536,synthetic:1.0.0:QGOLD:2024-08-08,QGOLD,2024-08-08T21:00:00Z,2024-08-08T21:02:00Z,165.892734,166.869565,165.339205,166.314628,1034334,USD,1d,partial_recovery,quantops_deterministic_synthetic_generator,True
1.0.0,c7a35b78-18fa-5ba8-afd0-94e3b217225c,synthetic:1.0.0:QWTI:2024-08-08,QWTI,2024-08-08T21:00:00Z,2024-08-08T21:02:00Z,40.964230,41.971636,40.587511,41.589169,2173440,USD,1d,partial_recovery,quantops_deterministic_synthetic_generator,True
1.0.0,b22099ee-446c-5c7f-a60b-7c980f574cc2,synthetic:1.0.0:QCASH:2024-08-08,QCASH,2024-08-08T21:00:00Z,2024-08-08T21:02:00Z,102.126747,102.171224,102.088812,102.133286,686656,USD,1d,partial_recovery,quantops_deterministic_synthetic_generator,True
1.0.0,814812ba-c88f-5b9f-bfbb-c7bb70d32cfa,synthetic:1.0.0:QTECH:2024-08-09,QTECH,2024-08-09T21:00:00Z,2024-08-09T21:02:00Z,92.388442,93.057057,91.720692,92.389301,1950954,USD,1d,partial_recovery,quantops_deterministic_synthetic_generator,True
1.0.0,75db52a4-b628-521a-bed4-8391c0538e95,synthetic:1.0.0:QGOLD:2024-08-09,QGOLD,2024-08-09T21:00:00Z,2024-08-09T21:02:00Z,166.058533,168.844247,165.483906,168.261995,1945352,USD,1d,partial_recovery,quantops_deterministic_synthetic_generator,True
1.0.0,cd42f35b-0f71-5d92-b7f0-e66c343c81a1,synthetic:1.0.0:QWTI:2024-08-09,QWTI,2024-08-09T21:00:00Z,2024-08-09T21:02:00Z,41.611691,42.939495,41.429905,42.752725,3631728,USD,1d,partial_recovery,quantops_deterministic_synthetic_generator,True
1.0.0,fbe908a4-a622-5f52-b275-2bd5d5a16a69,synthetic:1.0.0:QCASH:2024-08-09,QCASH,2024-08-09T21:00:00Z,2024-08-09T21:02:00Z,102.135326,102.180666,102.095657,102.140994,932573,USD,1d,partial_recovery,quantops_deterministic_synthetic_generator,True
1.0.0,15676dc4-b386-5069-8868-70aa2ae84a6e,synthetic:1.0.0:QTECH:2024-08-12,QTECH,2024-08-12T21:00:00Z,2024-08-12T21:02:00Z,92.511899,92.917144,90.745952,91.145210,3082962,USD,1d,partial_recovery,quantops_deterministic_synthetic_generator,True
1.0.0,957f5916-1223-556d-9345-f050a8750c5e,synthetic:1.0.0:QGOLD:2024-08-12,QGOLD,2024-08-12T21:00:00Z,2024-08-12T21:02:00Z,168.407365,168.943344,165.636490,166.165333,2138383,USD,1d,partial_recovery,quantops_deterministic_synthetic_generator,True
1.0.0,a702b81d-6339-5391-b3fb-226a57a53947,synthetic:1.0.0:QWTI:2024-08-12,QWTI,2024-08-12T21:00:00Z,2024-08-12T21:02:00Z,42.681753,42.931184,42.267396,42.515858,1725894,USD,1d,partial_recovery,quantops_deterministic_synthetic_generator,True
1.0.0,6fa74ec1-a82a-5e4b-a136-91ea513129cd,synthetic:1.0.0:QCASH:2024-08-12,QCASH,2024-08-12T21:00:00Z,2024-08-12T21:02:00Z,102.140109,102.180077,102.102335,102.142303,513275,USD,1d,partial_recovery,quantops_deterministic_synthetic_generator,True
1.0.0,3b7bbb58-2ee2-53ec-8839-3c326840a944,synthetic:1.0.0:QTECH:2024-08-13,QTECH,2024-08-13T21:00:00Z,2024-08-13T21:02:00Z,91.411852,93.375252,90.884667,92.839833,4557928,USD,1d,partial_recovery,quantops_deterministic_synthetic_generator,True
1.0.0,17a317ea-b4bc-5a01-aeb1-9d04d1500e3f,synthetic:1.0.0:QGOLD:2024-08-13,QGOLD,2024-08-13T21:00:00Z,2024-08-13T21:02:00Z,165.942711,166.432183,164.460214,164.946749,1545922,USD,1d,partial_recovery,quantops_deterministic_synthetic_generator,True
1.0.0,b30aa3da-0bdd-50eb-b8d8-01f1e5e7a380,synthetic:1.0.0:QWTI:2024-08-13,QWTI,2024-08-13T21:00:00Z,2024-08-13T21:02:00Z,42.523242,43.280970,42.055931,42.810502,1907898,USD,1d,partial_recovery,quantops_deterministic_synthetic_generator,True
1.0.0,ff5848d8-136a-55b5-b606-545faa0cc0f8,synthetic:1.0.0:QCASH:2024-08-13,QCASH,2024-08-13T21:00:00Z,2024-08-13T21:02:00Z,102.143417,102.184041,102.105589,102.146211,673587,USD,1d,partial_recovery,quantops_deterministic_synthetic_generator,True
1.0.0,a501f31e-3a50-5cc1-aa6c-fe8295387436,synthetic:1.0.0:QTECH:2024-08-14,QTECH,2024-08-14T21:00:00Z,2024-08-14T21:02:00Z,92.914538,93.446314,91.538783,92.065700,3183547,USD,1d,partial_recovery,quantops_deterministic_synthetic_generator,True
1.0.0,b0920bb5-2b18-5890-998a-e44c85d0b381,synthetic:1.0.0:QGOLD:2024-08-14,QGOLD,2024-08-14T21:00:00Z,2024-08-14T21:02:00Z,164.974881,165.669785,162.653853,163.341878,1587015,USD,1d,partial_recovery,quantops_deterministic_synthetic_generator,True
1.0.0,d7c0231f-05f4-5587-a8a5-19cd69708c5e,synthetic:1.0.0:QWTI:2024-08-14,QWTI,2024-08-14T21:00:00Z,2024-08-14T21:02:00Z,42.818403,43.017247,40.005905,40.192555,4682227,USD,1d,partial_recovery,quantops_deterministic_synthetic_generator,True
1.0.0,a6b63bdc-5f67-52a4-8c80-ddf990e8e0a2,synthetic:1.0.0:QCASH:2024-08-14,QCASH,2024-08-14T21:00:00Z,2024-08-14T21:02:00Z,102.146630,102.188558,102.108776,102.150703,675373,USD,1d,partial_recovery,quantops_deterministic_synthetic_generator,True
1.0.0,7c56fb6a-0855-597c-9383-a594f482c5cc,synthetic:1.0.0:QTECH:2024-08-15,QTECH,2024-08-15T21:00:00Z,2024-08-15T21:02:00Z,92.138244,95.178584,91.758808,94.788235,4694025,USD,1d,partial_recovery,quantops_deterministic_synthetic_generator,True
1.0.0,8f7e6967-5e9e-5399-a54f-887f557b161e,synthetic:1.0.0:QGOLD:2024-08-15,QGOLD,2024-08-15T21:00:00Z,2024-08-15T21:02:00Z,163.286249,163.771728,160.364101,160.842314,2452450,USD,1d,partial_recovery,quantops_deterministic_synthetic_generator,True
1.0.0,a5df839d-1908-55d7-ab05-402942d12d7b,synthetic:1.0.0:QWTI:2024-08-15,QWTI,2024-08-15T21:00:00Z,2024-08-15T21:02:00Z,40.233708,41.358045,39.964617,41.083272,2622295,USD,1d,partial_recovery,quantops_deterministic_synthetic_generator,True
1.0.0,d81b4406-2bc4-5394-9bdc-962df178fb83,synthetic:1.0.0:QCASH:2024-08-15,QCASH,2024-08-15T21:00:00Z,2024-08-15T21:02:00Z,102.150392,102.195964,102.112436,102.158006,924279,USD,1d,partial_recovery,quantops_deterministic_synthetic_generator,True
1.0.0,311f1e74-767b-53fc-a9fc-ccd6de4fe510,synthetic:1.0.0:QTECH:2024-08-16,QTECH,2024-08-16T21:00:00Z,2024-08-16T21:02:00Z,94.943113,95.394013,94.106836,94.555897,2171471,USD,1d,partial_recovery,quantops_deterministic_synthetic_generator,True
1.0.0,b61e12b2-7ec8-5a51-a546-a4fcf696346b,synthetic:1.0.0:QGOLD:2024-08-16,QGOLD,2024-08-16T21:00:00Z,2024-08-16T21:02:00Z,161.084471,164.024331,160.336971,163.266704,2388927,USD,1d,partial_recovery,quantops_deterministic_synthetic_generator,True
1.0.0,e5ba3bc6-1b40-5854-b7a6-1d16afd7306f,synthetic:1.0.0:QWTI:2024-08-16,QWTI,2024-08-16T21:00:00Z,2024-08-16T21:02:00Z,40.908972,41.236515,40.541769,40.868992,1582961,USD,1d,partial_recovery,quantops_deterministic_synthetic_generator,True
1.0.0,01a7d4bb-cdae-5187-b93e-d9d18ad21249,synthetic:1.0.0:QCASH:2024-08-16,QCASH,2024-08-16T21:00:00Z,2024-08-16T21:02:00Z,102.159041,102.203380,102.120779,102.165115,972618,USD,1d,partial_recovery,quantops_deterministic_synthetic_generator,True
1.0.0,ada648cb-c364-53bd-81eb-c5afa605b04b,synthetic:1.0.0:QTECH:2024-08-19,QTECH,2024-08-19T21:00:00Z,2024-08-19T21:02:00Z,94.694123,95.288029,93.603289,94.194058,2144992,USD,1d,partial_recovery,quantops_deterministic_synthetic_generator,True
1.0.0,117f071f-ec93-5adc-86fb-2b425ba66726,synthetic:1.0.0:QGOLD:2024-08-19,QGOLD,2024-08-19T21:00:00Z,2024-08-19T21:02:00Z,163.180405,163.724213,162.605226,163.148929,854019,USD,1d,partial_recovery,quantops_deterministic_synthetic_generator,True
1.0.0,d72ba58c-efde-58ee-b1ff-ebc419aecdae,synthetic:1.0.0:QWTI:2024-08-19,QWTI,2024-08-19T21:00:00Z,2024-08-19T21:02:00Z,40.942223,41.230491,40.440419,40.727173,1559094,USD,1d,partial_recovery,quantops_deterministic_synthetic_generator,True
1.0.0,64881145-e7df-50c8-93e6-930b8197d955,synthetic:1.0.0:QCASH:2024-08-19,QCASH,2024-08-19T21:00:00Z,2024-08-19T21:02:00Z,102.164440,102.209152,102.126770,102.171480,857518,USD,1d,partial_recovery,quantops_deterministic_synthetic_generator,True
1.0.0,c70a06b8-eb0f-5818-b239-729722651506,synthetic:1.0.0:QTECH:2024-08-20,QTECH,2024-08-20T21:00:00Z,2024-08-20T21:02:00Z,94.467539,95.578903,93.563284,94.672684,2274799,USD,1d,partial_recovery,quantops_deterministic_synthetic_generator,True
1.0.0,ec2b3657-a58a-5043-830c-377c42332515,synthetic:1.0.0:QGOLD:2024-08-20,QGOLD,2024-08-20T21:00:00Z,2024-08-20T21:02:00Z,163.140519,163.714143,161.968365,162.539876,1267121,USD,1d,partial_recovery,quantops_deterministic_synthetic_generator,True
1.0.0,31c54f20-5980-5bbc-a3b3-cffc485c9442,synthetic:1.0.0:QWTI:2024-08-20,QWTI,2024-08-20T21:00:00Z,2024-08-20T21:02:00Z,40.581952,40.844170,39.715755,39.974044,2677423,USD,1d,partial_recovery,quantops_deterministic_synthetic_generator,True
1.0.0,e0e23b5a-2320-54c6-ad0b-e826f66020b3,synthetic:1.0.0:QCASH:2024-08-20,QCASH,2024-08-20T21:00:00Z,2024-08-20T21:02:00Z,102.171845,102.219068,102.133047,102.180267,1036245,USD,1d,partial_recovery,quantops_deterministic_synthetic_generator,True
1.0.0,f40541f6-9ec4-5fa7-8ac0-ff8e8c48e17b,synthetic:1.0.0:QTECH:2024-08-21,QTECH,2024-08-21T21:00:00Z,2024-08-21T21:02:00Z,95.004240,95.359562,94.182528,94.536099,2055065,USD,1d,partial_recovery,quantops_deterministic_synthetic_generator,True
1.0.0,26430bab-f43b-596e-89e8-acd7382f2b21,synthetic:1.0.0:QGOLD:2024-08-21,QGOLD,2024-08-21T21:00:00Z,2024-08-21T21:02:00Z,162.702657,163.557742,162.219332,163.073316,1252275,USD,1d,partial_recovery,quantops_deterministic_synthetic_generator,True
1.0.0,6f94d32b-dfdd-53eb-9a5f-953916cfe081,synthetic:1.0.0:QWTI:2024-08-21,QWTI,2024-08-21T21:00:00Z,2024-08-21T21:02:00Z,40.046623,40.615467,39.753152,40.319993,1819215,USD,1d,partial_recovery,quantops_deterministic_synthetic_generator,True
1.0.0,f750ece6-2abd-5506-8c36-1018f679affc,synthetic:1.0.0:QCASH:2024-08-21,QCASH,2024-08-21T21:00:00Z,2024-08-21T21:02:00Z,102.178830,102.225016,102.139897,102.186081,803224,USD,1d,partial_recovery,quantops_deterministic_synthetic_generator,True
1.0.0,0e231439-0b62-53df-89b9-08821586a1ba,synthetic:1.0.0:QTECH:2024-08-22,QTECH,2024-08-22T21:00:00Z,2024-08-22T21:02:00Z,94.448171,94.760761,92.975801,93.284540,3270714,USD,1d,partial_recovery,quantops_deterministic_synthetic_generator,True
1.0.0,5fdb1047-fd28-5373-8f70-ef9e28dbc13d,synthetic:1.0.0:QGOLD:2024-08-22,QGOLD,2024-08-22T21:00:00Z,2024-08-22T21:02:00Z,163.213395,163.790718,162.589186,163.166343,853432,USD,1d,partial_recovery,quantops_deterministic_synthetic_generator,True
1.0.0,eff0ee2b-4624-5c5a-9aff-9a183a8afbf4,synthetic:1.0.0:QWTI:2024-08-22,QWTI,2024-08-22T21:00:00Z,2024-08-22T21:02:00Z,40.254073,40.427769,38.839468,39.007786,3243046,USD,1d,partial_recovery,quantops_deterministic_synthetic_generator,True
1.0.0,0860d01d-a2b9-53b5-94b1-362e8c668297,synthetic:1.0.0:QCASH:2024-08-22,QCASH,2024-08-22T21:00:00Z,2024-08-22T21:02:00Z,102.186017,102.233099,102.146392,102.193471,939994,USD,1d,partial_recovery,quantops_deterministic_synthetic_generator,True
1.0.0,73d17db6-8f05-502c-9c38-f2bde5569338,synthetic:1.0.0:QTECH:2024-08-23,QTECH,2024-08-23T21:00:00Z,2024-08-23T21:02:00Z,93.242909,93.584472,91.489280,91.825652,3765092,USD,1d,partial_recovery,quantops_deterministic_synthetic_generator,True
1.0.0,c880182b-8e00-5764-99a5-31921775886c,synthetic:1.0.0:QGOLD:2024-08-23,QGOLD,2024-08-23T21:00:00Z,2024-08-23T21:02:00Z,163.350531,163.765295,161.731094,162.142792,1635814,USD,1d,partial_recovery,quantops_deterministic_synthetic_generator,True
1.0.0,e56a8d18-500a-58a6-bf47-095ae2880cbc,synthetic:1.0.0:QWTI:2024-08-23,QWTI,2024-08-23T21:00:00Z,2024-08-23T21:02:00Z,39.034507,39.315023,38.217967,38.494603,2441023,USD,1d,partial_recovery,quantops_deterministic_synthetic_generator,True
1.0.0,a96839b4-a5c5-5631-a87f-3c2ba81c24a3,synthetic:1.0.0:QCASH:2024-08-23,QCASH,2024-08-23T21:00:00Z,2024-08-23T21:02:00Z,102.194033,102.235501,102.155739,102.197206,706652,USD,1d,partial_recovery,quantops_deterministic_synthetic_generator,True
1.0.0,336df7f3-8446-561a-8224-e965dfeeee12,synthetic:1.0.0:QTECH:2024-08-26,QTECH,2024-08-26T21:00:00Z,2024-08-26T21:02:00Z,91.895102,93.132869,91.558293,92.792771,3942968,USD,1d,partial_recovery,quantops_deterministic_synthetic_generator,True
1.0.0,411afac7-91c6-577e-af15-f538836a6782,synthetic:1.0.0:QGOLD:2024-08-26,QGOLD,2024-08-26T21:00:00Z,2024-08-26T21:02:00Z,162.099230,165.202551,161.660272,164.756398,2643545,USD,1d,partial_recovery,quantops_deterministic_synthetic_generator,True
1.0.0,29f8f960-c4f1-55ea-b511-a23fd9051e49,synthetic:1.0.0:QWTI:2024-08-26,QWTI,2024-08-26T21:00:00Z,2024-08-26T21:02:00Z,38.550466,39.824628,38.381828,39.651175,3242516,USD,1d,partial_recovery,quantops_deterministic_synthetic_generator,True
1.0.0,cb8fff65-2ef6-5673-87db-e1874cf6c0be,synthetic:1.0.0:QCASH:2024-08-26,QCASH,2024-08-26T21:00:00Z,2024-08-26T21:02:00Z,102.197042,102.239622,102.158390,102.200969,699048,USD,1d,partial_recovery,quantops_deterministic_synthetic_generator,True
1.0.0,c86ff1f9-b76d-5a07-bebf-77d01ba1045c,synthetic:1.0.0:QTECH:2024-08-27,QTECH,2024-08-27T21:00:00Z,2024-08-27T21:02:00Z,92.470752,93.220861,90.521889,91.262194,4326862,USD,1d,partial_recovery,quantops_deterministic_synthetic_generator,True
1.0.0,54606b3e-8a62-53d9-b3ba-737b56703698,synthetic:1.0.0:QGOLD:2024-08-27,QGOLD,2024-08-27T21:00:00Z,2024-08-27T21:02:00Z,164.882389,165.586890,163.407070,164.108264,1241620,USD,1d,partial_recovery,quantops_deterministic_synthetic_generator,True
1.0.0,12032522-c749-58d4-adff-65610651f19f,synthetic:1.0.0:QWTI:2024-08-27,QWTI,2024-08-27T21:00:00Z,2024-08-27T21:02:00Z,39.541519,39.780245,39.293079,39.531746,1458597,USD,1d,partial_recovery,quantops_deterministic_synthetic_generator,True
1.0.0,a9f0febc-67db-515f-b766-0340d86d8d18,synthetic:1.0.0:QCASH:2024-08-27,QCASH,2024-08-27T21:00:00Z,2024-08-27T21:02:00Z,102.201612,102.245821,102.163963,102.208170,1056409,USD,1d,partial_recovery,quantops_deterministic_synthetic_generator,True
1.0.0,e2685ac0-1640-512f-aa7c-e4fae794a1d5,synthetic:1.0.0:QTECH:2024-08-28,QTECH,2024-08-28T21:00:00Z,2024-08-28T21:02:00Z,90.998340,91.533417,90.353180,90.887606,2341720,USD,1d,partial_recovery,quantops_deterministic_synthetic_generator,True
1.0.0,dae59763-c2aa-54ed-a59d-dce7b72e20e5,synthetic:1.0.0:QGOLD:2024-08-28,QGOLD,2024-08-28T21:00:00Z,2024-08-28T21:02:00Z,163.976407,164.476794,161.295016,161.788726,2027496,USD,1d,partial_recovery,quantops_deterministic_synthetic_generator,True
1.0.0,b9746405-2c25-56ab-ab9b-5cd4f47e2cec,synthetic:1.0.0:QWTI:2024-08-28,QWTI,2024-08-28T21:00:00Z,2024-08-28T21:02:00Z,39.550582,39.752837,38.768203,38.967475,2734569,USD,1d,partial_recovery,quantops_deterministic_synthetic_generator,True
1.0.0,86e80430-75ee-5404-81bf-3c0329cbf86b,synthetic:1.0.0:QCASH:2024-08-28,QCASH,2024-08-28T21:00:00Z,2024-08-28T21:02:00Z,102.207332,102.252656,102.167094,102.212415,704142,USD,1d,partial_recovery,quantops_deterministic_synthetic_generator,True
1.0.0,1513f177-f064-5ab7-bf9b-5e955f5a7725,synthetic:1.0.0:QTECH:2024-08-29,QTECH,2024-08-29T21:00:00Z,2024-08-29T21:02:00Z,90.765539,91.102639,90.389074,90.726027,1910908,USD,1d,partial_recovery,quantops_deterministic_synthetic_generator,True
1.0.0,28234b60-62c3-5796-815d-8ae5b00a8dba,synthetic:1.0.0:QGOLD:2024-08-29,QGOLD,2024-08-29T21:00:00Z,2024-08-29T21:02:00Z,161.688925,163.950558,161.254006,163.510739,2009450,USD,1d,partial_recovery,quantops_deterministic_synthetic_generator,True
1.0.0,11fb8c14-344a-5561-8e01-cc0b0462f8ee,synthetic:1.0.0:QWTI:2024-08-29,QWTI,2024-08-29T21:00:00Z,2024-08-29T21:02:00Z,39.125506,39.791469,38.911012,39.574513,2473618,USD,1d,partial_recovery,quantops_deterministic_synthetic_generator,True
1.0.0,ea0dc3d6-40ee-545e-bc2d-f27c32201b31,synthetic:1.0.0:QCASH:2024-08-29,QCASH,2024-08-29T21:00:00Z,2024-08-29T21:02:00Z,102.210120,102.253708,102.172312,102.215898,764031,USD,1d,partial_recovery,quantops_deterministic_synthetic_generator,True
1.0.0,13e0a63b-fd79-5ec5-9d88-e4a5462bc4f2,synthetic:1.0.0:QTECH:2024-08-30,QTECH,2024-08-30T21:00:00Z,2024-08-30T21:02:00Z,90.749975,91.596310,90.075058,90.920127,1946637,USD,1d,partial_recovery,quantops_deterministic_synthetic_generator,True
1.0.0,ef363205-8d34-51e6-8ee1-35336cdf265e,synthetic:1.0.0:QGOLD:2024-08-30,QGOLD,2024-08-30T21:00:00Z,2024-08-30T21:02:00Z,163.583437,164.249704,162.099868,162.762793,1275376,USD,1d,partial_recovery,quantops_deterministic_synthetic_generator,True
1.0.0,e2edb85d-1259-5ba7-bdcb-dd60545fc038,synthetic:1.0.0:QWTI:2024-08-30,QWTI,2024-08-30T21:00:00Z,2024-08-30T21:02:00Z,39.556992,39.731284,39.075456,39.248389,2045593,USD,1d,partial_recovery,quantops_deterministic_synthetic_generator,True
1.0.0,495a4ff6-f53b-54e6-9f31-f038e8d8083d,synthetic:1.0.0:QCASH:2024-08-30,QCASH,2024-08-30T21:00:00Z,2024-08-30T21:02:00Z,102.214600,102.259521,102.176686,102.221604,802933,USD,1d,partial_recovery,quantops_deterministic_synthetic_generator,True
1.0.0,721c719c-c814-58ee-bc4e-bf7fc83d8e0c,synthetic:1.0.0:QTECH:2024-09-02,QTECH,2024-09-02T21:00:00Z,2024-09-02T21:02:00Z,91.103243,91.481432,90.521176,90.898515,2005255,USD,1d,partial_recovery,quantops_deterministic_synthetic_generator,True
1.0.0,d2d2f9a6-b868-5ad4-b630-fe049269bd62,synthetic:1.0.0:QGOLD:2024-09-02,QGOLD,2024-09-02T21:00:00Z,2024-09-02T21:02:00Z,162.893946,163.408843,161.645243,162.157813,1257224,USD,1d,partial_recovery,quantops_deterministic_synthetic_generator,True
1.0.0,db5d49c7-cf9b-5906-8548-b787308e150f,synthetic:1.0.0:QWTI:2024-09-02,QWTI,2024-09-02T21:00:00Z,2024-09-02T21:02:00Z,39.141619,39.328106,38.104458,38.286872,2981392,USD,1d,partial_recovery,quantops_deterministic_synthetic_generator,True
1.0.0,150eb0a8-1f18-5952-92c7-c5de087f4cef,synthetic:1.0.0:QCASH:2024-09-02,QCASH,2024-09-02T21:00:00Z,2024-09-02T21:02:00Z,102.221235,102.267164,102.183038,102.228964,960869,USD,1d,partial_recovery,quantops_deterministic_synthetic_generator,True
1.0.0,1ad1e72c-13a1-5bf4-8e44-ff7287f3da98,synthetic:1.0.0:QTECH:2024-09-03,QTECH,2024-09-03T21:00:00Z,2024-09-03T21:02:00Z,90.709473,91.286555,90.234168,90.810720,1915862,USD,1d,partial_recovery,quantops_deterministic_synthetic_generator,True
1.0.0,b3647038-34d9-504d-bb32-7c8db50fd9f7,synthetic:1.0.0:QGOLD:2024-09-03,QGOLD,2024-09-03T21:00:00Z,2024-09-03T21:02:00Z,162.163247,164.365776,161.656736,163.853984,1879884,USD,1d,partial_recovery,quantops_deterministic_synthetic_generator,True
1.0.0,0164b99f-c80b-5853-99b2-d53c57eeefb7,synthetic:1.0.0:QWTI:2024-09-03,QWTI,2024-09-03T21:00:00Z,2024-09-03T21:02:00Z,38.251731,38.831910,38.007203,38.585250,1902794,USD,1d,partial_recovery,quantops_deterministic_synthetic_generator,True
1.0.0,0f42ef4b-a479-58f7-893d-d7e60351649e,synthetic:1.0.0:QCASH:2024-09-03,QCASH,2024-09-03T21:00:00Z,2024-09-03T21:02:00Z,102.228333,102.273264,102.189889,102.234817,726928,USD,1d,partial_recovery,quantops_deterministic_synthetic_generator,True
1.0.0,556cab20-5bf7-50cb-a5fd-11da25a4f696,synthetic:1.0.0:QTECH:2024-09-04,QTECH,2024-09-04T21:00:00Z,2024-09-04T21:02:00Z,90.874696,91.231981,89.575313,89.928879,3143528,USD,1d,partial_recovery,quantops_deterministic_synthetic_generator,True
1.0.0,18e38304-1898-5ddb-a1a4-3ce2c5a77010,synthetic:1.0.0:QGOLD:2024-09-04,QGOLD,2024-09-04T21:00:00Z,2024-09-04T21:02:00Z,163.827266,165.989690,163.310627,165.467876,2007674,USD,1d,partial_recovery,quantops_deterministic_synthetic_generator,True
1.0.0,8d91f658-0d5b-5ffa-becf-b7c2efe64d8e,synthetic:1.0.0:QWTI:2024-09-04,QWTI,2024-09-04T21:00:00Z,2024-09-04T21:02:00Z,38.735000,38.970410,38.108421,38.341439,1585691,USD,1d,partial_recovery,quantops_deterministic_synthetic_generator,True
1.0.0,d044330e-b062-5933-8f8a-9332af10fce8,synthetic:1.0.0:QCASH:2024-09-04,QCASH,2024-09-04T21:00:00Z,2024-09-04T21:02:00Z,102.234447,102.274312,102.196188,102.236053,524727,USD,1d,partial_recovery,quantops_deterministic_synthetic_generator,True
1.0.0,ef759ed9-eb4b-5958-afdc-0249d4a05b1e,synthetic:1.0.0:QTECH:2024-09-05,QTECH,2024-09-05T21:00:00Z,2024-09-05T21:02:00Z,90.048088,90.402816,89.644574,89.999110,1976864,USD,1d,partial_recovery,quantops_deterministic_synthetic_generator,True
1.0.0,e46703aa-2b8a-51c6-b5d2-9956c4bf8ba0,synthetic:1.0.0:QGOLD:2024-09-05,QGOLD,2024-09-05T21:00:00Z,2024-09-05T21:02:00Z,165.339524,168.317780,164.494743,167.462154,1928601,USD,1d,partial_recovery,quantops_deterministic_synthetic_generator,True
1.0.0,0c5e513c-b3b9-5af9-89f3-52cf11f8bb4f,synthetic:1.0.0:QWTI:2024-09-05,QWTI,2024-09-05T21:00:00Z,2024-09-05T21:02:00Z,38.513011,38.786095,37.619838,37.888494,1935870,USD,1d,partial_recovery,quantops_deterministic_synthetic_generator,True
1.0.0,9440821f-e552-55f7-9219-9477a67fcd31,synthetic:1.0.0:QCASH:2024-09-05,QCASH,2024-09-05T21:00:00Z,2024-09-05T21:02:00Z,102.237117,102.281336,102.199004,102.243220,815779,USD,1d,partial_recovery,quantops_deterministic_synthetic_generator,True
1.0.0,56302736-f1f3-5246-972e-285fc9b61603,synthetic:1.0.0:QTECH:2024-09-06,QTECH,2024-09-06T21:00:00Z,2024-09-06T21:02:00Z,90.070720,90.526298,87.401821,87.846147,4882781,USD,1d,partial_recovery,quantops_deterministic_synthetic_generator,True
1.0.0,9434e9e9-7acb-550c-997f-744f52e10d93,synthetic:1.0.0:QGOLD:2024-09-06,QGOLD,2024-09-06T21:00:00Z,2024-09-06T21:02:00Z,167.490634,168.679821,166.793839,167.980986,1247949,USD,1d,partial_recovery,quantops_deterministic_synthetic_generator,True
1.0.0,8a0aaac3-8a24-518c-841a-21f14d250051,synthetic:1.0.0:QWTI:2024-09-06,QWTI,2024-09-06T21:00:00Z,2024-09-06T21:02:00Z,37.880846,38.953409,37.661394,38.729043,2507946,USD,1d,partial_recovery,quantops_deterministic_synthetic_generator,True
1.0.0,1ddc82ce-b4ab-5555-8ddb-51e737d83c41,synthetic:1.0.0:QCASH:2024-09-06,QCASH,2024-09-06T21:00:00Z,2024-09-06T21:02:00Z,102.244174,102.287921,102.204239,102.247985,591270,USD,1d,partial_recovery,quantops_deterministic_synthetic_generator,True
1.0.0,f63a78dd-e7af-5461-97e8-9de0d53903bc,synthetic:1.0.0:QTECH:2024-09-09,QTECH,2024-09-09T21:00:00Z,2024-09-09T21:02:00Z,87.748967,88.698519,86.973678,87.921705,1923989,USD,1d,partial_recovery,quantops_deterministic_synthetic_generator,True
1.0.0,07c411ed-3541-56ad-b226-15a78efb6257,synthetic:1.0.0:QGOLD:2024-09-09,QGOLD,2024-09-09T21:00:00Z,2024-09-09T21:02:00Z,168.149332,170.891282,167.601696,170.336522,2607316,USD,1d,partial_recovery,quantops_deterministic_synthetic_generator,True
1.0.0,003fe051-8f36-5988-8712-bd248fa8fa78,synthetic:1.0.0:QWTI:2024-09-09,QWTI,2024-09-09T21:00:00Z,2024-09-09T21:02:00Z,38.637123,39.523368,38.300999,39.182500,2304094,USD,1d,partial_recovery,quantops_deterministic_synthetic_generator,True
1.0.0,c1d95531-9160-5312-9de0-3d436faf2ac3,synthetic:1.0.0:QCASH:2024-09-09,QCASH,2024-09-09T21:00:00Z,2024-09-09T21:02:00Z,102.247670,102.295518,102.207590,102.255434,826938,USD,1d,partial_recovery,quantops_deterministic_synthetic_generator,True
1.0.0,110462d4-e6dc-57e3-9fbc-f47c5e6c36ed,synthetic:1.0.0:QTECH:2024-09-10,QTECH,2024-09-10T21:00:00Z,2024-09-10T21:02:00Z,87.893008,88.177182,86.135648,86.415044,3607593,USD,1d,partial_recovery,quantops_deterministic_synthetic_generator,True
1.0.0,9f04194a-0fa9-52a8-bc37-02b492a3467e,synthetic:1.0.0:QGOLD:2024-09-10,QGOLD,2024-09-10T21:00:00Z,2024-09-10T21:02:00Z,169.946755,174.805657,169.186942,174.027599,3339429,USD,1d,partial_recovery,quantops_deterministic_synthetic_generator,True
1.0.0,082f0081-8fd5-53eb-a8ce-5b38676c36fe,synthetic:1.0.0:QWTI:2024-09-10,QWTI,2024-09-10T21:00:00Z,2024-09-10T21:02:00Z,39.141360,40.220197,38.955570,40.030188,2655137,USD,1d,partial_recovery,quantops_deterministic_synthetic_generator,True
1.0.0,233ed297-0133-5ef2-9282-3d27cf623c3b,synthetic:1.0.0:QCASH:2024-09-10,QCASH,2024-09-10T21:00:00Z,2024-09-10T21:02:00Z,102.255961,102.302551,102.216429,102.263016,958092,USD,1d,partial_recovery,quantops_deterministic_synthetic_generator,True
1.0.0,06a5e619-ba4a-594d-9161-29d8036de8d3,synthetic:1.0.0:QTECH:2024-09-11,QTECH,2024-09-11T21:00:00Z,2024-09-11T21:02:00Z,86.448186,91.033256,85.985204,90.548315,6693953,USD,1d,partial_recovery,quantops_deterministic_synthetic_generator,True
1.0.0,659eee06-d8e2-5a8d-b415-749d7573f842,synthetic:1.0.0:QGOLD:2024-09-11,QGOLD,2024-09-11T21:00:00Z,2024-09-11T21:02:00Z,173.766271,175.321320,173.057491,174.609102,1164483,USD,1d,partial_recovery,quantops_deterministic_synthetic_generator,True
1.0.0,1679e514-b067-5721-9d2a-478fb497d3f1,synthetic:1.0.0:QWTI:2024-09-11,QWTI,2024-09-11T21:00:00Z,2024-09-11T21:02:00Z,40.097495,40.405038,39.848441,40.155623,1432382,USD,1d,partial_recovery,quantops_deterministic_synthetic_generator,True
1.0.0,a2aeb1c5-153b-5a50-8582-33cc9198b070,synthetic:1.0.0:QCASH:2024-09-11,QCASH,2024-09-11T21:00:00Z,2024-09-11T21:02:00Z,102.263082,102.311703,102.224730,102.273348,1143515,USD,1d,partial_recovery,quantops_deterministic_synthetic_generator,True
1.0.0,3fd96430-c66d-5078-96ad-09a6ae0751d3,synthetic:1.0.0:QTECH:2024-09-12,QTECH,2024-09-12T21:00:00Z,2024-09-12T21:02:00Z,90.631098,91.110541,89.592587,90.069057,2468564,USD,1d,partial_recovery,quantops_deterministic_synthetic_generator,True
1.0.0,9104722f-3ed0-5923-9a7b-73968a8bc96b,synthetic:1.0.0:QGOLD:2024-09-12,QGOLD,2024-09-12T21:00:00Z,2024-09-12T21:02:00Z,175.003091,175.761874,174.060817,174.818801,1000051,USD,1d,partial_recovery,quantops_deterministic_synthetic_generator,True
1.0.0,d5cce90e-a454-59d5-841b-cdba2324a8f8,synthetic:1.0.0:QWTI:2024-09-12,QWTI,2024-09-12T21:00:00Z,2024-09-12T21:02:00Z,40.146528,40.921733,39.957879,40.730341,2211502,USD,1d,partial_recovery,quantops_deterministic_synthetic_generator,True
1.0.0,6ea4fc33-eb59-50cd-8d1f-a30c847dac7a,synthetic:1.0.0:QCASH:2024-09-12,QCASH,2024-09-12T21:00:00Z,2024-09-12T21:02:00Z,102.272156,102.318152,102.233777,102.279770,890933,USD,1d,partial_recovery,quantops_deterministic_synthetic_generator,True
1.0.0,c4339896-e49f-572f-8fe7-39572e113e32,synthetic:1.0.0:QTECH:2024-09-13,QTECH,2024-09-13T21:00:00Z,2024-09-13T21:02:00Z,90.091963,90.718638,89.741489,90.367094,2311787,USD,1d,partial_recovery,quantops_deterministic_synthetic_generator,True
1.0.0,740a2ddc-ac2d-5695-bd6f-81e7d2c232c1,synthetic:1.0.0:QGOLD:2024-09-13,QGOLD,2024-09-13T21:00:00Z,2024-09-13T21:02:00Z,174.782126,175.434385,173.689811,174.340421,1263488,USD,1d,partial_recovery,quantops_deterministic_synthetic_generator,True
1.0.0,1755aa06-5885-53e7-9e5f-bc481e2bb93c,synthetic:1.0.0:QWTI:2024-09-13,QWTI,2024-09-13T21:00:00Z,2024-09-13T21:02:00Z,40.830533,41.694688,40.277522,41.137519,1840791,USD,1d,partial_recovery,quantops_deterministic_synthetic_generator,True
1.0.0,8dc9b9cd-0dc2-5aa3-87eb-05e286edc9c7,synthetic:1.0.0:QCASH:2024-09-13,QCASH,2024-09-13T21:00:00Z,2024-09-13T21:02:00Z,102.281394,102.323146,102.243692,102.285442,1010703,USD,1d,partial_recovery,quantops_deterministic_synthetic_generator,True
1.0.0,967e0e0a-a341-5e51-8216-dfae78bb59af,synthetic:1.0.0:QTECH:2024-09-16,QTECH,2024-09-16T21:00:00Z,2024-09-16T21:02:00Z,90.170775,92.767509,89.805671,92.393404,4532470,USD,1d,partial_recovery,quantops_deterministic_synthetic_generator,True
1.0.0,8b148f71-b31b-523b-b6a8-b376cd8a7475,synthetic:1.0.0:QGOLD:2024-09-16,QGOLD,2024-09-16T21:00:00Z,2024-09-16T21:02:00Z,174.398662,176.043042,173.415156,175.055830,1315503,USD,1d,partial_recovery,quantops_deterministic_synthetic_generator,True
1.0.0,17b050f8-d8c5-5c49-861e-bf9450db27ef,synthetic:1.0.0:QWTI:2024-09-16,QWTI,2024-09-16T21:00:00Z,2024-09-16T21:02:00Z,41.283843,41.651589,41.062470,41.429436,1860077,USD,1d,partial_recovery,quantops_deterministic_synthetic_generator,True
1.0.0,ca757782-aebe-526a-a126-3287bc541092,synthetic:1.0.0:QCASH:2024-09-16,QCASH,2024-09-16T21:00:00Z,2024-09-16T21:02:00Z,102.286456,102.329443,102.246324,102.289310,728975,USD,1d,partial_recovery,quantops_deterministic_synthetic_generator,True
1.0.0,bf06fba8-4ea1-50f7-8bf8-63c6d9206588,synthetic:1.0.0:QTECH:2024-09-17,QTECH,2024-09-17T21:00:00Z,2024-09-17T21:02:00Z,92.519422,94.015013,92.082158,93.572770,3675157,USD,1d,partial_recovery,quantops_deterministic_synthetic_generator,True
1.0.0,2bd27106-238a-558b-ba8a-3c1d946e02b0,synthetic:1.0.0:QGOLD:2024-09-17,QGOLD,2024-09-17T21:00:00Z,2024-09-17T21:02:00Z,174.978660,175.380837,172.770796,173.168814,1990040,USD,1d,partial_recovery,quantops_deterministic_synthetic_generator,True
1.0.0,5216a1f5-a71f-5507-adf9-725f4a88a01b,synthetic:1.0.0:QWTI:2024-09-17,QWTI,2024-09-17T21:00:00Z,2024-09-17T21:02:00Z,41.567925,41.984294,41.329767,41.745121,1848259,USD,1d,partial_recovery,quantops_deterministic_synthetic_generator,True
1.0.0,0021daa5-74be-5de3-92f3-5c9cd72a0d3a,synthetic:1.0.0:QCASH:2024-09-17,QCASH,2024-09-17T21:00:00Z,2024-09-17T21:02:00Z,102.290170,102.330709,102.252197,102.292736,630630,USD,1d,partial_recovery,quantops_deterministic_synthetic_generator,True
1.0.0,d3a83767-d93c-569c-9cae-424528c64463,synthetic:1.0.0:QTECH:2024-09-18,QTECH,2024-09-18T21:00:00Z,2024-09-18T21:02:00Z,93.406327,94.233388,89.413957,90.212740,6294447,USD,1d,partial_recovery,quantops_deterministic_synthetic_generator,True
1.0.0,96f765e0-be06-5875-bb0c-85c601aaa67b,synthetic:1.0.0:QGOLD:2024-09-18,QGOLD,2024-09-18T21:00:00Z,2024-09-18T21:02:00Z,173.311442,176.419240,172.778221,175.878122,2500470,USD,1d,partial_recovery,quantops_deterministic_synthetic_generator,True
1.0.0,3ccbba6b-b8d8-58bf-945f-bb4db84706ff,synthetic:1.0.0:QWTI:2024-09-18,QWTI,2024-09-18T21:00:00Z,2024-09-18T21:02:00Z,41.801018,42.110829,41.209766,41.517476,1746388,USD,1d,partial_recovery,quantops_deterministic_synthetic_generator,True
1.0.0,f323a225-eee0-592a-a9e5-de8912741e3e,synthetic:1.0.0:QCASH:2024-09-18,QCASH,2024-09-18T21:00:00Z,2024-09-18T21:02:00Z,102.291047,102.337451,102.252422,102.298824,857883,USD,1d,partial_recovery,quantops_deterministic_synthetic_generator,True
1.0.0,c698cd1a-7ab9-5fb9-a25e-c24dea771155,synthetic:1.0.0:QTECH:2024-09-19,QTECH,2024-09-19T21:00:00Z,2024-09-19T21:02:00Z,90.289272,90.883040,89.046250,89.635719,2586593,USD,1d,partial_recovery,quantops_deterministic_synthetic_generator,True
1.0.0,baec92a6-8a4c-5d85-aa73-90b44accd95e,synthetic:1.0.0:QGOLD:2024-09-19,QGOLD,2024-09-19T21:00:00Z,2024-09-19T21:02:00Z,175.749268,176.525105,175.034938,175.810526,889739,USD,1d,partial_recovery,quantops_deterministic_synthetic_generator,True
1.0.0,9ef13baf-645a-5b09-98b9-6c831f616185,synthetic:1.0.0:QWTI:2024-09-19,QWTI,2024-09-19T21:00:00Z,2024-09-19T21:02:00Z,41.466554,42.556573,41.266319,42.352062,2667022,USD,1d,partial_recovery,quantops_deterministic_synthetic_generator,True
1.0.0,66f60dea-3dd8-531e-9f82-9ef65d8fe2ea,synthetic:1.0.0:QCASH:2024-09-19,QCASH,2024-09-19T21:00:00Z,2024-09-19T21:02:00Z,102.299839,102.346169,102.259539,102.305867,901525,USD,1d,partial_recovery,quantops_deterministic_synthetic_generator,True
1.0.0,728535cf-0825-52ff-a072-52e981708bdc,synthetic:1.0.0:QTECH:2024-09-20,QTECH,2024-09-20T21:00:00Z,2024-09-20T21:02:00Z,89.902981,91.515217,89.203619,90.808809,3722292,USD,1d,partial_recovery,quantops_deterministic_synthetic_generator,True
1.0.0,d41722b2-8b26-53b6-abf9-6297517e69ba,synthetic:1.0.0:QGOLD:2024-09-20,QGOLD,2024-09-20T21:00:00Z,2024-09-20T21:02:00Z,175.949598,176.647135,174.802594,175.498341,963424,USD,1d,partial_recovery,quantops_deterministic_synthetic_generator,True
1.0.0,15ba0c93-0696-59d1-8336-4219c569bc8c,synthetic:1.0.0:QWTI:2024-09-20,QWTI,2024-09-20T21:00:00Z,2024-09-20T21:02:00Z,42.335260,42.529179,41.953835,42.146892,1551602,USD,1d,partial_recovery,quantops_deterministic_synthetic_generator,True
1.0.0,93b7feed-13f6-537f-bbfa-58dce2b37c13,synthetic:1.0.0:QCASH:2024-09-20,QCASH,2024-09-20T21:00:00Z,2024-09-20T21:02:00Z,102.305529,102.352031,102.266589,102.313088,885661,USD,1d,partial_recovery,quantops_deterministic_synthetic_generator,True
1.0.0,ead258b9-9361-50f9-af79-2ea49a3092e2,synthetic:1.0.0:QTECH:2024-09-23,QTECH,2024-09-23T21:00:00Z,2024-09-23T21:02:00Z,90.674674,91.248363,87.776750,88.335640,5699662,USD,1d,partial_recovery,quantops_deterministic_synthetic_generator,True
1.0.0,f295390c-1437-508f-9308-f285e9a8937b,synthetic:1.0.0:QGOLD:2024-09-23,QGOLD,2024-09-23T21:00:00Z,2024-09-23T21:02:00Z,175.407621,176.095284,174.204461,174.890094,1223576,USD,1d,partial_recovery,quantops_deterministic_synthetic_generator,True
1.0.0,ab45dbc0-e40c-561a-aa62-f9dd35d841a4,synthetic:1.0.0:QWTI:2024-09-23,QWTI,2024-09-23T21:00:00Z,2024-09-23T21:02:00Z,42.085298,42.474902,40.196270,40.571863,4304343,USD,1d,partial_recovery,quantops_deterministic_synthetic_generator,True
1.0.0,c863c54a-3401-5480-b9bf-61fcbdded8b2,synthetic:1.0.0:QCASH:2024-09-23,QCASH,2024-09-23T21:00:00Z,2024-09-23T21:02:00Z,102.312192,102.356086,102.272142,102.316034,669546,USD,1d,partial_recovery,quantops_deterministic_synthetic_generator,True
1.0.0,58abf1bb-9fb8-5e84-99cf-49708104b3cc,synthetic:1.0.0:QTECH:2024-09-24,QTECH,2024-09-24T21:00:00Z,2024-09-24T21:02:00Z,88.365195,88.864403,86.755294,87.248192,3373460,USD,1d,partial_recovery,quantops_deterministic_synthetic_generator,True
1.0.0,6d9eb92a-9595-509d-bf95-bbf8372a49fc,synthetic:1.0.0:QGOLD:2024-09-24,QGOLD,2024-09-24T21:00:00Z,2024-09-24T21:02:00Z,174.993848,175.378199,173.366065,173.747679,1470291,USD,1d,partial_recovery,quantops_deterministic_synthetic_generator,True
1.0.0,d4b0f763-542a-577b-9a07-4a172de77098,synthetic:1.0.0:QWTI:2024-09-24,QWTI,2024-09-24T21:00:00Z,2024-09-24T21:02:00Z,40.587458,41.255944,40.240772,40.906533,1998106,USD,1d,partial_recovery,quantops_deterministic_synthetic_generator,True
1.0.0,2a6074c4-86ee-5e60-a94b-007df0182514,synthetic:1.0.0:QCASH:2024-09-24,QCASH,2024-09-24T21:00:00Z,2024-09-24T21:02:00Z,102.314536,102.357268,102.276755,102.319485,713517,USD,1d,partial_recovery,quantops_deterministic_synthetic_generator,True
1.0.0,517beb81-b034-5d7e-ac2d-befd7c4324d4,synthetic:1.0.0:QTECH:2024-09-25,QTECH,2024-09-25T21:00:00Z,2024-09-25T21:02:00Z,87.363560,87.807847,86.168647,86.609097,2488233,USD,1d,partial_recovery,quantops_deterministic_synthetic_generator,True
1.0.0,34172080-e22d-5806-8c3a-776bc0ac1883,synthetic:1.0.0:QGOLD:2024-09-25,QGOLD,2024-09-25T21:00:00Z,2024-09-25T21:02:00Z,173.957666,174.829760,173.210421,174.081982,1144544,USD,1d,partial_recovery,quantops_deterministic_synthetic_generator,True
1.0.0,7b933c2f-bcb5-5ccf-89b9-0aa7cac0be91,synthetic:1.0.0:QWTI:2024-09-25,QWTI,2024-09-25T21:00:00Z,2024-09-25T21:02:00Z,41.004285,41.367650,40.657598,41.020824,1636150,USD,1d,partial_recovery,quantops_deterministic_synthetic_generator,True
1.0.0,8bb5c005-5081-5d41-be94-02fa315beed0,synthetic:1.0.0:QCASH:2024-09-25,QCASH,2024-09-25T21:00:00Z,2024-09-25T21:02:00Z,102.320033,102.360541,102.281012,102.321518,640502,USD,1d,partial_recovery,quantops_deterministic_synthetic_generator,True
1.0.0,a1cfa148-a28e-5dd0-8b42-1c5b42f5020e,synthetic:1.0.0:QTECH:2024-09-26,QTECH,2024-09-26T21:00:00Z,2024-09-26T21:02:00Z,86.398546,89.357103,86.056035,89.004262,4870625,USD,1d,partial_recovery,quantops_deterministic_synthetic_generator,True
1.0.0,afff30a2-575b-55aa-889c-a8ed39890197,synthetic:1.0.0:QGOLD:2024-09-26,QGOLD,2024-09-26T21:00:00Z,2024-09-26T21:02:00Z,173.983689,174.394822,169.844459,170.246762,2967461,USD,1d,partial_recovery,quantops_deterministic_synthetic_generator,True
1.0.0,7ffe35b8-6877-54e1-81a7-7da51f461f5e,synthetic:1.0.0:QWTI:2024-09-26,QWTI,2024-09-26T21:00:00Z,2024-09-26T21:02:00Z,41.186838,41.373549,40.319234,40.502844,1905676,USD,1d,partial_recovery,quantops_deterministic_synthetic_generator,True
1.0.0,f55358ad-2913-583e-8a5a-71efc6714361,synthetic:1.0.0:QCASH:2024-09-26,QCASH,2024-09-26T21:00:00Z,2024-09-26T21:02:00Z,102.323023,102.362958,102.285224,102.325159,727534,USD,1d,partial_recovery,quantops_deterministic_synthetic_generator,True
1.0.0,26fe3239-53d0-57d4-a48d-f4c1f3a378a2,synthetic:1.0.0:QTECH:2024-09-27,QTECH,2024-09-27T21:00:00Z,2024-09-27T21:02:00Z,88.804139,89.353037,88.250647,88.799516,2243703,USD,1d,partial_recovery,quantops_deterministic_synthetic_generator,True
1.0.0,b48165b3-6534-5c2d-b5f1-51a35c5f4e33,synthetic:1.0.0:QGOLD:2024-09-27,QGOLD,2024-09-27T21:00:00Z,2024-09-27T21:02:00Z,170.261253,170.739462,169.265080,169.741830,1178501,USD,1d,partial_recovery,quantops_deterministic_synthetic_generator,True
1.0.0,28dbaea3-46f5-5679-8379-a38adbf67088,synthetic:1.0.0:QWTI:2024-09-27,QWTI,2024-09-27T21:00:00Z,2024-09-27T21:02:00Z,40.412638,42.426442,40.208175,42.212871,4091151,USD,1d,partial_recovery,quantops_deterministic_synthetic_generator,True
1.0.0,ab56a24b-cbd7-5a71-8f10-5a44aea3db92,synthetic:1.0.0:QCASH:2024-09-27,QCASH,2024-09-27T21:00:00Z,2024-09-27T21:02:00Z,102.326154,102.369147,102.287803,102.330794,847187,USD,1d,partial_recovery,quantops_deterministic_synthetic_generator,True
1.0.0,4c1bc17e-4927-55e8-afb0-a11ab7b3c912,synthetic:1.0.0:QTECH:2024-09-30,QTECH,2024-09-30T21:00:00Z,2024-09-30T21:02:00Z,88.646607,89.164001,88.158691,88.675924,1819187,USD,1d,partial_recovery,quantops_deterministic_synthetic_generator,True
1.0.0,9ce68c79-ceea-5623-894f-d05f602e6679,synthetic:1.0.0:QGOLD:2024-09-30,QGOLD,2024-09-30T21:00:00Z,2024-09-30T21:02:00Z,169.901398,170.827446,167.282456,168.199227,1703629,USD,1d,partial_recovery,quantops_deterministic_synthetic_generator,True
1.0.0,4c766056-68fd-5bed-8dfc-8e1a61af8392,synthetic:1.0.0:QWTI:2024-09-30,QWTI,2024-09-30T21:00:00Z,2024-09-30T21:02:00Z,42.227939,42.774428,41.920024,42.464786,1572081,USD,1d,partial_recovery,quantops_deterministic_synthetic_generator,True
1.0.0,4d024383-f21f-593b-a9aa-37892499542b,synthetic:1.0.0:QCASH:2024-09-30,QCASH,2024-09-30T21:00:00Z,2024-09-30T21:02:00Z,102.331182,102.372492,102.292841,102.334150,645875,USD,1d,partial_recovery,quantops_deterministic_synthetic_generator,True
1.0.0,6ef40f63-e04d-5bea-86e5-70754c4e965f,synthetic:1.0.0:QTECH:2024-10-01,QTECH,2024-10-01T21:00:00Z,2024-10-01T21:02:00Z,88.638072,89.770429,88.108615,89.237392,2601380,USD,1d,partial_recovery,quantops_deterministic_synthetic_generator,True
1.0.0,90e9cab5-b061-5899-959d-1b8f96fde3e1,synthetic:1.0.0:QGOLD:2024-10-01,QGOLD,2024-10-01T21:00:00Z,2024-10-01T21:02:00Z,168.304798,168.748389,167.206169,167.648029,1272204,USD,1d,partial_recovery,quantops_deterministic_synthetic_generator,True
1.0.0,dc407616-1ba8-5068-b547-ba8dd26f7412,synthetic:1.0.0:QWTI:2024-10-01,QWTI,2024-10-01T21:00:00Z,2024-10-01T21:02:00Z,42.370875,42.667820,41.805990,42.101045,1982793,USD,1d,partial_recovery,quantops_deterministic_synthetic_generator,True
1.0.0,6aafe10f-6655-5a91-8966-5ae3055e2b13,synthetic:1.0.0:QCASH:2024-10-01,QCASH,2024-10-01T21:00:00Z,2024-10-01T21:02:00Z,102.334576,102.377786,102.294713,102.337922,701490,USD,1d,partial_recovery,quantops_deterministic_synthetic_generator,True
1.0.0,af8e5e14-e758-57eb-86f2-9591ba1ebebc,synthetic:1.0.0:QTECH:2024-10-02,QTECH,2024-10-02T21:00:00Z,2024-10-02T21:02:00Z,89.178182,89.462269,87.813146,88.093779,3129501,USD,1d,partial_recovery,quantops_deterministic_synthetic_generator,True
1.0.0,60c79aa1-e5ce-540f-b792-f907482f9e47,synthetic:1.0.0:QGOLD:2024-10-02,QGOLD,2024-10-02T21:00:00Z,2024-10-02T21:02:00Z,167.542966,168.181808,167.061013,167.699405,905134,USD,1d,partial_recovery,quantops_deterministic_synthetic_generator,True
1.0.0,c77cbeda-a872-5a4d-ac55-3fa021b16bed,synthetic:1.0.0:QWTI:2024-10-02,QWTI,2024-10-02T21:00:00Z,2024-10-02T21:02:00Z,42.199585,42.436411,41.919815,42.156398,1441405,USD,1d,partial_recovery,quantops_deterministic_synthetic_generator,True
1.0.0,ec44575e-4216-5371-9752-692ad16f27f0,synthetic:1.0.0:QCASH:2024-10-02,QCASH,2024-10-02T21:00:00Z,2024-10-02T21:02:00Z,102.336538,102.381710,102.297961,102.343130,740902,USD,1d,partial_recovery,quantops_deterministic_synthetic_generator,True
1.0.0,dbbd06dc-5fe8-52a9-9494-d689f65f6d09,synthetic:1.0.0:QTECH:2024-10-03,QTECH,2024-10-03T21:00:00Z,2024-10-03T21:02:00Z,87.791980,88.227649,86.145866,86.575498,4017392,USD,1d,partial_recovery,quantops_deterministic_synthetic_generator,True
1.0.0,98895e98-c9a8-5b4e-bbd9-6e3df0260e46,synthetic:1.0.0:QGOLD:2024-10-03,QGOLD,2024-10-03T21:00:00Z,2024-10-03T21:02:00Z,168.053403,168.612788,165.038943,165.590129,2348235,USD,1d,partial_recovery,quantops_deterministic_synthetic_generator,True
1.0.0,2b2baad4-b8ce-5fc0-9c3d-524b7082af25,synthetic:1.0.0:QWTI:2024-10-03,QWTI,2024-10-03T21:00:00Z,2024-10-03T21:02:00Z,42.043963,42.226981,41.625488,41.807477,1746622,USD,1d,partial_recovery,quantops_deterministic_synthetic_generator,True
1.0.0,600666a5-9eb9-5c08-a43a-0b90e75b28d9,synthetic:1.0.0:QCASH:2024-10-03,QCASH,2024-10-03T21:00:00Z,2024-10-03T21:02:00Z,102.340804,102.388134,102.302136,102.349463,826429,USD,1d,partial_recovery,quantops_deterministic_synthetic_generator,True
1.0.0,6af0ab0f-846e-5640-852e-a637bb9390f1,synthetic:1.0.0:QTECH:2024-10-04,QTECH,2024-10-04T21:00:00Z,2024-10-04T21:02:00Z,86.584197,87.776010,86.130915,87.318882,2939057,USD,1d,partial_recovery,quantops_deterministic_synthetic_generator,True
1.0.0,2884da3b-47dc-53d8-8982-4f0bb8493aa5,synthetic:1.0.0:QGOLD:2024-10-04,QGOLD,2024-10-04T21:00:00Z,2024-10-04T21:02:00Z,165.481096,165.851724,164.196555,164.565131,1408831,USD,1d,partial_recovery,quantops_deterministic_synthetic_generator,True
1.0.0,29bf810f-8e57-579e-9446-1ea6d834c239,synthetic:1.0.0:QWTI:2024-10-04,QWTI,2024-10-04T21:00:00Z,2024-10-04T21:02:00Z,41.881632,42.667696,41.611388,42.394145,2237259,USD,1d,partial_recovery,quantops_deterministic_synthetic_generator,True
1.0.0,8f9d1c71-cdea-5a35-a200-e99ea33f8f15,synthetic:1.0.0:QCASH:2024-10-04,QCASH,2024-10-04T21:00:00Z,2024-10-04T21:02:00Z,102.350914,102.395173,102.310482,102.354740,708571,USD,1d,partial_recovery,quantops_deterministic_synthetic_generator,True
1.0.0,b511952d-1aeb-5799-ac75-b60a1f053e55,synthetic:1.0.0:QTECH:2024-10-07,QTECH,2024-10-07T21:00:00Z,2024-10-07T21:02:00Z,87.334704,88.976070,86.937529,88.573261,3422048,USD,1d,partial_recovery,quantops_deterministic_synthetic_generator,True
1.0.0,00fbd09a-2f2b-5e33-80d6-60c969cab533,synthetic:1.0.0:QGOLD:2024-10-07,QGOLD,2024-10-07T21:00:00Z,2024-10-07T21:02:00Z,164.103380,164.671686,160.963872,161.523244,2754168,USD,1d,partial_recovery,quantops_deterministic_synthetic_generator,True
1.0.0,f642147a-1f22-5d36-b7d2-4f9e42738de6,synthetic:1.0.0:QWTI:2024-10-07,QWTI,2024-10-07T21:00:00Z,2024-10-07T21:02:00Z,42.546887,42.761570,42.247576,42.461830,1430595,USD,1d,partial_recovery,quantops_deterministic_synthetic_generator,True
1.0.0,a11b50a9-00e1-5fcb-ab83-4cc1c6fc8f08,synthetic:1.0.0:QCASH:2024-10-07,QCASH,2024-10-07T21:00:00Z,2024-10-07T21:02:00Z,102.352024,102.397526,102.312139,102.357638,625655,USD,1d,partial_recovery,quantops_deterministic_synthetic_generator,True
1.0.0,61ed3ff5-412f-5f18-9889-216f8a5864ce,synthetic:1.0.0:QTECH:2024-10-08,QTECH,2024-10-08T21:00:00Z,2024-10-08T21:02:00Z,88.729916,89.679385,88.289099,89.236054,2724617,USD,1d,partial_recovery,quantops_deterministic_synthetic_generator,True
1.0.0,de4dc3e1-5681-5dcd-bd1b-f05de78e4a32,synthetic:1.0.0:QGOLD:2024-10-08,QGOLD,2024-10-08T21:00:00Z,2024-10-08T21:02:00Z,161.313799,162.234827,160.179663,161.099467,1251520,USD,1d,partial_recovery,quantops_deterministic_synthetic_generator,True
1.0.0,b29b8c92-2b68-5fa0-8ac0-8869b262e7e1,synthetic:1.0.0:QWTI:2024-10-08,QWTI,2024-10-08T21:00:00Z,2024-10-08T21:02:00Z,42.422409,42.686865,41.401178,41.660887,3031522,USD,1d,partial_recovery,quantops_deterministic_synthetic_generator,True
1.0.0,0f311ee7-9216-5a74-9e27-d06df6c39f0a,synthetic:1.0.0:QCASH:2024-10-08,QCASH,2024-10-08T21:00:00Z,2024-10-08T21:02:00Z,102.357993,102.401060,102.319559,102.362624,843623,USD,1d,partial_recovery,quantops_deterministic_synthetic_generator,True
1.0.0,bf273a89-8627-5689-9266-547ab67e8a36,synthetic:1.0.0:QTECH:2024-10-09,QTECH,2024-10-09T21:00:00Z,2024-10-09T21:02:00Z,89.083102,89.533044,87.637239,88.082125,3399515,USD,1d,partial_recovery,quantops_deterministic_synthetic_generator,True
1.0.0,c596fcb4-111f-5dfc-8f08-df92d590b07f,synthetic:1.0.0:QGOLD:2024-10-09,QGOLD,2024-10-09T21:00:00Z,2024-10-09T21:02:00Z,161.360135,161.951268,160.166388,160.755306,1086455,USD,1d,partial_recovery,quantops_deterministic_synthetic_generator,True
1.0.0,79df8aa6-5469-5373-b28f-53704fb1818d,synthetic:1.0.0:QWTI:2024-10-09,QWTI,2024-10-09T21:00:00Z,2024-10-09T21:02:00Z,41.579256,42.817667,41.250976,42.482257,2504156,USD,1d,partial_recovery,quantops_deterministic_synthetic_generator,True
1.0.0,0644c935-39b1-55b2-a9f3-09aeebbce34c,synthetic:1.0.0:QCASH:2024-10-09,QCASH,2024-10-09T21:00:00Z,2024-10-09T21:02:00Z,102.361274,102.406946,102.322310,102.367979,852345,USD,1d,partial_recovery,quantops_deterministic_synthetic_generator,True
1.0.0,fb1388e9-bcfb-5fe8-a920-60397917e4f1,synthetic:1.0.0:QTECH:2024-10-10,QTECH,2024-10-10T21:00:00Z,2024-10-10T21:02:00Z,88.091458,88.660991,87.676376,88.245185,2066154,USD,1d,partial_recovery,quantops_deterministic_synthetic_generator,True
1.0.0,b6ae6b4d-5835-5e69-9c5f-52edf2d9ba9c,synthetic:1.0.0:QGOLD:2024-10-10,QGOLD,2024-10-10T21:00:00Z,2024-10-10T21:02:00Z,160.803551,161.936505,160.317791,161.448796,1460754,USD,1d,partial_recovery,quantops_deterministic_synthetic_generator,True
1.0.0,1591b896-2b19-56ba-92bb-a9fbd3d35339,synthetic:1.0.0:QWTI:2024-10-10,QWTI,2024-10-10T21:00:00Z,2024-10-10T21:02:00Z,42.589493,43.144910,42.142681,42.696970,1561340,USD,1d,partial_recovery,quantops_deterministic_synthetic_generator,True
1.0.0,736a52ab-5bb8-54dc-823f-16f5f075c7be,synthetic:1.0.0:QCASH:2024-10-10,QCASH,2024-10-10T21:00:00Z,2024-10-10T21:02:00Z,102.366665,102.413416,102.326811,102.373559,760114,USD,1d,partial_recovery,quantops_deterministic_synthetic_generator,True
1.0.0,c58120da-f0da-5fb4-b52d-4f8d2ee45d99,synthetic:1.0.0:QTECH:2024-10-11,QTECH,2024-10-11T21:00:00Z,2024-10-11T21:02:00Z,88.313361,89.901545,87.974362,89.557769,4014995,USD,1d,partial_recovery,quantops_deterministic_synthetic_generator,True
1.0.0,35991223-c0f7-5aaa-b6b3-6c55c61eeb22,synthetic:1.0.0:QGOLD:2024-10-11,QGOLD,2024-10-11T21:00:00Z,2024-10-11T21:02:00Z,161.364846,162.729896,160.638943,162.001130,1326999,USD,1d,partial_recovery,quantops_deterministic_synthetic_generator,True
1.0.0,e07940a6-68b8-52be-b62d-0d0d95153a38,synthetic:1.0.0:QWTI:2024-10-11,QWTI,2024-10-11T21:00:00Z,2024-10-11T21:02:00Z,42.658873,43.711595,42.421993,43.470210,2648240,USD,1d,partial_recovery,quantops_deterministic_synthetic_generator,True
1.0.0,30db7d63-e17c-52b3-902c-54887730e749,synthetic:1.0.0:QCASH:2024-10-11,QCASH,2024-10-11T21:00:00Z,2024-10-11T21:02:00Z,102.372960,102.419747,102.333058,102.379842,847237,USD,1d,partial_recovery,quantops_deterministic_synthetic_generator,True
1.0.0,5fd2e13a-1d19-5869-a57f-c907b71e0c48,synthetic:1.0.0:QTECH:2024-10-14,QTECH,2024-10-14T21:00:00Z,2024-10-14T21:02:00Z,89.660627,90.425557,89.239143,90.002466,2540045,USD,1d,partial_recovery,quantops_deterministic_synthetic_generator,True
1.0.0,9133ab99-b6ea-56aa-b4f5-e056d6ead373,synthetic:1.0.0:QGOLD:2024-10-14,QGOLD,2024-10-14T21:00:00Z,2024-10-14T21:02:00Z,162.004032,162.435266,159.004893,159.429274,2319390,USD,1d,partial_recovery,quantops_deterministic_synthetic_generator,True
1.0.0,edbc06d5-c18c-5fc3-b345-7c5d1cfbf170,synthetic:1.0.0:QWTI:2024-10-14,QWTI,2024-10-14T21:00:00Z,2024-10-14T21:02:00Z,43.387181,44.711416,43.142700,44.460885,2722801,USD,1d,partial_recovery,quantops_deterministic_synthetic_generator,True
1.0.0,5a481015-6e13-5c3e-9ce9-b4135f3e0a5c,synthetic:1.0.0:QCASH:2024-10-14,QCASH,2024-10-14T21:00:00Z,2024-10-14T21:02:00Z,102.380201,102.424143,102.341186,102.385125,843261,USD,1d,partial_recovery,quantops_deterministic_synthetic_generator,True
1.0.0,3a01d1ff-170b-5dcb-b284-d8453a32727a,synthetic:1.0.0:QTECH:2024-10-15,QTECH,2024-10-15T21:00:00Z,2024-10-15T21:02:00Z,90.005522,90.687377,89.288238,89.969823,1945413,USD,1d,partial_recovery,quantops_deterministic_synthetic_generator,True
1.0.0,0e36f75d-9fc2-523c-a32e-c3882f670faf,synthetic:1.0.0:QGOLD:2024-10-15,QGOLD,2024-10-15T21:00:00Z,2024-10-15T21:02:00Z,159.109939,159.470953,158.152924,158.512583,1426999,USD,1d,partial_recovery,quantops_deterministic_synthetic_generator,True
1.0.0,68ded7d5-8f9d-5c74-8b71-d293206b89af,synthetic:1.0.0:QWTI:2024-10-15,QWTI,2024-10-15T21:00:00Z,2024-10-15T21:02:00Z,44.437832,45.885761,44.075810,45.514964,2989373,USD,1d,partial_recovery,quantops_deterministic_synthetic_generator,True
1.0.0,03531931-37b3-597e-adcc-b6181470a73c,synthetic:1.0.0:QCASH:2024-10-15,QCASH,2024-10-15T21:00:00Z,2024-10-15T21:02:00Z,102.388245,102.429696,102.348096,102.389546,707485,USD,1d,partial_recovery,quantops_deterministic_synthetic_generator,True
1.0.0,43083464-f525-55d9-995b-4f8f45aac090,synthetic:1.0.0:QTECH:2024-10-16,QTECH,2024-10-16T21:00:00Z,2024-10-16T21:02:00Z,89.965613,90.790887,89.076313,89.900994,1901979,USD,1d,partial_recovery,quantops_deterministic_synthetic_generator,True
1.0.0,c226e0f4-84a5-52cb-95cd-8a1325e58320,synthetic:1.0.0:QGOLD:2024-10-16,QGOLD,2024-10-16T21:00:00Z,2024-10-16T21:02:00Z,158.324584,158.880642,157.336508,157.891043,1224821,USD,1d,partial_recovery,quantops_deterministic_synthetic_generator,True
1.0.0,1203b425-fffc-5944-a5e8-cd62da973895,synthetic:1.0.0:QWTI:2024-10-16,QWTI,2024-10-16T21:00:00Z,2024-10-16T21:02:00Z,45.420964,47.598781,44.926288,47.085971,3547881,USD,1d,partial_recovery,quantops_deterministic_synthetic_generator,True
1.0.0,5bb2510e-331a-5985-9332-feea4d4e2e95,synthetic:1.0.0:QCASH:2024-10-16,QCASH,2024-10-16T21:00:00Z,2024-10-16T21:02:00Z,102.389343,102.435632,102.349720,102.396006,684185,USD,1d,partial_recovery,quantops_deterministic_synthetic_generator,True
1.0.0,67cc43d5-59bc-5f0c-843b-e8fb82308597,synthetic:1.0.0:QTECH:2024-10-17,QTECH,2024-10-17T21:00:00Z,2024-10-17T21:02:00Z,90.318818,90.907446,89.305291,89.891132,1733558,USD,1d,partial_recovery,quantops_deterministic_synthetic_generator,True
1.0.0,a63b49d5-6fae-5fdf-8f45-57ea8f1f410c,synthetic:1.0.0:QGOLD:2024-10-17,QGOLD,2024-10-17T21:00:00Z,2024-10-17T21:02:00Z,158.026567,158.798713,157.665298,158.436506,1147536,USD,1d,partial_recovery,quantops_deterministic_synthetic_generator,True
1.0.0,e3bc42d1-79b8-5bc0-ad28-171e900d74db,synthetic:1.0.0:QWTI:2024-10-17,QWTI,2024-10-17T21:00:00Z,2024-10-17T21:02:00Z,47.244279,48.005496,46.975144,47.733573,1905961,USD,1d,partial_recovery,quantops_deterministic_synthetic_generator,True
1.0.0,d71315a7-df39-523d-a557-c6cf3714c4a6,synthetic:1.0.0:QCASH:2024-10-17,QCASH,2024-10-17T21:00:00Z,2024-10-17T21:02:00Z,102.393570,102.439267,102.354500,102.400194,759180,USD,1d,partial_recovery,quantops_deterministic_synthetic_generator,True
1.0.0,d76de7d4-4f77-5b64-aec1-0b739567c9e2,synthetic:1.0.0:QTECH:2024-10-18,QTECH,2024-10-18T21:00:00Z,2024-10-18T21:02:00Z,90.055902,90.598371,87.452225,87.982202,4551598,USD,1d,partial_recovery,quantops_deterministic_synthetic_generator,True
1.0.0,b345465a-805c-5c5e-a018-6bb12644e1ac,synthetic:1.0.0:QGOLD:2024-10-18,QGOLD,2024-10-18T21:00:00Z,2024-10-18T21:02:00Z,158.518842,159.017367,155.837895,156.329536,2080906,USD,1d,partial_recovery,quantops_deterministic_synthetic_generator,True
1.0.0,1420ae03-2d64-5d46-8bf5-68419665d737,synthetic:1.0.0:QWTI:2024-10-18,QWTI,2024-10-18T21:00:00Z,2024-10-18T21:02:00Z,47.652491,47.902443,47.288861,47.538213,1370436,USD,1d,partial_recovery,quantops_deterministic_synthetic_generator,True
1.0.0,90d4c046-00a3-5647-b1d7-6494a3de074d,synthetic:1.0.0:QCASH:2024-10-18,QCASH,2024-10-18T21:00:00Z,2024-10-18T21:02:00Z,102.398691,102.439863,102.360621,102.401792,587416,USD,1d,partial_recovery,quantops_deterministic_synthetic_generator,True
1.0.0,3270d711-764d-5b82-b896-c89c71cebefb,synthetic:1.0.0:QTECH:2024-10-21,QTECH,2024-10-21T21:00:00Z,2024-10-21T21:02:00Z,88.060520,90.003365,87.718159,89.654806,4484977,USD,1d,partial_recovery,quantops_deterministic_synthetic_generator,True
1.0.0,1cbb9436-b031-5ae3-b07e-a41b4ac27095,synthetic:1.0.0:QGOLD:2024-10-21,QGOLD,2024-10-21T21:00:00Z,2024-10-21T21:02:00Z,156.227907,157.224043,155.689193,156.683757,814640,USD,1d,partial_recovery,quantops_deterministic_synthetic_generator,True
1.0.0,771ba382-7234-5d8a-974d-8c153bf701a3,synthetic:1.0.0:QWTI:2024-10-21,QWTI,2024-10-21T21:00:00Z,2024-10-21T21:02:00Z,47.682366,48.292224,47.409882,48.017823,1987936,USD,1d,partial_recovery,quantops_deterministic_synthetic_generator,True
1.0.0,0f1d8163-c2b9-5db6-af5c-eac38acd90b9,synthetic:1.0.0:QCASH:2024-10-21,QCASH,2024-10-21T21:00:00Z,2024-10-21T21:02:00Z,102.400286,102.447040,102.361769,102.408521,848812,USD,1d,partial_recovery,quantops_deterministic_synthetic_generator,True
1.0.0,8ab004a1-fbb5-5100-b5d5-19297ea6ef80,synthetic:1.0.0:QTECH:2024-10-22,QTECH,2024-10-22T21:00:00Z,2024-10-22T21:02:00Z,89.458979,90.704534,89.172356,90.414849,2936966,USD,1d,partial_recovery,quantops_deterministic_synthetic_generator,True
1.0.0,5872340a-5bec-57ba-a852-c5d175d246a6,synthetic:1.0.0:QGOLD:2024-10-22,QGOLD,2024-10-22T21:00:00Z,2024-10-22T21:02:00Z,156.634628,157.124609,156.190552,156.680403,828235,USD,1d,partial_recovery,quantops_deterministic_synthetic_generator,True
1.0.0,9d85d709-9ea8-5aae-9519-0817a16fbe06,synthetic:1.0.0:QWTI:2024-10-22,QWTI,2024-10-22T21:00:00Z,2024-10-22T21:02:00Z,48.016728,48.366339,47.323276,47.670365,1966409,USD,1d,partial_recovery,quantops_deterministic_synthetic_generator,True
1.0.0,8bb59a63-2e67-5273-8a89-2048acb2a798,synthetic:1.0.0:QCASH:2024-10-22,QCASH,2024-10-22T21:00:00Z,2024-10-22T21:02:00Z,102.408147,102.453788,102.368843,102.414481,812158,USD,1d,partial_recovery,quantops_deterministic_synthetic_generator,True
1.0.0,f1c13b52-4605-569e-a9c9-bea5ef641a2e,synthetic:1.0.0:QTECH:2024-10-23,QTECH,2024-10-23T21:00:00Z,2024-10-23T21:02:00Z,90.300365,91.322657,89.882180,90.901687,2713803,USD,1d,partial_recovery,quantops_deterministic_synthetic_generator,True
1.0.0,346dbb9b-1e3a-5cce-b4af-38b5c3117c83,synthetic:1.0.0:QGOLD:2024-10-23,QGOLD,2024-10-23T21:00:00Z,2024-10-23T21:02:00Z,156.530835,160.045133,155.599776,159.098800,2635448,USD,1d,partial_recovery,quantops_deterministic_synthetic_generator,True
1.0.0,3e09d56c-a611-54a8-bf66-83f6cf7c0929,synthetic:1.0.0:QWTI:2024-10-23,QWTI,2024-10-23T21:00:00Z,2024-10-23T21:02:00Z,47.725474,47.942905,47.343762,47.560441,1315854,USD,1d,partial_recovery,quantops_deterministic_synthetic_generator,True
1.0.0,7717eb20-baf8-5c19-8f55-4939b83ca46f,synthetic:1.0.0:QCASH:2024-10-23,QCASH,2024-10-23T21:00:00Z,2024-10-23T21:02:00Z,102.412126,102.459086,102.372545,102.419502,821041,USD,1d,partial_recovery,quantops_deterministic_synthetic_generator,True
1.0.0,8e9b6f97-56b8-5d4b-8f27-5f558f834469,synthetic:1.0.0:QTECH:2024-10-24,QTECH,2024-10-24T21:00:00Z,2024-10-24T21:02:00Z,90.914649,91.814945,90.466562,91.364641,2542775,USD,1d,partial_recovery,quantops_deterministic_synthetic_generator,True
1.0.0,82bd6fe2-fd2c-5a8d-9666-407a132a9bad,synthetic:1.0.0:QGOLD:2024-10-24,QGOLD,2024-10-24T21:00:00Z,2024-10-24T21:02:00Z,159.415377,160.067675,158.339536,158.990094,892552,USD,1d,partial_recovery,quantops_deterministic_synthetic_generator,True
1.0.0,715dd9d6-9c31-53c7-ac12-68455502a1f0,synthetic:1.0.0:QWTI:2024-10-24,QWTI,2024-10-24T21:00:00Z,2024-10-24T21:02:00Z,47.617431,47.869499,46.896773,47.146347,1868176,USD,1d,partial_recovery,quantops_deterministic_synthetic_generator,True
1.0.0,3e306259-2e98-5dd5-a3ea-a9781bd8688d,synthetic:1.0.0:QCASH:2024-10-24,QCASH,2024-10-24T21:00:00Z,2024-10-24T21:02:00Z,102.418767,102.461962,102.380297,102.423491,681487,USD,1d,partial_recovery,quantops_deterministic_synthetic_generator,True
1.0.0,7960325f-5e7f-5c09-b619-c7b5c230faa2,synthetic:1.0.0:QTECH:2024-10-25,QTECH,2024-10-25T21:00:00Z,2024-10-25T21:02:00Z,91.657577,92.054897,90.990235,91.386379,1745405,USD,1d,partial_recovery,quantops_deterministic_synthetic_generator,True
1.0.0,af21fad7-035e-59ad-a05f-7d9bb575c188,synthetic:1.0.0:QGOLD:2024-10-25,QGOLD,2024-10-25T21:00:00Z,2024-10-25T21:02:00Z,159.003239,160.536102,158.608899,160.138945,1654015,USD,1d,partial_recovery,quantops_deterministic_synthetic_generator,True
1.0.0,9bfacf7b-06d6-5866-8093-6983f6e8cb40,synthetic:1.0.0:QWTI:2024-10-25,QWTI,2024-10-25T21:00:00Z,2024-10-25T21:02:00Z,47.208929,47.441190,46.471758,46.701523,1997700,USD,1d,partial_recovery,quantops_deterministic_synthetic_generator,True
1.0.0,167f49c4-81f8-5c74-abf8-67cd1d7d4b17,synthetic:1.0.0:QCASH:2024-10-25,QCASH,2024-10-25T21:00:00Z,2024-10-25T21:02:00Z,102.427112,102.468319,102.386614,102.427821,701448,USD,1d,partial_recovery,quantops_deterministic_synthetic_generator,True
1.0.0,79667798-5af1-5c2d-807f-16d18a9f90d0,synthetic:1.0.0:QTECH:2024-10-28,QTECH,2024-10-28T21:00:00Z,2024-10-28T21:02:00Z,91.477426,91.833694,90.706170,91.060815,2416456,USD,1d,partial_recovery,quantops_deterministic_synthetic_generator,True
1.0.0,88db60a4-42d8-5aca-97c5-43835aa9d909,synthetic:1.0.0:QGOLD:2024-10-28,QGOLD,2024-10-28T21:00:00Z,2024-10-28T21:02:00Z,160.284194,161.795496,159.881836,161.390362,1425233,USD,1d,partial_recovery,quantops_deterministic_synthetic_generator,True
1.0.0,903e36a5-e98e-5a32-9b04-0029532cea7d,synthetic:1.0.0:QWTI:2024-10-28,QWTI,2024-10-28T21:00:00Z,2024-10-28T21:02:00Z,46.715895,46.986499,46.389578,46.659858,1180701,USD,1d,partial_recovery,quantops_deterministic_synthetic_generator,True
1.0.0,24f16a24-7331-5f2c-8611-42b91067ede3,synthetic:1.0.0:QCASH:2024-10-28,QCASH,2024-10-28T21:00:00Z,2024-10-28T21:02:00Z,102.429221,102.469431,102.390750,102.430959,715953,USD,1d,partial_recovery,quantops_deterministic_synthetic_generator,True
1.0.0,f3e7de43-593a-5735-a4eb-2471b0f24615,synthetic:1.0.0:QTECH:2024-10-29,QTECH,2024-10-29T21:00:00Z,2024-10-29T21:02:00Z,91.166609,91.563187,90.656690,91.052772,1868613,USD,1d,partial_recovery,quantops_deterministic_synthetic_generator,True
1.0.0,39164f29-02cd-5775-87b7-d07e1ff7f1b3,synthetic:1.0.0:QGOLD:2024-10-29,QGOLD,2024-10-29T21:00:00Z,2024-10-29T21:02:00Z,161.145043,162.695944,160.643636,162.191282,1468650,USD,1d,partial_recovery,quantops_deterministic_synthetic_generator,True
1.0.0,65ae80f8-d97c-5c44-8daa-d9948fa1a592,synthetic:1.0.0:QWTI:2024-10-29,QWTI,2024-10-29T21:00:00Z,2024-10-29T21:02:00Z,46.592366,48.185265,46.077803,47.658923,2834658,USD,1d,partial_recovery,quantops_deterministic_synthetic_generator,True
1.0.0,eb5a5135-e117-57b9-85a9-828dd90f5e54,synthetic:1.0.0:QCASH:2024-10-29,QCASH,2024-10-29T21:00:00Z,2024-10-29T21:02:00Z,102.431114,102.476993,102.389739,102.435617,772649,USD,1d,partial_recovery,quantops_deterministic_synthetic_generator,True
1.0.0,0aef894a-2012-554a-8e4b-11bdecadb5d2,synthetic:1.0.0:QTECH:2024-10-30,QTECH,2024-10-30T21:00:00Z,2024-10-30T21:02:00Z,91.134089,91.712920,88.071792,88.634748,5723677,USD,1d,partial_recovery,quantops_deterministic_synthetic_generator,True
1.0.0,938f4f60-2ec2-5abe-bfe7-7f01f2e37918,synthetic:1.0.0:QGOLD:2024-10-30,QGOLD,2024-10-30T21:00:00Z,2024-10-30T21:02:00Z,162.220607,162.752759,161.004077,161.533976,1404057,USD,1d,partial_recovery,quantops_deterministic_synthetic_generator,True
1.0.0,8b48a33a-c5b5-5a5d-a8e7-3ad3294cc2a8,synthetic:1.0.0:QWTI:2024-10-30,QWTI,2024-10-30T21:00:00Z,2024-10-30T21:02:00Z,47.615017,47.929231,47.185763,47.499213,1594310,USD,1d,partial_recovery,quantops_deterministic_synthetic_generator,True
1.0.0,c924038e-e912-5340-812c-4f966b18e650,synthetic:1.0.0:QCASH:2024-10-30,QCASH,2024-10-30T21:00:00Z,2024-10-30T21:02:00Z,102.435343,102.477891,102.397322,102.439868,647371,USD,1d,partial_recovery,quantops_deterministic_synthetic_generator,True
1.0.0,1e49e4a8-b1fd-55e2-9222-99e316185954,synthetic:1.0.0:QTECH:2024-10-31,QTECH,2024-10-31T21:00:00Z,2024-10-31T21:02:00Z,88.978680,89.260282,87.967527,88.246813,2273480,USD,1d,partial_recovery,quantops_deterministic_synthetic_generator,True
1.0.0,506f26ca-f5f2-5599-9f84-c1cee2a157de,synthetic:1.0.0:QGOLD:2024-10-31,QGOLD,2024-10-31T21:00:00Z,2024-10-31T21:02:00Z,161.340808,162.411964,160.816576,161.885960,1064855,USD,1d,partial_recovery,quantops_deterministic_synthetic_generator,True
1.0.0,378433d7-cb3c-5d95-b915-31d62dd1f5b5,synthetic:1.0.0:QWTI:2024-10-31,QWTI,2024-10-31T21:00:00Z,2024-10-31T21:02:00Z,47.482488,48.360486,46.871589,47.746195,1743840,USD,1d,partial_recovery,quantops_deterministic_synthetic_generator,True
1.0.0,16d52c4c-6d38-57b0-807c-4cc150ad5dcb,synthetic:1.0.0:QCASH:2024-10-31,QCASH,2024-10-31T21:00:00Z,2024-10-31T21:02:00Z,102.439636,102.481690,102.400690,102.442742,633751,USD,1d,partial_recovery,quantops_deterministic_synthetic_generator,True
1.0.0,6203bfd0-5d8e-51e0-bc72-229ae4c3948c,synthetic:1.0.0:QTECH:2024-11-01,QTECH,2024-11-01T21:00:00Z,2024-11-01T21:02:00Z,88.233141,88.978097,87.749349,88.492880,2059143,USD,1d,partial_recovery,quantops_deterministic_synthetic_generator,True
1.0.0,a4616024-4bc1-546e-9935-f1fe5318e2ee,synthetic:1.0.0:QGOLD:2024-11-01,QGOLD,2024-11-01T21:00:00Z,2024-11-01T21:02:00Z,161.962049,162.588502,160.702831,161.326827,1197987,USD,1d,partial_recovery,quantops_deterministic_synthetic_generator,True
1.0.0,418a95f4-4ac3-51d5-989f-10958f0ce1d5,synthetic:1.0.0:QWTI:2024-11-01,QWTI,2024-11-01T21:00:00Z,2024-11-01T21:02:00Z,47.729736,48.818422,47.405456,48.488984,2427747,USD,1d,partial_recovery,quantops_deterministic_synthetic_generator,True
1.0.0,c38e3531-694e-50d6-bac5-6996918583b8,synthetic:1.0.0:QCASH:2024-11-01,QCASH,2024-11-01T21:00:00Z,2024-11-01T21:02:00Z,102.440526,102.487861,102.400411,102.447743,757407,USD,1d,partial_recovery,quantops_deterministic_synthetic_generator,True
1.0.0,bfcf4bde-66b3-5889-9ce2-6a56bbf9eacd,synthetic:1.0.0:QTECH:2024-11-04,QTECH,2024-11-04T21:00:00Z,2024-11-04T21:02:00Z,88.241625,89.959927,87.880015,89.592780,3151579,USD,1d,partial_recovery,quantops_deterministic_synthetic_generator,True
1.0.0,47ccdf3e-b693-55f0-9449-89ae3ec866b8,synthetic:1.0.0:QGOLD:2024-11-04,QGOLD,2024-11-04T21:00:00Z,2024-11-04T21:02:00Z,161.369289,162.186290,159.743910,160.556797,1407202,USD,1d,partial_recovery,quantops_deterministic_synthetic_generator,True
1.0.0,de1e0351-4f46-5d02-92dc-dd99e68f781a,synthetic:1.0.0:QWTI:2024-11-04,QWTI,2024-11-04T21:00:00Z,2024-11-04T21:02:00Z,48.495024,48.917718,46.920473,47.333039,2967472,USD,1d,partial_recovery,quantops_deterministic_synthetic_generator,True
1.0.0,5829242e-d9ec-5f7f-b091-16a7d4a0bb9e,synthetic:1.0.0:QCASH:2024-11-04,QCASH,2024-11-04T21:00:00Z,2024-11-04T21:02:00Z,102.448197,102.495149,102.410080,102.457030,998518,USD,1d,partial_recovery,quantops_deterministic_synthetic_generator,True
1.0.0,0ab13080-2bc4-5218-a611-72fb1d46edf0,synthetic:1.0.0:QTECH:2024-11-05,QTECH,2024-11-05T21:00:00Z,2024-11-05T21:02:00Z,89.769257,91.140450,89.114740,90.480746,3096338,USD,1d,partial_recovery,quantops_deterministic_synthetic_generator,True
1.0.0,23bb16ef-1290-511f-99a4-55895d673d12,synthetic:1.0.0:QGOLD:2024-11-05,QGOLD,2024-11-05T21:00:00Z,2024-11-05T21:02:00Z,160.527423,160.999998,158.908183,159.377372,1673519,USD,1d,partial_recovery,quantops_deterministic_synthetic_generator,True
1.0.0,26084491-ba85-5d1e-b8da-110625ea5ac2,synthetic:1.0.0:QWTI:2024-11-05,QWTI,2024-11-05T21:00:00Z,2024-11-05T21:02:00Z,47.289093,48.661966,47.064546,48.431992,2618017,USD,1d,partial_recovery,quantops_deterministic_synthetic_generator,True
1.0.0,4be0e2a5-0ee6-562f-b265-c37c441c636a,synthetic:1.0.0:QCASH:2024-11-05,QCASH,2024-11-05T21:00:00Z,2024-11-05T21:02:00Z,102.457760,102.498699,102.418588,102.459527,625421,USD,1d,partial_recovery,quantops_deterministic_synthetic_generator,True
1.0.0,4a2a9012-adf6-5c6b-9f62-f0cd81fed514,synthetic:1.0.0:QTECH:2024-11-06,QTECH,2024-11-06T21:00:00Z,2024-11-06T21:02:00Z,90.512530,92.075403,90.148004,91.706069,3892748,USD,1d,partial_recovery,quantops_deterministic_synthetic_generator,True
1.0.0,0679023a-ce28-55c6-8dad-c6d2ced67cf7,synthetic:1.0.0:QGOLD:2024-11-06,QGOLD,2024-11-06T21:00:00Z,2024-11-06T21:02:00Z,159.426373,160.104054,156.734997,157.404082,2245538,USD,1d,partial_recovery,quantops_deterministic_synthetic_generator,True
1.0.0,3dbc250b-acca-5ef9-a588-c8deb66e2dbc,synthetic:1.0.0:QWTI:2024-11-06,QWTI,2024-11-06T21:00:00Z,2024-11-06T21:02:00Z,48.414091,48.866269,46.759664,47.200507,3452166,USD,1d,partial_recovery,quantops_deterministic_synthetic_generator,True
1.0.0,31512f34-232f-5ba3-bcac-5f5c17d5ffda,synthetic:1.0.0:QCASH:2024-11-06,QCASH,2024-11-06T21:00:00Z,2024-11-06T21:02:00Z,102.460705,102.504001,102.420828,102.464122,596976,USD,1d,partial_recovery,quantops_deterministic_synthetic_generator,True
1.0.0,cb6bce30-c6f3-5845-9ece-66b1ab4829a2,synthetic:1.0.0:QTECH:2024-11-07,QTECH,2024-11-07T21:00:00Z,2024-11-07T21:02:00Z,91.658869,94.668495,91.201486,94.198440,5693140,USD,1d,partial_recovery,quantops_deterministic_synthetic_generator,True
1.0.0,edc7ed26-5f8a-562a-98ad-f289f4ad2b1f,synthetic:1.0.0:QGOLD:2024-11-07,QGOLD,2024-11-07T21:00:00Z,2024-11-07T21:02:00Z,157.322559,158.574346,156.902906,158.152479,1278847,USD,1d,partial_recovery,quantops_deterministic_synthetic_generator,True
1.0.0,1f285bdd-7677-51d1-a663-031c4b20eaea,synthetic:1.0.0:QWTI:2024-11-07,QWTI,2024-11-07T21:00:00Z,2024-11-07T21:02:00Z,47.234410,47.591753,46.711404,47.067484,1392305,USD,1d,partial_recovery,quantops_deterministic_synthetic_generator,True
1.0.0,88c8bce6-11f5-5886-9e84-c309def60792,synthetic:1.0.0:QCASH:2024-11-07,QCASH,2024-11-07T21:00:00Z,2024-11-07T21:02:00Z,102.463146,102.513462,102.421833,102.472145,1070420,USD,1d,partial_recovery,quantops_deterministic_synthetic_generator,True
1.0.0,f422b6b4-766a-5909-9a48-7820c950b31c,synthetic:1.0.0:QTECH:2024-11-08,QTECH,2024-11-08T21:00:00Z,2024-11-08T21:02:00Z,94.181708,94.666036,93.126256,93.607632,2540177,USD,1d,partial_recovery,quantops_deterministic_synthetic_generator,True
1.0.0,fbcd14f0-249b-5769-9635-17bf5ecbd2f6,synthetic:1.0.0:QGOLD:2024-11-08,QGOLD,2024-11-08T21:00:00Z,2024-11-08T21:02:00Z,158.150576,160.404055,157.799053,160.048315,2440355,USD,1d,partial_recovery,quantops_deterministic_synthetic_generator,True
1.0.0,29aa81af-210a-536b-b0e1-2a33c355e98e,synthetic:1.0.0:QWTI:2024-11-08,QWTI,2024-11-08T21:00:00Z,2024-11-08T21:02:00Z,47.154881,47.489326,45.613914,45.939741,2915645,USD,1d,partial_recovery,quantops_deterministic_synthetic_generator,True
1.0.0,acd039da-8fa5-57f9-80ae-6bc6a55d0477,synthetic:1.0.0:QCASH:2024-11-08,QCASH,2024-11-08T21:00:00Z,2024-11-08T21:02:00Z,102.471601,102.515232,102.433424,102.477052,863389,USD,1d,partial_recovery,quantops_deterministic_synthetic_generator,True
1.0.0,dd3a7bc7-984e-52dd-bc8c-ac4000b9353e,synthetic:1.0.0:QTECH:2024-11-11,QTECH,2024-11-11T21:00:00Z,2024-11-11T21:02:00Z,93.899155,96.807068,93.332900,96.226776,5602273,USD,1d,partial_recovery,quantops_deterministic_synthetic_generator,True
1.0.0,db5be1f0-1f4f-5742-a6d6-ad69f6643b9b,synthetic:1.0.0:QGOLD:2024-11-11,QGOLD,2024-11-11T21:00:00Z,2024-11-11T21:02:00Z,160.429111,161.058690,156.987039,157.605538,2433752,USD,1d,partial_recovery,quantops_deterministic_synthetic_generator,True
1.0.0,aa07a870-765e-50a8-9713-bbf3a9845946,synthetic:1.0.0:QWTI:2024-11-11,QWTI,2024-11-11T21:00:00Z,2024-11-11T21:02:00Z,45.865456,46.881276,45.622938,46.634690,2223851,USD,1d,partial_recovery,quantops_deterministic_synthetic_generator,True
1.0.0,fefdfdfc-c8cb-5b36-9522-b04718888195,synthetic:1.0.0:QCASH:2024-11-11,QCASH,2024-11-11T21:00:00Z,2024-11-11T21:02:00Z,102.478140,102.520724,102.439217,102.481800,776893,USD,1d,partial_recovery,quantops_deterministic_synthetic_generator,True
1.0.0,f8b077c7-d1bf-5b9f-b3a9-250cd97b456c,synthetic:1.0.0:QTECH:2024-11-12,QTECH,2024-11-12T21:00:00Z,2024-11-12T21:02:00Z,96.196448,96.650405,95.742944,96.196900,2066809,USD,1d,partial_recovery,quantops_deterministic_synthetic_generator,True
1.0.0,2344dc9c-ad47-5aeb-95eb-beac0a72ef21,synthetic:1.0.0:QGOLD:2024-11-12,QGOLD,2024-11-12T21:00:00Z,2024-11-12T21:02:00Z,157.894420,158.473606,157.523518,158.102216,1116672,USD,1d,partial_recovery,quantops_deterministic_synthetic_generator,True
1.0.0,0c250ffa-ab95-5d83-bed3-9a048ba89e6b,synthetic:1.0.0:QWTI:2024-11-12,QWTI,2024-11-12T21:00:00Z,2024-11-12T21:02:00Z,46.571706,47.212663,46.221791,46.860577,1542718,USD,1d,partial_recovery,quantops_deterministic_synthetic_generator,True
1.0.0,a30c075f-84a8-59bd-a9c5-de87f5b9e4f6,synthetic:1.0.0:QCASH:2024-11-12,QCASH,2024-11-12T21:00:00Z,2024-11-12T21:02:00Z,102.481025,102.523039,102.443109,102.485121,615023,USD,1d,partial_recovery,quantops_deterministic_synthetic_generator,True
1.0.0,b837951e-764d-5747-b98b-2fedec4b813c,synthetic:1.0.0:QTECH:2024-11-13,QTECH,2024-11-13T21:00:00Z,2024-11-13T21:02:00Z,96.264063,98.373230,95.819089,97.920599,4070087,USD,1d,partial_recovery,quantops_deterministic_synthetic_generator,True
1.0.0,fc5f9991-0c05-5d2a-af9a-06a23d13cdc7,synthetic:1.0.0:QGOLD:2024-11-13,QGOLD,2024-11-13T21:00:00Z,2024-11-13T21:02:00Z,158.471793,160.517097,157.627763,159.666702,1730971,USD,1d,partial_recovery,quantops_deterministic_synthetic_generator,True
1.0.0,1bbd77be-ad5d-51fd-ae4a-9e4f5f8c27f5,synthetic:1.0.0:QWTI:2024-11-13,QWTI,2024-11-13T21:00:00Z,2024-11-13T21:02:00Z,46.857377,48.132433,46.629649,47.899639,2724299,USD,1d,partial_recovery,quantops_deterministic_synthetic_generator,True
1.0.0,19dae411-d8af-5a54-bd19-6ff817fe43d6,synthetic:1.0.0:QCASH:2024-11-13,QCASH,2024-11-13T21:00:00Z,2024-11-13T21:02:00Z,102.486220,102.532649,102.444739,102.491166,892002,USD,1d,partial_recovery,quantops_deterministic_synthetic_generator,True
1.0.0,d5d06c48-9f86-50aa-a69d-51e8137cbddd,synthetic:1.0.0:QTECH:2024-11-14,QTECH,2024-11-14T21:00:00Z,2024-11-14T21:02:00Z,97.630232,98.163392,94.968324,95.489795,4525084,USD,1d,partial_recovery,quantops_deterministic_synthetic_generator,True
1.0.0,1f6b7f19-ab92-53a6-b1ac-80e6c8549e10,synthetic:1.0.0:QGOLD:2024-11-14,QGOLD,2024-11-14T21:00:00Z,2024-11-14T21:02:00Z,159.693386,160.221947,156.711357,157.231770,2656370,USD,1d,partial_recovery,quantops_deterministic_synthetic_generator,True
1.0.0,8a0956bb-9a0f-57ce-b2fb-80e8946b6c47,synthetic:1.0.0:QWTI:2024-11-14,QWTI,2024-11-14T21:00:00Z,2024-11-14T21:02:00Z,47.978387,48.374736,47.206430,47.599650,1794193,USD,1d,partial_recovery,quantops_deterministic_synthetic_generator,True
1.0.0,de2450fa-a459-58ef-8ddc-1a5d438587bf,synthetic:1.0.0:QCASH:2024-11-14,QCASH,2024-11-14T21:00:00Z,2024-11-14T21:02:00Z,102.490622,102.536822,102.449312,102.495511,780232,USD,1d,partial_recovery,quantops_deterministic_synthetic_generator,True
1.0.0,81290f3f-56fa-5b16-904c-cbf11f4c9a4a,synthetic:1.0.0:QTECH:2024-11-15,QTECH,2024-11-15T21:00:00Z,2024-11-15T21:02:00Z,95.518439,96.175915,95.105191,95.761616,2097612,USD,1d,partial_recovery,quantops_deterministic_synthetic_generator,True
1.0.0,14e6ab43-e868-5579-a117-6844fa0d9aee,synthetic:1.0.0:QGOLD:2024-11-15,QGOLD,2024-11-15T21:00:00Z,2024-11-15T21:02:00Z,157.292381,159.217514,156.931422,158.852973,1608326,USD,1d,partial_recovery,quantops_deterministic_synthetic_generator,True
1.0.0,ffa83d5a-bf4f-5b3c-a151-eab142474647,synthetic:1.0.0:QWTI:2024-11-15,QWTI,2024-11-15T21:00:00Z,2024-11-15T21:02:00Z,47.595642,48.051527,45.960687,46.405170,3239106,USD,1d,partial_recovery,quantops_deterministic_synthetic_generator,True
1.0.0,e34f81a6-4788-5e48-b913-890fa34f3fea,synthetic:1.0.0:QCASH:2024-11-15,QCASH,2024-11-15T21:00:00Z,2024-11-15T21:02:00Z,102.496139,102.540314,102.457992,102.502164,826256,USD,1d,partial_recovery,quantops_deterministic_synthetic_generator,True
1.0.0,a2182666-5f81-5c30-be20-aa923609d964,synthetic:1.0.0:QTECH:2024-11-18,QTECH,2024-11-18T21:00:00Z,2024-11-18T21:02:00Z,95.838592,96.380253,95.199763,95.740872,1775954,USD,1d,partial_recovery,quantops_deterministic_synthetic_generator,True
1.0.0,a1c12212-ef90-5f3d-a72c-c54192239305,synthetic:1.0.0:QGOLD:2024-11-18,QGOLD,2024-11-18T21:00:00Z,2024-11-18T21:02:00Z,158.938069,159.507855,156.333264,156.895728,2394058,USD,1d,partial_recovery,quantops_deterministic_synthetic_generator,True
1.0.0,00160f8f-9ecc-5156-9cdf-dd4b13240fb6,synthetic:1.0.0:QWTI:2024-11-18,QWTI,2024-11-18T21:00:00Z,2024-11-18T21:02:00Z,46.334702,46.841012,45.742055,46.247412,1604627,USD,1d,partial_recovery,quantops_deterministic_synthetic_generator,True
1.0.0,361b7c78-1c3a-5e84-b24e-b64257b76487,synthetic:1.0.0:QCASH:2024-11-18,QCASH,2024-11-18T21:00:00Z,2024-11-18T21:02:00Z,102.503233,102.542388,102.463255,102.502410,540200,USD,1d,partial_recovery,quantops_deterministic_synthetic_generator,True
1.0.0,97207253-b1f5-582e-9ea1-f9be28542a8d,synthetic:1.0.0:QTECH:2024-11-19,QTECH,2024-11-19T21:00:00Z,2024-11-19T21:02:00Z,96.044341,96.383595,95.120838,95.458021,1906574,USD,1d,partial_recovery,quantops_deterministic_synthetic_generator,True
1.0.0,38b76482-5b79-5a23-b8bb-067d0828ddb8,synthetic:1.0.0:QGOLD:2024-11-19,QGOLD,2024-11-19T21:00:00Z,2024-11-19T21:02:00Z,157.274122,157.789814,156.287746,156.801890,980149,USD,1d,partial_recovery,quantops_deterministic_synthetic_generator,True
1.0.0,8e6e4b77-e7a7-584b-a754-6252fe6267c3,synthetic:1.0.0:QWTI:2024-11-19,QWTI,2024-11-19T21:00:00Z,2024-11-19T21:02:00Z,46.192675,46.612225,45.900899,46.319648,1398971,USD,1d,partial_recovery,quantops_deterministic_synthetic_generator,True
1.0.0,8642dae8-c166-51a6-baf1-423d5b19f2d0,synthetic:1.0.0:QCASH:2024-11-19,QCASH,2024-11-19T21:00:00Z,2024-11-19T21:02:00Z,102.504365,102.547105,102.466562,102.509300,851842,USD,1d,partial_recovery,quantops_deterministic_synthetic_generator,True
1.0.0,98657386-ad55-5754-82b0-a63d93002057,synthetic:1.0.0:QTECH:2024-11-20,QTECH,2024-11-20T21:00:00Z,2024-11-20T21:02:00Z,95.166685,95.559295,94.786943,95.179502,2095452,USD,1d,partial_recovery,quantops_deterministic_synthetic_generator,True
1.0.0,d687dff0-1f67-5b8a-9a96-adfc36b74499,synthetic:1.0.0:QGOLD:2024-11-20,QGOLD,2024-11-20T21:00:00Z,2024-11-20T21:02:00Z,156.865087,160.450285,156.302536,159.876933,2534870,USD,1d,partial_recovery,quantops_deterministic_synthetic_generator,True
1.0.0,464b0a9a-237c-5fa8-8d1d-520f924d270b,synthetic:1.0.0:QWTI:2024-11-20,QWTI,2024-11-20T21:00:00Z,2024-11-20T21:02:00Z,46.208934,46.505334,45.194177,45.485940,2508505,USD,1d,partial_recovery,quantops_deterministic_synthetic_generator,True
1.0.0,c3401571-0a29-5f37-b2d8-b3cfcd382626,synthetic:1.0.0:QCASH:2024-11-20,QCASH,2024-11-20T21:00:00Z,2024-11-20T21:02:00Z,102.509401,102.551296,102.470934,102.512828,696367,USD,1d,partial_recovery,quantops_deterministic_synthetic_generator,True
1.0.0,8339b2e4-ddd1-538d-b7db-a5d272f6aac2,synthetic:1.0.0:QTECH:2024-11-21,QTECH,2024-11-21T21:00:00Z,2024-11-21T21:02:00Z,95.129765,95.650994,94.708779,95.229566,1934259,USD,1d,partial_recovery,quantops_deterministic_synthetic_generator,True
1.0.0,39c0271c-6461-5a32-90d0-7cec7dec09b0,synthetic:1.0.0:QGOLD:2024-11-21,QGOLD,2024-11-21T21:00:00Z,2024-11-21T21:02:00Z,160.056245,160.650700,159.129524,159.722740,1021735,USD,1d,partial_recovery,quantops_deterministic_synthetic_generator,True
1.0.0,a81c38e0-5230-5935-b950-3b492e1f6de0,synthetic:1.0.0:QWTI:2024-11-21,QWTI,2024-11-21T21:00:00Z,2024-11-21T21:02:00Z,45.475498,45.996293,45.162921,45.682294,1761405,USD,1d,partial_recovery,quantops_deterministic_synthetic_generator,True
1.0.0,89ef7157-789b-55a1-b6b4-82a7a972d263,synthetic:1.0.0:QCASH:2024-11-21,QCASH,2024-11-21T21:00:00Z,2024-11-21T21:02:00Z,102.510972,102.560372,102.471207,102.520603,1049163,USD,1d,partial_recovery,quantops_deterministic_synthetic_generator,True
1.0.0,db0a95f9-d425-5c61-a019-afe5fbac255a,synthetic:1.0.0:QTECH:2024-11-22,QTECH,2024-11-22T21:00:00Z,2024-11-22T21:02:00Z,95.353737,95.769603,93.614215,94.024283,3530516,USD,1d,partial_recovery,quantops_deterministic_synthetic_generator,True
1.0.0,7b683733-80b9-5318-9b3b-89be1fe7e1c0,synthetic:1.0.0:QGOLD:2024-11-22,QGOLD,2024-11-22T21:00:00Z,2024-11-22T21:02:00Z,159.561230,161.357725,158.941150,160.733091,1490061,USD,1d,partial_recovery,quantops_deterministic_synthetic_generator,True
1.0.0,4e34d1e5-c438-51f8-bcf6-6cf3ea0d23ea,synthetic:1.0.0:QWTI:2024-11-22,QWTI,2024-11-22T21:00:00Z,2024-11-22T21:02:00Z,45.668801,46.317648,45.344274,45.990833,1845079,USD,1d,partial_recovery,quantops_deterministic_synthetic_generator,True
1.0.0,44bbb174-38e7-5cfc-bc9f-9e281c90b543,synthetic:1.0.0:QCASH:2024-11-22,QCASH,2024-11-22T21:00:00Z,2024-11-22T21:02:00Z,102.519031,102.570521,102.477385,102.528872,947560,USD,1d,partial_recovery,quantops_deterministic_synthetic_generator,True
1.0.0,d84fc788-2a01-50ef-9375-a736d1cb43ad,synthetic:1.0.0:QTECH:2024-11-25,QTECH,2024-11-25T21:00:00Z,2024-11-25T21:02:00Z,94.057609,94.766813,92.775980,93.480835,2685946,USD,1d,partial_recovery,quantops_deterministic_synthetic_generator,True
1.0.0,1cb3ab54-db8e-5e76-add2-ef640ee87b28,synthetic:1.0.0:QGOLD:2024-11-25,QGOLD,2024-11-25T21:00:00Z,2024-11-25T21:02:00Z,160.880710,161.489090,157.675241,158.273763,2662871,USD,1d,partial_recovery,quantops_deterministic_synthetic_generator,True
1.0.0,afbaa1b5-db52-50a1-97e2-f5488a8dd3b2,synthetic:1.0.0:QWTI:2024-11-25,QWTI,2024-11-25T21:00:00Z,2024-11-25T21:02:00Z,45.919176,46.143492,44.832011,45.052092,2457213,USD,1d,partial_recovery,quantops_deterministic_synthetic_generator,True
1.0.0,b63a6131-96b7-51b8-8ace-ed5293d9aa5f,synthetic:1.0.0:QCASH:2024-11-25,QCASH,2024-11-25T21:00:00Z,2024-11-25T21:02:00Z,102.526746,102.571401,102.487537,102.532190,620617,USD,1d,partial_recovery,quantops_deterministic_synthetic_generator,True
1.0.0,50215b10-b014-5f01-a97c-1d55fab365ab,synthetic:1.0.0:QTECH:2024-11-26,QTECH,2024-11-26T21:00:00Z,2024-11-26T21:02:00Z,93.758110,94.082485,93.167018,93.490467,1888264,USD,1d,partial_recovery,quantops_deterministic_synthetic_generator,True
1.0.0,8aa565e4-ca19-53bc-9e4c-242bbb11341f,synthetic:1.0.0:QGOLD:2024-11-26,QGOLD,2024-11-26T21:00:00Z,2024-11-26T21:02:00Z,158.073172,160.306571,157.660093,159.888747,1921975,USD,1d,partial_recovery,quantops_deterministic_synthetic_generator,True
1.0.0,2ef0e325-d5d1-5319-8b3b-d7825d95d35f,synthetic:1.0.0:QWTI:2024-11-26,QWTI,2024-11-26T21:00:00Z,2024-11-26T21:02:00Z,44.895531,45.221232,44.462994,44.787915,1582400,USD,1d,partial_recovery,quantops_deterministic_synthetic_generator,True
1.0.0,6a8773d9-e2d4-54bf-8325-18173e3b74b8,synthetic:1.0.0:QCASH:2024-11-26,QCASH,2024-11-26T21:00:00Z,2024-11-26T21:02:00Z,102.532592,102.577756,102.491957,102.537118,713842,USD,1d,partial_recovery,quantops_deterministic_synthetic_generator,True
1.0.0,3f460c94-9ec5-54d0-a538-5395ee0f6d48,synthetic:1.0.0:QTECH:2024-11-27,QTECH,2024-11-27T21:00:00Z,2024-11-27T21:02:00Z,93.198143,93.738454,92.748888,93.288763,2081535,USD,1d,partial_recovery,quantops_deterministic_synthetic_generator,True
1.0.0,8cc61d1f-bfd4-5f25-b778-31121e7b33cd,synthetic:1.0.0:QGOLD:2024-11-27,QGOLD,2024-11-27T21:00:00Z,2024-11-27T21:02:00Z,159.808571,160.583216,159.417200,160.190908,1151344,USD,1d,partial_recovery,quantops_deterministic_synthetic_generator,True
1.0.0,ca0e28f3-9348-5c75-b502-64329e7b9052,synthetic:1.0.0:QWTI:2024-11-27,QWTI,2024-11-27T21:00:00Z,2024-11-27T21:02:00Z,44.816895,45.151162,44.158057,44.489885,1847179,USD,1d,partial_recovery,quantops_deterministic_synthetic_generator,True
1.0.0,b20f30eb-5d10-5e61-a329-3739a2ab5dcc,synthetic:1.0.0:QCASH:2024-11-27,QCASH,2024-11-27T21:00:00Z,2024-11-27T21:02:00Z,102.537148,102.582338,102.499147,102.544334,885163,USD,1d,partial_recovery,quantops_deterministic_synthetic_generator,True
1.0.0,3a396c5e-5415-525e-8ea4-baf5b59b3791,synthetic:1.0.0:QTECH:2024-11-28,QTECH,2024-11-28T21:00:00Z,2024-11-28T21:02:00Z,93.272866,93.608597,92.271498,92.604825,2623243,USD,1d,partial_recovery,quantops_deterministic_synthetic_generator,True
1.0.0,0afb809a-02a2-5db1-8f79-fbd8f84f5f47,synthetic:1.0.0:QGOLD:2024-11-28,QGOLD,2024-11-28T21:00:00Z,2024-11-28T21:02:00Z,160.167674,161.199771,159.671670,160.702112,1105651,USD,1d,partial_recovery,quantops_deterministic_synthetic_generator,True
1.0.0,92006add-0e61-5618-bdfc-2ee23f1bf6dd,synthetic:1.0.0:QWTI:2024-11-28,QWTI,2024-11-28T21:00:00Z,2024-11-28T21:02:00Z,44.680847,45.147157,44.013141,44.477328,1455042,USD,1d,partial_recovery,quantops_deterministic_synthetic_generator,True
1.0.0,4c2e692d-066b-59dc-a2ee-2d551e585204,synthetic:1.0.0:QCASH:2024-11-28,QCASH,2024-11-28T21:00:00Z,2024-11-28T21:02:00Z,102.544123,102.586891,102.503995,102.546762,644405,USD,1d,partial_recovery,quantops_deterministic_synthetic_generator,True
1.0.0,ed8df071-8009-5619-a8a0-fe39723abe68,synthetic:1.0.0:QTECH:2024-11-29,QTECH,2024-11-29T21:00:00Z,2024-11-29T21:02:00Z,92.370016,92.938549,91.328568,91.894172,2712463,USD,1d,partial_recovery,quantops_deterministic_synthetic_generator,True
1.0.0,94cd7873-9c9b-5f65-a411-c3c115827d3e,synthetic:1.0.0:QGOLD:2024-11-29,QGOLD,2024-11-29T21:00:00Z,2024-11-29T21:02:00Z,160.379259,161.178370,159.498640,160.297343,1189843,USD,1d,partial_recovery,quantops_deterministic_synthetic_generator,True
1.0.0,0b3db69b-c83a-5fda-89d1-866dcf6c9d5a,synthetic:1.0.0:QWTI:2024-11-29,QWTI,2024-11-29T21:00:00Z,2024-11-29T21:02:00Z,44.485918,44.687867,43.523635,43.722116,2216200,USD,1d,partial_recovery,quantops_deterministic_synthetic_generator,True
1.0.0,eb047a4d-f7d6-5162-a261-b274bfec935a,synthetic:1.0.0:QCASH:2024-11-29,QCASH,2024-11-29T21:00:00Z,2024-11-29T21:02:00Z,102.546242,102.592050,102.507358,102.553163,890027,USD,1d,partial_recovery,quantops_deterministic_synthetic_generator,True
1.0.0,94c95105-6fad-5178-941b-5a7ae999598e,synthetic:1.0.0:QTECH:2024-12-02,QTECH,2024-12-02T21:00:00Z,2024-12-02T21:02:00Z,92.172788,93.803025,91.320047,92.943157,3000755,USD,1d,partial_recovery,quantops_deterministic_synthetic_generator,True
1.0.0,9f4f9cf8-c0d4-5563-ad24-11d90354f209,synthetic:1.0.0:QGOLD:2024-12-02,QGOLD,2024-12-02T21:00:00Z,2024-12-02T21:02:00Z,160.357366,160.878319,159.407349,159.926903,1115756,USD,1d,partial_recovery,quantops_deterministic_synthetic_generator,True
1.0.0,3b617565-9307-560e-a20f-ff3c5b10eb01,synthetic:1.0.0:QWTI:2024-12-02,QWTI,2024-12-02T21:00:00Z,2024-12-02T21:02:00Z,43.578371,45.587847,43.295533,45.293875,4177656,USD,1d,partial_recovery,quantops_deterministic_synthetic_generator,True
1.0.0,69493986-f7b0-5e07-83c4-69c7758486ff,synthetic:1.0.0:QCASH:2024-12-02,QCASH,2024-12-02T21:00:00Z,2024-12-02T21:02:00Z,102.552428,102.594907,102.513637,102.556115,706179,USD,1d,partial_recovery,quantops_deterministic_synthetic_generator,True
1.0.0,d334d038-7669-5af8-9bb3-cd976b04c473,synthetic:1.0.0:QTECH:2024-12-03,QTECH,2024-12-03T21:00:00Z,2024-12-03T21:02:00Z,92.918677,94.658747,92.609250,94.344571,3489621,USD,1d,partial_recovery,quantops_deterministic_synthetic_generator,True
1.0.0,a6962f90-15d3-5f8c-9981-e0140ce8ba6a,synthetic:1.0.0:QGOLD:2024-12-03,QGOLD,2024-12-03T21:00:00Z,2024-12-03T21:02:00Z,160.134599,160.515216,159.270836,159.650302,1174637,USD,1d,partial_recovery,quantops_deterministic_synthetic_generator,True
1.0.0,aef422a1-3a61-5cb1-8ead-8bac5bf938fe,synthetic:1.0.0:QWTI:2024-12-03,QWTI,2024-12-03T21:00:00Z,2024-12-03T21:02:00Z,45.244971,47.185814,45.029125,46.961777,4133121,USD,1d,partial_recovery,quantops_deterministic_synthetic_generator,True
1.0.0,b0da9ba2-c648-5e9c-bebb-24ce2a0ad262,synthetic:1.0.0:QCASH:2024-12-03,QCASH,2024-12-03T21:00:00Z,2024-12-03T21:02:00Z,102.555957,102.603728,102.515399,102.563167,932392,USD,1d,partial_recovery,quantops_deterministic_synthetic_generator,True
1.0.0,c2d45743-4d9e-50cb-97ca-3c45aa7cfcbd,synthetic:1.0.0:QTECH:2024-12-04,QTECH,2024-12-04T21:00:00Z,2024-12-04T21:02:00Z,94.510906,95.072796,93.732757,94.293354,1842482,USD,1d,partial_recovery,quantops_deterministic_synthetic_generator,True
1.0.0,0eec681f-64c5-507c-8c81-c4345a8d4548,synthetic:1.0.0:QGOLD:2024-12-04,QGOLD,2024-12-04T21:00:00Z,2024-12-04T21:02:00Z,159.937856,160.421733,159.094952,159.577740,1006178,USD,1d,partial_recovery,quantops_deterministic_synthetic_generator,True
1.0.0,da30210c-808e-524d-a1b1-0afb1c3259a6,synthetic:1.0.0:QWTI:2024-12-04,QWTI,2024-12-04T21:00:00Z,2024-12-04T21:02:00Z,46.949096,47.459357,45.961439,46.466455,2011181,USD,1d,partial_recovery,quantops_deterministic_synthetic_generator,True
1.0.0,8f13df8d-52ed-52b1-8a93-ffb2d724e569,synthetic:1.0.0:QCASH:2024-12-04,QCASH,2024-12-04T21:00:00Z,2024-12-04T21:02:00Z,102.564216,102.606842,102.525263,102.567888,807979,USD,1d,partial_recovery,quantops_deterministic_synthetic_generator,True
1.0.0,9cbdf45c-d764-5ba7-88af-aeec5f131080,synthetic:1.0.0:QTECH:2024-12-05,QTECH,2024-12-05T21:00:00Z,2024-12-05T21:02:00Z,94.085292,94.423899,93.399267,93.736620,2765305,USD,1d,partial_recovery,quantops_deterministic_synthetic_generator,True
1.0.0,0cfc8991-766c-5318-a52b-2362159977da,synthetic:1.0.0:QGOLD:2024-12-05,QGOLD,2024-12-05T21:00:00Z,2024-12-05T21:02:00Z,159.537661,162.155643,158.739768,161.348693,2526266,USD,1d,partial_recovery,quantops_deterministic_synthetic_generator,True
1.0.0,388e8393-0d4f-51fe-a78b-dac725b02fba,synthetic:1.0.0:QWTI:2024-12-05,QWTI,2024-12-05T21:00:00Z,2024-12-05T21:02:00Z,46.344955,46.543147,45.873622,46.070641,2018413,USD,1d,partial_recovery,quantops_deterministic_synthetic_generator,True
1.0.0,ab5f3b67-c529-58fb-a816-ba7e692781f1,synthetic:1.0.0:QCASH:2024-12-05,QCASH,2024-12-05T21:00:00Z,2024-12-05T21:02:00Z,102.567174,102.611926,102.528269,102.573019,706558,USD,1d,partial_recovery,quantops_deterministic_synthetic_generator,True
1.0.0,c68bd529-68a9-5ca7-8a2f-40fea13ea4e0,synthetic:1.0.0:QTECH:2024-12-06,QTECH,2024-12-06T21:00:00Z,2024-12-06T21:02:00Z,93.470395,93.867982,92.453601,92.848544,3187808,USD,1d,partial_recovery,quantops_deterministic_synthetic_generator,True
1.0.0,bc85a1f3-88f4-54e2-ad38-f85bec7a033b,synthetic:1.0.0:QGOLD:2024-12-06,QGOLD,2024-12-06T21:00:00Z,2024-12-06T21:02:00Z,161.480273,163.692168,160.752227,162.957462,1728376,USD,1d,partial_recovery,quantops_deterministic_synthetic_generator,True
1.0.0,1b60c7c2-db6a-58f8-a451-899fbabe88d1,synthetic:1.0.0:QWTI:2024-12-06,QWTI,2024-12-06T21:00:00Z,2024-12-06T21:02:00Z,46.079937,46.416726,45.599845,45.935579,1480593,USD,1d,partial_recovery,quantops_deterministic_synthetic_generator,True
1.0.0,ccf7fe18-692c-5e10-86f4-8a7dd57e1294,synthetic:1.0.0:QCASH:2024-12-06,QCASH,2024-12-06T21:00:00Z,2024-12-06T21:02:00Z,102.572149,102.618503,102.533097,102.579449,860675,USD,1d,partial_recovery,quantops_deterministic_synthetic_generator,True
1.0.0,1ccbe493-667f-510a-8975-e7b5a329091b,synthetic:1.0.0:QTECH:2024-12-09,QTECH,2024-12-09T21:00:00Z,2024-12-09T21:02:00Z,93.004112,94.625154,92.317339,93.931532,3245846,USD,1d,partial_recovery,quantops_deterministic_synthetic_generator,True
1.0.0,0c9f25fd-a38e-5be6-b602-33d614c194f8,synthetic:1.0.0:QGOLD:2024-12-09,QGOLD,2024-12-09T21:00:00Z,2024-12-09T21:02:00Z,162.856500,164.716529,162.430847,164.287137,1962056,USD,1d,partial_recovery,quantops_deterministic_synthetic_generator,True
1.0.0,9dae68c5-b79c-5cf6-8cb3-df77cb8c3088,synthetic:1.0.0:QWTI:2024-12-09,QWTI,2024-12-09T21:00:00Z,2024-12-09T21:02:00Z,46.189413,46.890041,45.914201,46.612309,2353822,USD,1d,partial_recovery,quantops_deterministic_synthetic_generator,True
1.0.0,b2ab204a-22ec-514f-a886-22f85d2f207d,synthetic:1.0.0:QCASH:2024-12-09,QCASH,2024-12-09T21:00:00Z,2024-12-09T21:02:00Z,102.578394,102.620457,102.540362,102.582424,639012,USD,1d,partial_recovery,quantops_deterministic_synthetic_generator,True
1.0.0,bf1e3816-dd0a-5ba8-9de6-7a08d2de6a2e,synthetic:1.0.0:QTECH:2024-12-10,QTECH,2024-12-10T21:00:00Z,2024-12-10T21:02:00Z,93.867935,94.495503,92.574880,93.197968,2996333,USD,1d,partial_recovery,quantops_deterministic_synthetic_generator,True
1.0.0,63a05f9d-3b96-5cd0-a2f1-6d997a6ca594,synthetic:1.0.0:QGOLD:2024-12-10,QGOLD,2024-12-10T21:00:00Z,2024-12-10T21:02:00Z,164.610514,167.250517,163.896196,166.527878,2091635,USD,1d,partial_recovery,quantops_deterministic_synthetic_generator,True
1.0.0,46ad3f24-2836-5f29-a1a7-1d44672358b1,synthetic:1.0.0:QWTI:2024-12-10,QWTI,2024-12-10T21:00:00Z,2024-12-10T21:02:00Z,46.339061,47.015209,45.916103,46.589961,1262601,USD,1d,partial_recovery,quantops_deterministic_synthetic_generator,True
1.0.0,d1ce122c-c3f8-5269-8a07-681d37cd1f1a,synthetic:1.0.0:QCASH:2024-12-10,QCASH,2024-12-10T21:00:00Z,2024-12-10T21:02:00Z,102.582418,102.627650,102.543072,102.588302,854606,USD,1d,partial_recovery,quantops_deterministic_synthetic_generator,True
1.0.0,673c834d-4326-57b7-abb0-083d92896bac,synthetic:1.0.0:QTECH:2024-12-11,QTECH,2024-12-11T21:00:00Z,2024-12-11T21:02:00Z,93.157283,95.658071,92.708545,95.199496,3649268,USD,1d,partial_recovery,quantops_deterministic_synthetic_generator,True
1.0.0,a7725f3c-6049-5365-9ec0-b95dcfb6e71b,synthetic:1.0.0:QGOLD:2024-12-11,QGOLD,2024-12-11T21:00:00Z,2024-12-11T21:02:00Z,166.598457,167.541600,163.203283,164.132465,2124291,USD,1d,partial_recovery,quantops_deterministic_synthetic_generator,True
1.0.0,f8d22d6d-cd4f-546f-9782-27842ad8d851,synthetic:1.0.0:QWTI:2024-12-11,QWTI,2024-12-11T21:00:00Z,2024-12-11T21:02:00Z,46.536566,48.378062,46.201082,48.031799,3267710,USD,1d,partial_recovery,quantops_deterministic_synthetic_generator,True
1.0.0,347c2f42-aaab-5964-ae18-7ec1d1557517,synthetic:1.0.0:QCASH:2024-12-11,QCASH,2024-12-11T21:00:00Z,2024-12-11T21:02:00Z,102.587521,102.630252,102.548785,102.591514,670437,USD,1d,partial_recovery,quantops_deterministic_synthetic_generator,True
1.0.0,f4f33a12-9814-58e5-863c-d6484ab9155f,synthetic:1.0.0:QTECH:2024-12-12,QTECH,2024-12-12T21:00:00Z,2024-12-12T21:02:00Z,95.017589,95.585147,94.587065,95.154004,2115113,USD,1d,partial_recovery,quantops_deterministic_synthetic_generator,True
1.0.0,c118bb63-bdcf-5bbd-839e-94fe57e116d5,synthetic:1.0.0:QGOLD:2024-12-12,QGOLD,2024-12-12T21:00:00Z,2024-12-12T21:02:00Z,164.143259,166.378949,163.371199,165.600037,1702705,USD,1d,partial_recovery,quantops_deterministic_synthetic_generator,True
1.0.0,3ec7c63c-fc37-541a-88a4-63b940515448,synthetic:1.0.0:QWTI:2024-12-12,QWTI,2024-12-12T21:00:00Z,2024-12-12T21:02:00Z,48.122951,48.514781,46.709458,47.092902,2808146,USD,1d,partial_recovery,quantops_deterministic_synthetic_generator,True
1.0.0,9a611845-a9b0-5fb9-89f1-c0f50a181273,synthetic:1.0.0:QCASH:2024-12-12,QCASH,2024-12-12T21:00:00Z,2024-12-12T21:02:00Z,102.591412,102.636469,102.553382,102.598436,833555,USD,1d,partial_recovery,quantops_deterministic_synthetic_generator,True
1.0.0,ed41286c-17d5-58f6-8b2e-470093546205,synthetic:1.0.0:QTECH:2024-12-13,QTECH,2024-12-13T21:00:00Z,2024-12-13T21:02:00Z,95.007808,95.471093,94.236773,94.698549,2126095,USD,1d,partial_recovery,quantops_deterministic_synthetic_generator,True
1.0.0,4f0bfafa-680d-5cf9-b586-c3e87a7b43e7,synthetic:1.0.0:QGOLD:2024-12-13,QGOLD,2024-12-13T21:00:00Z,2024-12-13T21:02:00Z,165.546547,166.116558,165.116695,165.686344,843615,USD,1d,partial_recovery,quantops_deterministic_synthetic_generator,True
1.0.0,214dc311-6779-54e6-ba8f-eefd33ad051f,synthetic:1.0.0:QWTI:2024-12-13,QWTI,2024-12-13T21:00:00Z,2024-12-13T21:02:00Z,47.025647,48.555672,46.624942,48.145425,2508154,USD,1d,partial_recovery,quantops_deterministic_synthetic_generator,True
1.0.0,84e884b0-c877-583e-a9aa-c61d444024f0,synthetic:1.0.0:QCASH:2024-12-13,QCASH,2024-12-13T21:00:00Z,2024-12-13T21:02:00Z,102.599644,102.645163,102.560309,102.605826,889002,USD,1d,partial_recovery,quantops_deterministic_synthetic_generator,True
1.0.0,8bef3e2c-a84e-5215-9645-a36cdd5d08f2,synthetic:1.0.0:QTECH:2024-12-16,QTECH,2024-12-16T21:00:00Z,2024-12-16T21:02:00Z,94.843420,95.380424,94.461144,94.997527,2172205,USD,1d,partial_recovery,quantops_deterministic_synthetic_generator,True
1.0.0,d064cd37-de29-5201-8c3b-e08706d5f669,synthetic:1.0.0:QGOLD:2024-12-16,QGOLD,2024-12-16T21:00:00Z,2024-12-16T21:02:00Z,165.724837,166.785467,165.112196,166.171176,1106147,USD,1d,partial_recovery,quantops_deterministic_synthetic_generator,True
1.0.0,102d256a-0e1c-53bc-b162-e5cac9b265f4,synthetic:1.0.0:QWTI:2024-12-16,QWTI,2024-12-16T21:00:00Z,2024-12-16T21:02:00Z,48.207296,48.998610,47.987993,48.776717,2172156,USD,1d,partial_recovery,quantops_deterministic_synthetic_generator,True
1.0.0,20173d5d-faa7-574d-aff9-0803f33b1283,synthetic:1.0.0:QCASH:2024-12-16,QCASH,2024-12-16T21:00:00Z,2024-12-16T21:02:00Z,102.607439,102.654968,102.568276,102.615801,1097449,USD,1d,partial_recovery,quantops_deterministic_synthetic_generator,True
1.0.0,bca2cb3a-3cc0-5f1e-a71a-e1e057662ced,synthetic:1.0.0:QTECH:2024-12-17,QTECH,2024-12-17T21:00:00Z,2024-12-17T21:02:00Z,94.951360,97.112855,94.380412,96.532400,3634602,USD,1d,partial_recovery,quantops_deterministic_synthetic_generator,True
1.0.0,b2a7a869-2a11-59e1-b4f7-ac3178ef69b0,synthetic:1.0.0:QGOLD:2024-12-17,QGOLD,2024-12-17T21:00:00Z,2024-12-17T21:02:00Z,166.126200,167.151321,165.028053,166.052720,1005129,USD,1d,partial_recovery,quantops_deterministic_synthetic_generator,True
1.0.0,01aa8f36-4f38-5823-94a9-c2c967c30b5e,synthetic:1.0.0:QWTI:2024-12-17,QWTI,2024-12-17T21:00:00Z,2024-12-17T21:02:00Z,48.873265,49.205956,47.686855,48.013695,2512460,USD,1d,partial_recovery,quantops_deterministic_synthetic_generator,True
1.0.0,60d2533d-7700-5c14-876b-fc0e552a3da9,synthetic:1.0.0:QCASH:2024-12-17,QCASH,2024-12-17T21:00:00Z,2024-12-17T21:02:00Z,102.618050,102.658743,102.578102,102.618795,630981,USD,1d,partial_recovery,quantops_deterministic_synthetic_generator,True
1.0.0,cb99ae0c-3792-5581-9f15-9d436c60b52f,synthetic:1.0.0:QTECH:2024-12-18,QTECH,2024-12-18T21:00:00Z,2024-12-18T21:02:00Z,96.369602,96.812855,95.363482,95.804134,2634344,USD,1d,partial_recovery,quantops_deterministic_synthetic_generator,True
1.0.0,fe4731ea-f93b-53be-8821-47a134b47139,synthetic:1.0.0:QGOLD:2024-12-18,QGOLD,2024-12-18T21:00:00Z,2024-12-18T21:02:00Z,165.722812,168.385716,165.215269,167.871593,1859473,USD,1d,partial_recovery,quantops_deterministic_synthetic_generator,True
1.0.0,98fa7afc-a5d6-58da-a05b-396b5e488f67,synthetic:1.0.0:QWTI:2024-12-18,QWTI,2024-12-18T21:00:00Z,2024-12-18T21:02:00Z,48.145409,48.535533,46.437888,46.817249,3224112,USD,1d,partial_recovery,quantops_deterministic_synthetic_generator,True
1.0.0,3d9b00c1-2729-53da-8485-4173aa86ec6a,synthetic:1.0.0:QCASH:2024-12-18,QCASH,2024-12-18T21:00:00Z,2024-12-18T21:02:00Z,102.618746,102.666317,102.577247,102.624815,785938,USD,1d,partial_recovery,quantops_deterministic_synthetic_generator,True
1.0.0,30c05768-9d4e-5add-80fc-802e433a997b,synthetic:1.0.0:QTECH:2024-12-19,QTECH,2024-12-19T21:00:00Z,2024-12-19T21:02:00Z,95.645629,95.967724,94.842453,95.162923,3106792,USD,1d,partial_recovery,quantops_deterministic_synthetic_generator,True
1.0.0,43687943-3e7a-5b67-911e-7134677ce3bb,synthetic:1.0.0:QGOLD:2024-12-19,QGOLD,2024-12-19T21:00:00Z,2024-12-19T21:02:00Z,167.833234,168.689766,166.009328,166.860898,1436558,USD,1d,partial_recovery,quantops_deterministic_synthetic_generator,True
1.0.0,07855f53-ae33-58cf-b056-6bc2a2d011f2,synthetic:1.0.0:QWTI:2024-12-19,QWTI,2024-12-19T21:00:00Z,2024-12-19T21:02:00Z,46.692046,46.979774,45.464153,45.746051,2989414,USD,1d,partial_recovery,quantops_deterministic_synthetic_generator,True
1.0.0,ab02d1de-e60b-5e3e-b38d-458ef9e84b2c,synthetic:1.0.0:QCASH:2024-12-19,QCASH,2024-12-19T21:00:00Z,2024-12-19T21:02:00Z,102.625638,102.669036,102.586094,102.629491,691244,USD,1d,partial_recovery,quantops_deterministic_synthetic_generator,True
1.0.0,9d3c4472-d68a-5db3-bed1-7808a44ef187,synthetic:1.0.0:QTECH:2024-12-20,QTECH,2024-12-20T21:00:00Z,2024-12-20T21:02:00Z,94.956103,97.697333,94.407708,97.136347,3920537,USD,1d,partial_recovery,quantops_deterministic_synthetic_generator,True
1.0.0,e2b4fd85-bfc2-5648-9b36-82007b409324,synthetic:1.0.0:QGOLD:2024-12-20,QGOLD,2024-12-20T21:00:00Z,2024-12-20T21:02:00Z,166.831956,168.942305,166.131339,168.235793,1686701,USD,1d,partial_recovery,quantops_deterministic_synthetic_generator,True
1.0.0,6904a365-4d52-5c17-828e-64384da73268,synthetic:1.0.0:QWTI:2024-12-20,QWTI,2024-12-20T21:00:00Z,2024-12-20T21:02:00Z,45.741376,46.063430,45.006109,45.325233,1918614,USD,1d,partial_recovery,quantops_deterministic_synthetic_generator,True
1.0.0,6e8addbd-883b-5a51-a1a3-1ad46cc7a62f,synthetic:1.0.0:QCASH:2024-12-20,QCASH,2024-12-20T21:00:00Z,2024-12-20T21:02:00Z,102.628283,102.671973,102.590479,102.634167,785868,USD,1d,partial_recovery,quantops_deterministic_synthetic_generator,True
1.0.0,2779078a-fba5-509b-84d7-481508ca6da4,synthetic:1.0.0:QTECH:2024-12-23,QTECH,2024-12-23T21:00:00Z,2024-12-23T21:02:00Z,97.075340,98.723341,96.504766,98.146472,2862674,USD,1d,partial_recovery,quantops_deterministic_synthetic_generator,True
1.0.0,996434e4-3287-5ffb-a3a5-6f2cba80457a,synthetic:1.0.0:QGOLD:2024-12-23,QGOLD,2024-12-23T21:00:00Z,2024-12-23T21:02:00Z,168.498528,169.100212,167.305735,167.905301,965598,USD,1d,partial_recovery,quantops_deterministic_synthetic_generator,True
1.0.0,8848c931-18d8-5bbc-a553-ec2428ea0860,synthetic:1.0.0:QWTI:2024-12-23,QWTI,2024-12-23T21:00:00Z,2024-12-23T21:02:00Z,45.393375,45.671494,44.067102,44.338759,2919397,USD,1d,partial_recovery,quantops_deterministic_synthetic_generator,True
1.0.0,4627f6c6-36f6-5886-b3b0-452af0345861,synthetic:1.0.0:QCASH:2024-12-23,QCASH,2024-12-23T21:00:00Z,2024-12-23T21:02:00Z,102.634516,102.677200,102.596045,102.638728,699069,USD,1d,partial_recovery,quantops_deterministic_synthetic_generator,True
1.0.0,868e848c-5c99-5fd4-9409-0fd8a02131fe,synthetic:1.0.0:QTECH:2024-12-24,QTECH,2024-12-24T21:00:00Z,2024-12-24T21:02:00Z,98.184721,98.633695,97.010049,97.455690,2408685,USD,1d,partial_recovery,quantops_deterministic_synthetic_generator,True
1.0.0,eee232cb-2002-5dfa-a6a8-046b8cd1aa17,synthetic:1.0.0:QGOLD:2024-12-24,QGOLD,2024-12-24T21:00:00Z,2024-12-24T21:02:00Z,167.819309,168.716102,166.953877,167.850509,868312,USD,1d,partial_recovery,quantops_deterministic_synthetic_generator,True
1.0.0,f6415e29-10e2-5332-beda-e162550efc4d,synthetic:1.0.0:QWTI:2024-12-24,QWTI,2024-12-24T21:00:00Z,2024-12-24T21:02:00Z,44.046444,44.342913,43.352019,43.645791,2220791,USD,1d,partial_recovery,quantops_deterministic_synthetic_generator,True
1.0.0,75b4b973-c358-51c6-b95f-b60833f5a4b2,synthetic:1.0.0:QCASH:2024-12-24,QCASH,2024-12-24T21:00:00Z,2024-12-24T21:02:00Z,102.639525,102.687795,102.597211,102.645479,752467,USD,1d,partial_recovery,quantops_deterministic_synthetic_generator,True
1.0.0,5dbf2978-4a1a-5291-8049-2be36a3b1144,synthetic:1.0.0:QTECH:2024-12-25,QTECH,2024-12-25T21:00:00Z,2024-12-25T21:02:00Z,97.397185,97.937039,96.932989,97.472484,1745478,USD,1d,partial_recovery,quantops_deterministic_synthetic_generator,True
1.0.0,22ca38c4-4a68-54cd-ad4a-2ce86a537605,synthetic:1.0.0:QGOLD:2024-12-25,QGOLD,2024-12-25T21:00:00Z,2024-12-25T21:02:00Z,167.451786,168.493174,166.851029,167.890842,845503,USD,1d,partial_recovery,quantops_deterministic_synthetic_generator,True
1.0.0,ab590270-ce26-5ded-b648-3c25c504269e,synthetic:1.0.0:QWTI:2024-12-25,QWTI,2024-12-25T21:00:00Z,2024-12-25T21:02:00Z,43.811543,44.890896,43.436954,44.510333,2623953,USD,1d,partial_recovery,quantops_deterministic_synthetic_generator,True
1.0.0,a9c4d557-174a-5158-b008-987b0e7375be,synthetic:1.0.0:QCASH:2024-12-25,QCASH,2024-12-25T21:00:00Z,2024-12-25T21:02:00Z,102.644601,102.692363,102.604966,102.652724,894280,USD,1d,partial_recovery,quantops_deterministic_synthetic_generator,True
1.0.0,a4b4a6a5-b93a-54a6-86d1-51c71a047755,synthetic:1.0.0:QTECH:2024-12-26,QTECH,2024-12-26T21:00:00Z,2024-12-26T21:02:00Z,97.727738,98.172538,95.465158,95.901648,3940361,USD,1d,partial_recovery,quantops_deterministic_synthetic_generator,True
1.0.0,f5bf5138-a34c-5f34-801f-362572fba488,synthetic:1.0.0:QGOLD:2024-12-26,QGOLD,2024-12-26T21:00:00Z,2024-12-26T21:02:00Z,167.831189,168.445044,166.770200,167.382414,1257715,USD,1d,partial_recovery,quantops_deterministic_synthetic_generator,True
1.0.0,1b47b702-d55b-5eae-bf44-a9ec0113191c,synthetic:1.0.0:QWTI:2024-12-26,QWTI,2024-12-26T21:00:00Z,2024-12-26T21:02:00Z,44.579542,44.766667,43.861842,44.046731,2167550,USD,1d,partial_recovery,quantops_deterministic_synthetic_generator,True
1.0.0,38221525-8c7d-5db3-a94d-ce288b97230c,synthetic:1.0.0:QCASH:2024-12-26,QCASH,2024-12-26T21:00:00Z,2024-12-26T21:02:00Z,102.655249,102.697790,102.615685,102.658226,774501,USD,1d,partial_recovery,quantops_deterministic_synthetic_generator,True
1.0.0,3fb0c206-d47b-5df8-b94d-e64b305567d1,synthetic:1.0.0:QTECH:2024-12-27,QTECH,2024-12-27T21:00:00Z,2024-12-27T21:02:00Z,95.914770,96.865356,95.341990,96.290333,2371465,USD,1d,partial_recovery,quantops_deterministic_synthetic_generator,True
1.0.0,2d076528-2bcc-512a-90da-aab8095e0d93,synthetic:1.0.0:QGOLD:2024-12-27,QGOLD,2024-12-27T21:00:00Z,2024-12-27T21:02:00Z,167.290356,167.878943,166.515448,167.103378,1020171,USD,1d,partial_recovery,quantops_deterministic_synthetic_generator,True
1.0.0,fb8a2401-45e9-53df-9be6-d2af5c491f7c,synthetic:1.0.0:QWTI:2024-12-27,QWTI,2024-12-27T21:00:00Z,2024-12-27T21:02:00Z,43.973265,45.075871,43.728838,44.826700,2308041,USD,1d,partial_recovery,quantops_deterministic_synthetic_generator,True
1.0.0,33196e0f-3c54-5019-baea-b32d034105a8,synthetic:1.0.0:QCASH:2024-12-27,QCASH,2024-12-27T21:00:00Z,2024-12-27T21:02:00Z,102.659319,102.704980,102.621177,102.666835,1053032,USD,1d,partial_recovery,quantops_deterministic_synthetic_generator,True
1.0.0,7d19d13c-a1d9-5468-810d-984875dd59af,synthetic:1.0.0:QTECH:2024-12-30,QTECH,2024-12-30T21:00:00Z,2024-12-30T21:02:00Z,96.305194,97.536974,95.820145,97.048183,3124290,USD,1d,partial_recovery,quantops_deterministic_synthetic_generator,True
1.0.0,06bc25f8-ebcc-5de6-a6cf-d4ce608720f2,synthetic:1.0.0:QGOLD:2024-12-30,QGOLD,2024-12-30T21:00:00Z,2024-12-30T21:02:00Z,166.993969,167.444022,164.298470,164.742455,2176187,USD,1d,partial_recovery,quantops_deterministic_synthetic_generator,True
1.0.0,8df1e6a9-f149-50ef-9412-6cd0ac98967d,synthetic:1.0.0:QWTI:2024-12-30,QWTI,2024-12-30T21:00:00Z,2024-12-30T21:02:00Z,44.808712,45.325955,42.997379,43.499510,3813564,USD,1d,partial_recovery,quantops_deterministic_synthetic_generator,True
1.0.0,ee7c5eea-f553-5bba-965a-3c1b9b427e7c,synthetic:1.0.0:QCASH:2024-12-30,QCASH,2024-12-30T21:00:00Z,2024-12-30T21:02:00Z,102.668115,102.709856,102.628779,102.670519,617571,USD,1d,partial_recovery,quantops_deterministic_synthetic_generator,True
1.0.0,ab63533d-8759-58ff-83db-6a3cfd180995,synthetic:1.0.0:QTECH:2024-12-31,QTECH,2024-12-31T21:00:00Z,2024-12-31T21:02:00Z,97.498020,98.171309,94.798003,95.457199,4283398,USD,1d,partial_recovery,quantops_deterministic_synthetic_generator,True
1.0.0,89db0fd5-a049-5287-aa32-984c381a27b3,synthetic:1.0.0:QGOLD:2024-12-31,QGOLD,2024-12-31T21:00:00Z,2024-12-31T21:02:00Z,164.712512,165.256011,164.286736,164.829931,950688,USD,1d,partial_recovery,quantops_deterministic_synthetic_generator,True
1.0.0,db8da051-206e-52ae-ab47-8a89f0119fc4,synthetic:1.0.0:QWTI:2024-12-31,QWTI,2024-12-31T21:00:00Z,2024-12-31T21:02:00Z,43.561858,43.836240,42.712331,42.983067,1909624,USD,1d,partial_recovery,quantops_deterministic_synthetic_generator,True
1.0.0,a941d5c7-2a51-564c-bfe2-bd25534be233,synthetic:1.0.0:QCASH:2024-12-31,QCASH,2024-12-31T21:00:00Z,2024-12-31T21:02:00Z,102.668774,102.714990,102.630801,102.677015,834511,USD,1d,partial_recovery,quantops_deterministic_synthetic_generator,True
